blueWins,blueTotalGolds,blueTotalLevel,blueTotalMinionKills,blueTotalJungleMinionKills,blueTotalDamageToChampion,blueFirstBlood,blueKill,blueDeath,blueAssist,blueWardPlaced,blueWardKills,blueFirstTower,blueFirstInhibitor,blueTowerKills,blueMidTowerKills,blueTopTowerKills,blueBotTowerKills,blueInhibitor,blueFirstDragon,blueDragon,blueRiftHeralds,redTotalGolds,redTotalLevel,redTotalMinionKills,redTotalJungleMinionKills,redTotalDamageToChampion,redFirstBlood,redKill,redDeath,redAssist,redWardPlaced,redWardKills,redFirstTower,redFirstInhibitor,redTowerKills,redMidTowerKills,redTopTowerKills,redBotTowerKills,redInhibitor,redFirstDragon,redDragon,redRiftHeralds,blueWATER_DRAGON,blueFIRE_DRAGON,blueAIR_DRAGON,blueEARTH_DRAGON,blueCHEMTECH_DRAGON,blueHEXTECH_DRAGON,redWATER_DRAGON,redFIRE_DRAGON,redAIR_DRAGON,redEARTH_DRAGON,redCHEMTECH_DRAGON,redHEXTECH_DRAGON
0,19495,37,266,52,18584,0,11,13,7,28,3,0,0,0,0,0,0,0,0,0,1,28961,51,273,72,27642,1,13,11,11,33,5,1,0,1,0,0,1,0,0,0,0,0,0,0,0,0,0,0,0,0,0,0,0
0,19793,36,250,54,21315,1,12,14,8,52,3,0,0,0,0,0,0,0,0,0,1,29931,52,332,87,26069,0,14,12,8,22,21,0,0,0,0,0,0,0,1,1,0,0,0,0,0,0,0,0,0,1,0,0,0
0,21005,37,328,76,21303,0,8,7,4,33,3,0,0,0,0,0,0,0,0,0,1,25222,49,289,80,19693,1,7,8,7,16,1,0,0,0,0,0,0,0,1,1,0,0,0,0,0,0,0,0,0,0,0,0,1
1,21527,38,326,84,22546,1,9,4,4,33,6,1,0,1,0,1,0,0,1,1,0,26513,49,338,80,20150,0,4,9,6,24,3,0,0,1,0,0,1,0,0,0,1,1,0,0,0,0,0,0,0,0,0,0,0
1,20274,38,273,64,23209,0,11,16,6,29,3,0,0,0,0,0,0,0,1,1,0,30661,51,286,88,32886,1,16,11,4,13,3,1,0,3,0,2,1,0,0,0,1,0,0,0,0,0,1,0,0,0,0,0,0
1,22259,38,305,84,23222,1,12,3,11,0,5,1,0,1,0,1,0,0,1,1,0,24809,50,330,54,29548,0,3,12,3,0,3,0,0,0,0,0,0,0,0,0,0,0,1,0,0,0,0,0,0,0,0,0,0
0,19789,34,221,80,13129,1,7,17,6,57,3,0,0,0,0,0,0,0,0,0,1,30919,55,367,79,35575,0,17,7,13,26,20,1,0,2,0,1,1,0,1,1,0,0,0,0,0,0,0,0,0,0,0,1,0
0,19157,36,297,76,19166,0,8,14,4,23,2,0,0,0,0,0,0,0,0,0,0,29502,48,280,60,29567,1,14,8,16,323,9,1,0,1,0,0,1,0,1,2,1,0,0,0,0,0,0,0,0,1,1,0,0
0,21281,35,211,79,21680,0,15,15,5,16,4,1,0,1,0,1,0,0,0,0,0,29507,49,338,68,29454,1,15,15,14,18,5,0,0,0,0,0,0,0,1,1,1,0,0,0,0,0,0,0,0,0,0,1,0
1,20766,35,281,68,19353,0,10,9,12,28,6,1,0,1,1,0,0,0,1,1,0,27491,51,331,64,21231,1,9,10,6,27,4,0,0,1,0,1,0,0,0,0,1,0,0,0,0,0,1,0,0,0,0,0,0
1,25025,39,285,79,27367,0,17,7,17,0,9,0,0,1,1,0,0,0,1,2,1,25143,50,306,48,18018,1,7,17,3,0,3,1,0,1,0,0,1,0,0,0,0,1,0,0,0,0,1,0,0,0,0,0,0
0,19922,37,269,100,19276,0,8,10,5,22,4,0,0,0,0,0,0,0,1,1,0,27336,51,275,80,24172,1,10,8,12,26,4,1,0,1,0,0,1,0,0,0,1,0,0,0,0,1,0,0,0,0,0,0,0
0,21504,38,274,76,22641,0,11,5,9,138,10,1,0,1,0,1,0,0,0,0,1,24214,48,258,76,25915,1,5,11,4,22,8,0,0,0,0,0,0,0,1,1,0,0,0,0,0,0,0,1,0,0,0,0,0
1,22040,38,310,64,19796,0,15,10,12,26,9,0,0,1,0,0,1,0,1,1,0,30301,53,305,84,31267,1,10,15,7,21,5,1,0,1,1,0,0,0,0,0,1,0,0,1,0,0,0,0,0,0,0,0,0
1,22280,37,266,63,22175,0,14,12,12,0,4,0,0,0,0,0,0,0,0,0,0,28318,50,322,68,31561,1,12,14,10,0,10,0,0,0,0,0,0,0,1,1,0,0,0,0,0,0,0,0,0,1,0,0,0
0,22313,35,266,67,28820,0,16,17,16,60,0,0,0,0,0,0,0,0,0,0,0,29378,51,274,68,29208,1,17,16,14,27,30,0,0,0,0,0,0,0,1,1,1,0,0,0,0,0,0,0,1,0,0,0,0
0,18110,35,244,40,19979,1,7,11,8,39,33,0,0,0,0,0,0,0,1,1,1,27949,51,326,91,27336,0,11,7,9,83,6,0,0,0,0,0,0,0,0,1,0,0,0,0,0,1,0,1,0,0,0,0,0
0,16586,34,283,48,17266,0,4,20,3,15,4,0,0,0,0,0,0,0,0,0,0,33710,51,312,78,30822,1,20,4,17,22,1,1,0,2,0,1,1,0,0,0,1,0,0,0,0,0,0,0,0,0,0,0,0
1,22536,37,262,68,27902,0,19,10,22,25,4,0,0,0,0,0,0,0,0,0,0,27229,49,253,60,29190,1,10,19,14,181,5,0,0,0,0,0,0,0,0,0,1,0,0,0,0,0,0,0,0,0,0,0,0
1,17193,35,220,60,16666,0,7,8,6,26,3,0,0,0,0,0,0,0,1,1,1,23892,47,272,60,18868,1,8,7,7,32,3,0,0,0,0,0,0,0,0,0,0,0,1,0,0,0,0,0,0,0,0,0,0
0,17841,37,262,68,13023,1,6,9,5,27,5,0,0,0,0,0,0,0,0,0,0,28829,52,333,75,25366,0,9,6,9,25,6,1,0,1,0,0,1,0,1,1,1,0,0,0,0,0,0,0,0,0,0,0,1
0,19042,37,264,96,22340,0,8,9,4,22,6,0,0,0,0,0,0,0,0,0,0,27158,53,302,84,29274,1,9,8,4,21,7,1,0,1,1,0,0,0,1,1,1,0,0,0,0,0,0,0,1,0,0,0,0
0,18836,36,263,64,16854,0,10,13,9,17,4,0,0,0,0,0,0,0,1,1,1,28646,48,280,96,24017,1,13,10,3,36,3,1,0,1,0,0,1,0,0,0,0,0,0,0,0,1,0,0,0,0,0,0,0
0,22294,38,339,82,24210,1,12,10,8,201,3,0,0,0,0,0,0,0,1,1,0,29416,53,302,79,27683,0,10,12,7,25,1,1,0,1,0,0,1,0,0,0,1,0,0,0,1,0,0,0,0,0,0,0,0
0,17360,35,300,68,16895,0,3,13,8,16,4,0,0,0,0,0,0,0,0,0,0,29103,52,370,79,23877,1,13,3,27,23,9,0,0,0,0,0,0,0,1,1,1,0,0,0,0,0,0,0,0,0,1,0,0
0,19605,35,245,44,21351,1,10,11,13,0,9,0,0,0,0,0,0,0,0,0,0,28289,51,302,56,32047,0,11,10,10,0,7,0,0,0,0,0,0,0,0,0,0,0,0,0,0,0,0,0,0,0,0,0,0
1,23309,39,349,72,25977,1,18,3,10,30,6,1,0,1,0,0,1,0,1,1,0,24355,50,274,48,20742,0,3,18,3,29,5,0,0,0,0,0,0,0,0,0,0,0,0,0,0,0,1,0,0,0,0,0,0
0,19788,35,231,76,22220,1,10,15,9,16,6,0,0,0,0,0,0,0,0,0,0,29525,52,307,64,34721,0,15,10,9,25,2,1,0,1,1,0,0,0,0,0,0,0,0,0,0,0,0,0,0,0,0,0,0
0,16757,36,246,81,12954,0,3,9,1,21,3,0,0,0,0,0,0,0,0,0,0,28391,51,365,72,18804,1,9,3,9,22,7,1,0,1,0,0,1,0,1,1,1,0,0,0,0,0,0,0,0,0,0,1,0
1,20367,36,283,63,16777,0,9,5,10,29,24,1,0,1,0,0,1,0,1,1,1,26465,52,318,71,26094,1,5,9,6,61,4,0,0,1,1,0,0,0,0,0,0,0,1,0,0,0,0,0,0,0,0,0,0
1,22588,35,248,63,25780,0,16,14,18,21,7,0,0,0,0,0,0,0,0,0,0,29470,49,312,72,32343,1,14,16,15,32,3,0,0,0,0,0,0,0,1,1,0,0,0,0,0,0,0,0,1,0,0,0,0
0,19274,34,218,64,19306,1,11,16,9,24,2,0,0,0,0,0,0,0,1,2,1,31372,52,272,70,37989,0,16,11,14,95,3,1,0,2,0,1,1,0,0,0,0,0,1,0,0,1,0,0,0,0,0,0,0
1,20572,34,255,56,22805,0,14,10,6,26,9,1,0,1,1,0,0,0,0,0,0,26233,48,210,52,28978,1,10,14,9,25,4,0,0,0,0,0,0,0,0,0,1,0,0,0,0,0,0,0,0,0,0,0,0
1,21370,38,268,79,24070,0,13,9,14,0,2,0,0,0,0,0,0,0,1,1,0,26399,47,245,58,25264,1,9,13,5,0,2,1,0,1,0,1,0,0,0,0,1,0,0,1,0,0,0,0,0,0,0,0,0
0,18818,35,291,84,13198,1,4,9,4,32,3,0,0,0,0,0,0,0,1,1,1,24980,51,279,60,26213,0,9,4,12,25,5,0,0,0,0,0,0,0,0,0,0,0,0,1,0,0,0,0,0,0,0,0,0
1,21198,35,231,60,22791,1,16,12,17,64,0,0,0,0,0,0,0,0,0,0,1,27778,49,298,56,33736,0,12,16,13,228,6,1,0,1,0,1,0,0,1,2,0,0,0,0,0,0,0,0,0,0,1,0,1
0,17470,33,234,64,15346,0,7,14,8,25,6,0,0,0,0,0,0,0,0,0,0,30643,51,365,72,28944,1,14,7,15,40,8,1,0,1,0,1,0,0,1,2,0,0,0,0,0,0,0,0,0,0,1,1,0
0,20620,35,270,66,22580,0,12,19,7,22,5,0,0,0,0,0,0,0,1,1,0,32060,50,282,80,39441,1,19,12,10,22,3,1,0,1,1,0,0,0,0,1,1,1,0,0,0,0,0,0,0,0,0,0,1
1,21634,37,293,63,26100,0,15,8,14,22,9,0,0,0,0,0,0,0,1,1,0,24119,50,246,72,27405,1,8,15,7,25,1,0,0,0,0,0,0,0,0,0,0,0,0,0,1,0,0,0,0,0,0,0,0
1,22842,36,280,88,19838,1,13,4,14,25,4,1,0,1,1,0,0,0,1,1,1,23979,49,293,64,21373,0,4,13,6,20,2,0,0,0,0,0,0,0,0,0,0,0,1,0,0,0,0,0,0,0,0,0,0
0,20908,36,267,84,21028,0,12,6,11,22,6,0,0,0,0,0,0,0,0,0,1,24979,50,329,64,21282,1,6,12,4,27,6,0,0,0,0,0,0,0,1,1,0,0,0,0,0,0,0,0,0,0,0,1,0
0,16408,35,230,58,17153,0,7,10,5,140,4,0,0,0,0,0,0,0,0,0,0,27753,49,288,50,27522,1,10,7,9,44,3,1,0,1,0,0,1,0,1,1,1,0,0,0,0,0,0,0,1,0,0,0,0
0,22064,36,309,64,22229,1,15,16,7,40,2,1,0,1,0,1,0,0,0,0,0,28449,49,226,68,31802,0,16,15,8,35,3,0,0,0,0,0,0,0,1,1,0,0,0,0,0,0,0,0,0,0,1,0,0
1,19625,36,244,44,24405,0,14,16,8,14,3,1,0,1,0,0,1,0,0,0,1,30888,53,336,80,36255,1,16,14,12,22,4,0,0,0,0,0,0,0,1,1,0,0,0,0,0,0,0,0,0,1,0,0,0
0,21230,36,250,68,21949,1,15,13,11,30,7,0,0,0,0,0,0,0,0,0,1,31449,51,345,84,29760,0,13,15,14,28,11,1,0,1,1,0,0,0,0,0,0,0,0,0,0,0,0,0,0,0,0,0,0
1,19079,36,282,51,16678,0,8,8,10,27,8,0,0,0,0,0,0,0,0,0,0,26579,50,346,68,24099,1,8,8,7,26,7,0,0,0,0,0,0,0,1,1,1,0,0,0,0,0,0,0,0,0,1,0,0
1,18316,36,262,64,17746,1,8,11,3,23,25,0,0,0,0,0,0,0,0,0,0,26785,51,277,68,29510,0,11,8,8,62,10,1,0,1,0,0,1,0,1,1,1,0,0,0,0,0,0,0,0,1,0,0,0
0,22356,38,263,62,23534,1,17,15,14,37,6,0,0,0,0,0,0,0,0,0,0,29396,51,319,40,41676,0,15,17,16,27,2,0,0,0,0,0,0,0,0,0,1,0,0,0,0,0,0,0,0,0,0,0,0
0,19171,35,193,76,17425,1,9,12,14,28,3,0,0,0,0,0,0,0,0,0,1,29310,49,293,66,36713,0,12,9,15,24,9,1,0,1,0,0,1,0,1,1,0,0,0,0,0,0,0,0,0,1,0,0,0
0,19854,33,239,79,15680,0,10,17,11,20,1,0,0,0,0,0,0,0,0,0,1,33025,53,354,72,34565,1,17,10,15,25,3,1,0,2,0,1,1,0,0,0,0,0,0,0,0,0,0,0,0,0,0,0,0
0,18727,36,296,83,15960,0,4,12,2,21,3,0,0,0,0,0,0,0,0,0,1,25731,50,299,76,27546,1,12,4,14,39,3,0,0,0,0,0,0,0,1,1,0,0,0,0,0,0,0,0,1,0,0,0,0
1,20886,35,322,50,20719,1,11,12,12,24,1,0,0,0,0,0,0,0,1,1,1,26862,50,291,70,27239,0,12,11,17,62,8,0,0,0,0,0,0,0,0,1,0,0,0,0,0,1,0,0,0,0,0,0,1
1,24538,38,285,59,34120,1,22,14,14,18,1,1,0,1,0,1,0,0,0,0,1,28837,47,225,60,34471,0,14,22,12,19,3,0,0,0,0,0,0,0,1,1,0,0,0,0,0,0,0,0,0,0,0,1,0
0,16563,34,237,56,12717,1,4,17,2,18,2,0,0,0,0,0,0,0,0,0,0,31339,52,349,88,31215,0,17,4,9,28,2,1,0,1,0,1,0,0,1,1,1,0,0,0,0,0,0,0,0,1,0,0,0
0,19461,38,293,83,13045,0,6,13,6,23,2,0,0,0,0,0,0,0,0,0,0,29455,52,357,70,29455,1,13,6,12,22,6,0,0,0,0,0,0,0,1,1,1,0,0,0,0,0,0,0,0,0,0,0,1
0,16990,35,237,60,20429,0,8,17,7,17,4,0,0,0,0,0,0,0,1,1,0,31267,53,321,90,32928,1,17,8,11,30,1,1,0,1,0,1,0,0,0,0,0,0,0,0,1,0,0,0,0,0,0,0,0
0,18369,34,261,60,20293,0,5,12,8,27,7,1,0,1,0,0,1,0,0,0,0,27951,49,279,67,29280,1,12,5,9,28,9,0,0,1,0,1,0,0,0,0,0,0,0,0,0,0,0,0,0,0,0,0,0
0,20729,37,333,86,19197,0,6,12,4,20,5,1,0,1,0,1,0,0,0,0,1,26693,49,311,66,25235,1,12,6,18,24,1,0,0,0,0,0,0,0,1,1,0,0,0,0,0,0,0,1,0,0,0,0,0
0,16968,36,267,80,18845,1,5,8,2,22,4,0,0,0,0,0,0,0,0,0,1,24425,47,308,44,25810,0,8,5,9,43,4,0,0,0,0,0,0,0,1,1,0,0,0,0,0,0,0,1,0,0,0,0,0
1,20242,35,267,92,21110,0,10,13,8,18,1,0,0,0,0,0,0,0,0,0,0,29725,52,255,76,26717,1,13,10,8,22,4,1,0,2,1,0,1,0,1,1,1,0,0,0,0,0,0,0,0,0,1,0,0
0,18393,36,316,58,15774,0,4,10,3,22,5,0,0,0,0,0,0,0,0,0,0,26289,52,295,76,19486,1,10,4,12,26,4,0,0,0,0,0,0,0,1,1,1,0,0,0,0,0,0,0,0,1,0,0,0
1,20687,34,230,76,21953,1,11,11,15,22,6,0,0,0,0,0,0,0,0,0,1,28054,51,294,68,24439,0,11,11,8,25,2,0,0,0,0,0,0,0,1,1,0,0,0,0,0,0,0,0,0,0,0,1,0
0,19761,36,247,76,18882,1,11,10,7,34,6,0,0,0,0,0,0,0,0,1,0,26086,50,269,56,29071,0,10,11,7,27,2,0,0,0,0,0,0,0,1,1,1,0,0,0,0,1,0,1,0,0,0,0,0
1,21008,39,311,76,19767,1,14,2,9,0,7,0,0,0,0,0,0,0,1,2,0,22699,51,295,72,22488,0,2,14,1,0,2,0,0,0,0,0,0,0,0,0,0,1,0,0,0,1,0,0,0,0,0,0,0
1,22205,38,317,96,21198,1,13,7,6,23,5,1,0,1,0,1,0,0,1,2,1,26015,49,303,76,21931,0,7,13,6,23,9,0,0,0,0,0,0,0,0,0,0,0,0,0,0,1,1,0,0,0,0,0,0
1,19848,34,223,60,20157,1,13,10,13,42,6,1,0,1,0,0,1,0,1,1,1,28284,50,284,68,30960,0,10,13,8,25,6,0,0,0,0,0,0,0,0,0,0,0,0,0,0,0,1,0,0,0,0,0,0
1,20253,37,271,80,27199,1,13,15,16,22,0,0,0,0,0,0,0,0,0,1,0,28149,51,257,67,32878,0,15,13,19,37,0,0,0,0,0,0,0,0,1,1,0,0,0,0,0,0,1,0,1,0,0,0,0
1,19008,35,236,63,22667,0,12,17,15,22,2,0,0,0,0,0,0,0,1,1,0,30055,53,282,60,39360,1,17,12,7,21,3,0,0,0,0,0,0,0,0,0,0,0,1,0,0,0,0,0,0,0,0,0,0
0,19095,36,268,79,13355,1,6,11,7,23,4,1,0,1,0,0,1,0,0,0,1,28113,50,313,76,23158,0,11,6,14,19,6,0,0,0,0,0,0,0,1,2,0,0,0,0,0,0,0,1,0,0,0,0,1
1,16858,35,228,52,17126,1,9,7,5,21,22,0,0,0,0,0,0,0,0,0,0,27714,51,319,63,29527,0,7,9,4,60,5,1,0,1,0,0,1,0,1,1,0,0,0,0,0,0,0,1,0,0,0,0,0
0,18462,36,233,84,17387,1,7,14,8,0,3,0,0,0,0,0,0,0,1,1,0,29501,52,334,71,27453,0,14,7,13,0,1,1,0,1,0,0,1,0,0,0,1,0,0,0,0,1,0,0,0,0,0,0,0
1,19935,35,302,72,19683,0,8,15,4,19,4,0,0,0,0,0,0,0,0,0,1,28424,53,320,79,30780,1,15,8,13,25,3,0,0,0,0,0,0,0,1,1,0,0,0,0,0,0,0,0,1,0,0,0,0
0,19225,35,261,76,17378,0,10,13,3,34,1,0,0,0,0,0,0,0,0,0,0,27968,49,289,56,34195,1,13,10,10,19,5,0,0,0,0,0,0,0,1,1,1,0,0,0,0,0,0,0,0,1,0,0,0
0,19969,34,252,60,22798,0,13,23,11,22,6,0,0,0,0,0,0,0,0,0,0,34012,50,288,61,42576,1,23,13,20,22,6,1,0,1,0,1,0,0,0,0,1,0,0,0,0,0,0,0,0,0,0,0,0
1,23403,36,269,62,30054,1,19,6,21,30,1,1,0,2,2,0,0,0,1,1,1,25870,48,253,74,28523,0,6,19,5,22,6,0,0,0,0,0,0,0,0,0,0,0,0,0,0,1,0,0,0,0,0,0,0
1,21227,37,333,60,20461,0,12,10,11,27,6,0,0,0,0,0,0,0,0,1,0,27280,51,300,73,26975,1,10,12,5,27,3,0,0,0,0,0,0,0,1,1,1,0,0,1,0,0,0,0,0,0,0,1,0
1,20865,36,286,72,21986,1,10,12,12,19,4,0,0,0,0,0,0,0,1,1,1,26861,50,317,66,25933,0,12,10,10,21,3,0,0,0,0,0,0,0,0,0,0,0,0,1,0,0,0,0,0,0,0,0,0
1,25426,38,329,60,21308,1,16,3,13,0,6,1,0,3,0,2,1,0,0,0,1,25245,50,291,60,21314,0,3,16,3,0,2,0,0,0,0,0,0,0,0,0,0,0,0,0,0,0,0,0,0,0,0,0,0
0,20710,36,263,52,27168,1,11,10,15,0,4,0,0,0,0,0,0,0,0,0,1,27427,52,318,68,29323,0,10,11,5,0,2,0,0,0,0,0,0,0,1,1,0,0,0,0,0,0,0,0,0,0,1,0,0
0,19602,35,244,80,18724,1,10,16,12,21,3,0,0,0,0,0,0,0,0,0,0,31308,52,328,64,35433,0,16,10,12,27,6,1,0,1,0,0,1,0,1,1,0,0,0,0,0,0,0,0,0,0,0,0,1
0,19595,35,238,64,21729,1,13,11,16,25,6,0,0,0,0,0,0,0,0,0,0,26610,48,280,40,33272,0,11,13,14,322,4,0,0,0,0,0,0,0,0,0,1,0,0,0,0,0,0,0,0,0,0,0,0
0,17345,33,228,64,14615,0,7,10,8,42,5,0,0,0,0,0,0,0,0,0,0,29639,53,360,76,31578,1,10,7,6,23,11,1,0,2,1,1,0,0,1,1,1,0,0,0,0,0,0,0,0,0,0,1,0
0,19076,34,259,60,19980,0,11,18,5,34,3,0,0,0,0,0,0,0,1,1,0,32497,53,321,84,27233,1,18,11,16,30,13,1,0,1,0,1,0,0,0,1,1,0,0,0,0,0,1,0,1,0,0,0,0
0,18329,34,255,76,20110,0,8,16,6,44,5,0,0,0,0,0,0,0,1,1,0,29970,55,328,80,30191,1,16,8,9,25,7,1,0,1,0,1,0,0,0,0,0,0,0,0,0,1,0,0,0,0,0,0,0
1,20668,35,277,64,22596,0,10,14,12,27,9,0,0,0,0,0,0,0,0,0,0,30000,50,316,72,27279,1,14,10,8,29,6,1,0,1,0,1,0,0,0,0,1,0,0,0,0,0,0,0,0,0,0,0,0
1,20414,36,276,76,23442,1,13,4,13,26,7,0,0,0,0,0,0,0,1,1,0,24453,49,297,56,21807,0,4,13,3,25,8,0,0,0,0,0,0,0,0,0,0,0,0,0,0,0,1,0,0,0,0,0,0
1,20095,35,220,72,17883,1,16,6,19,26,9,0,0,0,0,0,0,0,0,0,1,26575,50,316,63,25178,0,6,16,5,60,8,0,0,0,0,0,0,0,1,1,0,0,0,0,0,0,0,0,0,0,1,0,0
0,18699,36,269,52,22348,1,12,15,10,17,30,0,0,0,0,0,0,0,0,0,0,31169,53,287,68,35466,0,15,12,10,161,5,0,0,0,0,0,0,0,0,0,0,0,0,0,0,0,0,0,0,0,0,0,0
1,24301,36,257,68,18184,1,23,7,22,33,9,1,0,2,0,1,1,0,1,2,1,29051,49,284,58,30180,0,7,23,4,33,5,0,0,0,0,0,0,0,0,0,0,0,0,0,1,0,1,0,0,0,0,0,0
1,22785,38,270,91,21476,1,14,3,10,24,3,1,0,1,0,0,1,0,1,1,1,24411,49,313,60,19631,0,3,14,2,20,4,0,0,0,0,0,0,0,0,0,0,0,1,0,0,0,0,0,0,0,0,0,0
1,20195,37,354,79,14798,1,8,4,5,25,5,1,0,1,1,0,0,0,0,0,0,25171,49,318,53,19540,0,4,8,5,23,2,0,0,0,0,0,0,0,0,0,0,0,0,0,0,0,0,0,0,0,0,0,0
0,21591,37,255,76,23579,1,13,14,8,20,29,1,0,1,0,1,0,0,0,0,1,28416,50,285,52,41381,0,14,13,15,521,2,0,0,0,0,0,0,0,1,2,0,0,0,0,0,0,0,0,0,0,1,1,0
0,19544,37,312,68,18329,0,8,6,2,0,3,0,0,0,0,0,0,0,0,0,0,23350,49,241,74,23170,1,6,8,4,0,2,0,0,0,0,0,0,0,0,0,0,0,0,0,0,0,0,0,0,0,0,0,0
1,24001,38,318,60,21803,1,11,5,11,24,3,1,0,3,1,2,0,0,0,1,0,22456,48,262,60,22109,0,5,11,2,278,4,0,0,1,0,1,0,0,1,1,1,0,0,0,1,0,0,0,0,1,0,0,0
1,21716,37,294,80,25529,0,15,6,14,16,7,0,0,0,0,0,0,0,0,0,1,23580,47,273,52,26716,1,6,15,3,17,8,0,0,0,0,0,0,0,1,1,0,0,0,0,0,0,0,0,0,0,1,0,0
1,19106,36,292,68,18634,1,8,5,9,56,3,0,0,0,0,0,0,0,1,1,1,24502,51,325,56,21997,0,5,8,5,24,17,0,0,0,0,0,0,0,0,0,0,0,0,1,0,0,0,0,0,0,0,0,0
1,23117,36,182,103,24758,1,21,4,26,65,5,1,0,3,1,1,1,0,0,0,0,26673,48,363,32,31525,0,4,21,4,20,0,0,0,0,0,0,0,0,0,0,0,0,0,0,0,0,0,0,0,0,0,0,0
0,15290,33,228,56,20085,0,5,20,3,80,7,0,0,0,0,0,0,0,0,0,0,33993,53,320,68,34808,1,20,5,15,25,32,1,0,1,0,0,1,0,1,1,1,0,0,0,0,0,0,0,0,1,0,0,0
1,22837,36,295,64,20814,0,13,10,13,30,3,1,0,1,0,1,0,0,1,2,0,28661,51,332,92,22061,1,10,13,12,24,6,0,0,0,0,0,0,0,0,0,1,1,1,0,0,0,0,0,0,0,0,0,0
0,18439,35,207,56,21536,0,12,11,9,18,4,0,0,0,0,0,0,0,1,1,0,29861,48,284,48,31026,1,11,12,14,26,2,1,0,1,1,0,0,0,0,0,1,0,0,0,0,1,0,0,0,0,0,0,0
1,21502,38,293,76,25372,1,13,10,9,26,5,0,0,0,0,0,0,0,0,0,0,25997,51,313,72,29849,0,10,13,7,22,4,0,0,0,0,0,0,0,1,1,1,0,0,0,0,0,0,0,1,0,0,0,0
0,14070,29,138,78,9498,0,4,14,2,8,2,0,0,0,0,0,0,0,0,0,1,32333,53,367,73,22392,1,14,4,13,17,2,1,0,3,0,1,2,0,0,0,0,0,0,0,0,0,0,0,0,0,0,0,0
1,18110,35,291,51,19130,1,8,7,7,13,2,0,0,0,0,0,0,0,0,0,0,25507,51,278,76,25052,0,7,8,4,18,1,1,0,1,0,1,0,0,0,0,1,0,0,0,0,0,0,0,0,0,0,0,0
1,23963,36,282,80,26080,1,20,13,18,20,4,0,0,0,0,0,0,0,1,1,0,29612,50,273,50,32355,0,13,20,15,21,3,0,0,0,0,0,0,0,0,0,1,0,0,0,1,0,0,0,0,0,0,0,0
0,20315,35,235,79,21590,0,10,15,5,167,9,0,0,0,0,0,0,0,1,1,1,31059,51,337,47,31370,1,15,10,17,28,1,1,0,1,0,1,0,0,0,0,0,0,1,0,0,0,0,0,0,0,0,0,0
1,20836,38,348,72,12570,1,10,5,6,130,9,0,0,0,0,0,0,0,0,0,0,25225,52,306,96,23651,0,5,10,4,41,6,0,0,0,0,0,0,0,1,1,0,0,0,0,0,0,0,0,0,0,1,0,0
1,20540,37,268,71,24479,1,14,9,4,24,3,0,0,0,0,0,0,0,1,1,0,25229,50,231,72,28995,0,9,14,5,21,3,0,0,0,0,0,0,0,0,0,0,0,0,0,1,0,0,0,0,0,0,0,0
0,19999,34,206,48,24466,1,14,19,17,0,6,0,0,0,0,0,0,0,0,0,0,32976,52,314,60,37976,0,19,14,24,0,7,1,0,1,0,1,0,0,0,0,1,0,0,0,0,0,0,0,0,0,0,0,0
1,23029,35,316,60,22292,1,14,9,17,32,8,0,0,1,0,0,1,0,1,2,1,28820,50,366,60,25297,0,9,14,10,30,6,1,0,1,0,1,0,0,0,0,0,0,1,1,0,0,0,0,0,0,0,0,0
0,20244,35,237,57,21234,1,11,16,7,16,3,1,0,1,0,1,0,0,0,0,0,29695,47,285,75,30518,0,16,11,19,28,3,0,0,1,0,0,1,0,1,1,1,0,0,0,0,0,0,0,0,0,1,0,0
1,22724,38,297,68,23363,0,16,12,13,32,5,0,0,0,0,0,0,0,0,0,0,28638,51,315,52,29847,1,12,16,9,22,6,0,0,0,0,0,0,0,1,1,1,0,0,0,0,0,0,0,0,1,0,0,0
1,22409,36,265,66,22503,1,13,10,17,23,5,0,0,1,1,0,0,0,0,0,1,28791,50,337,40,24451,0,10,13,8,24,6,1,0,1,0,1,0,0,0,0,0,0,0,0,0,0,0,0,0,0,0,0,0
0,20371,32,192,44,22926,0,16,17,16,30,5,0,0,0,0,0,0,0,0,0,0,32895,49,312,68,33819,1,17,16,15,37,4,1,0,1,0,1,0,0,0,0,1,0,0,0,0,0,0,0,0,0,0,0,0
0,20265,36,306,68,18302,1,7,5,10,42,3,0,0,0,0,0,0,0,1,1,1,23865,48,303,64,21564,0,5,7,6,22,3,0,0,0,0,0,0,0,0,0,0,0,0,0,0,1,0,0,0,0,0,0,0
1,22776,38,312,68,30313,1,16,13,15,28,6,0,0,0,0,0,0,0,1,1,0,28566,50,283,51,27138,0,13,16,11,21,5,0,0,0,0,0,0,0,0,0,0,0,1,0,0,0,0,0,0,0,0,0,0
1,20753,39,330,68,20750,1,12,10,7,28,7,0,0,0,0,0,0,0,0,0,0,26023,50,294,76,27515,0,10,12,5,27,6,0,0,0,0,0,0,0,1,1,1,0,0,0,0,0,0,1,0,0,0,0,0
0,20467,38,318,67,28678,1,13,9,12,33,4,0,0,0,0,0,0,0,0,0,0,25937,53,329,75,26880,0,9,13,5,19,4,0,0,0,0,0,0,0,1,1,0,0,0,0,0,0,0,0,1,0,0,0,0
1,23355,37,285,64,30522,0,19,12,16,29,8,1,0,1,0,0,1,0,0,0,0,30918,48,314,64,32276,1,12,19,13,22,2,0,0,0,0,0,0,0,0,0,0,0,0,0,0,0,0,0,0,0,0,0,0
1,21107,36,242,75,19182,1,14,8,11,30,8,0,0,0,0,0,0,0,1,1,1,27115,47,282,64,27222,0,8,14,8,27,10,1,0,1,0,1,0,0,0,0,0,0,0,0,0,0,1,0,0,0,0,0,0
1,22508,36,332,52,26393,1,14,4,4,25,5,1,0,1,0,0,1,0,1,1,1,24128,48,300,71,22642,0,4,14,4,20,3,0,0,0,0,0,0,0,0,0,0,0,0,0,1,0,0,0,0,0,0,0,0
0,22736,37,222,80,27339,1,16,11,12,19,2,1,0,1,1,0,0,0,0,0,0,26360,49,290,68,30617,0,11,16,11,20,6,0,0,0,0,0,0,0,1,1,0,0,0,0,0,0,0,0,0,1,0,0,0
0,20761,36,295,60,18405,0,9,9,10,0,6,0,0,0,0,0,0,0,0,0,1,26082,52,305,88,28435,1,9,9,5,0,5,0,0,0,0,0,0,0,1,1,0,0,0,0,0,0,0,0,1,0,0,0,0
1,19875,36,258,74,21976,0,13,7,6,32,6,0,0,0,0,0,0,0,0,0,0,24994,49,249,84,23302,1,7,13,0,30,7,0,0,0,0,0,0,0,1,1,1,0,0,0,0,0,0,0,0,0,1,0,0
0,19756,39,274,91,22247,1,12,7,4,27,4,0,0,0,0,0,0,0,1,1,0,25773,49,271,68,27931,0,7,12,6,18,7,0,0,0,0,0,0,0,0,0,1,0,0,0,1,0,0,0,0,0,0,0,0
1,24724,38,317,89,23116,1,13,13,3,18,1,1,0,3,1,2,0,0,0,0,1,27942,51,250,70,28766,0,13,13,18,25,2,0,0,0,0,0,0,0,0,0,0,0,0,0,0,0,0,0,0,0,0,0,0
1,18895,36,277,77,21157,0,7,10,5,279,4,0,0,0,0,0,0,0,0,0,1,26453,51,319,34,22692,1,10,7,10,17,10,0,0,0,0,0,0,0,0,0,0,0,0,0,0,0,0,0,0,0,0,0,0
0,19699,36,260,84,20256,0,6,17,10,21,2,0,0,0,0,0,0,0,0,0,0,29840,50,306,64,36619,1,17,6,18,23,5,0,0,0,0,0,0,0,1,1,1,0,0,0,0,0,0,1,0,0,0,0,0
1,21837,36,253,56,22652,0,17,9,15,24,8,0,0,0,0,0,0,0,1,2,1,27269,51,323,56,27041,1,9,17,7,32,7,0,0,0,0,0,0,0,0,0,0,0,0,0,1,0,1,0,0,0,0,0,0
0,20497,35,237,62,21948,1,11,11,10,24,4,1,0,1,0,1,0,0,0,0,1,27229,50,266,69,29239,0,11,11,8,26,3,0,0,0,0,0,0,0,0,0,0,0,0,0,0,0,0,0,0,0,0,0,0
1,20308,34,289,44,17952,1,11,15,12,67,1,0,0,0,0,0,0,0,1,1,0,29028,50,283,64,31382,0,15,11,12,15,22,1,0,1,0,1,0,0,0,0,1,0,0,0,0,1,0,0,0,0,0,0,0
0,21655,36,269,70,22129,0,13,13,10,17,3,1,0,1,0,1,0,0,1,1,1,28529,50,311,56,29892,1,13,13,8,28,3,0,0,0,0,0,0,0,0,0,0,0,1,0,0,0,0,0,0,0,0,0,0
0,20201,35,261,56,19470,0,10,17,12,17,3,0,0,0,0,0,0,0,1,1,0,32242,53,330,84,32476,1,17,10,7,24,2,1,0,2,0,2,0,0,0,0,1,0,1,0,0,0,0,0,0,0,0,0,0
0,17191,37,269,56,16039,0,7,11,3,15,2,0,0,0,0,0,0,0,1,2,0,30256,52,366,84,22616,1,11,7,10,18,4,1,0,1,0,1,0,0,0,0,1,0,1,0,1,0,0,0,0,0,0,0,0
1,19158,35,254,64,25603,0,12,17,10,35,2,0,0,0,0,0,0,0,1,1,0,31963,52,265,76,35504,1,17,12,16,21,0,1,0,1,0,1,0,0,0,0,0,0,0,0,0,1,0,0,0,0,0,0,0
1,20647,34,193,60,22683,0,13,10,11,26,3,1,0,1,1,0,0,0,1,1,0,26147,49,295,58,30038,1,10,13,7,17,3,0,0,0,0,0,0,0,0,0,0,0,0,0,0,0,1,0,0,0,0,0,0
1,18888,37,298,84,19746,0,9,8,10,337,5,0,0,0,0,0,0,0,1,1,0,26865,50,351,52,24415,1,8,9,8,24,3,0,0,0,0,0,0,0,0,0,1,0,1,0,0,0,0,0,0,0,0,0,0
1,19880,35,261,64,23171,1,10,14,10,25,4,0,0,0,0,0,0,0,1,1,1,29323,52,299,66,30072,0,14,10,10,21,2,0,0,0,0,0,0,0,0,0,0,0,0,0,0,1,0,0,0,0,0,0,0
1,21816,38,297,68,23044,1,15,6,26,22,8,0,0,0,0,0,0,0,1,1,0,26481,49,301,87,22371,0,6,15,8,28,7,0,0,0,0,0,0,0,0,0,1,0,0,0,1,0,0,0,0,0,0,0,0
1,21724,36,295,55,20864,1,14,12,16,28,6,0,0,0,0,0,0,0,0,0,0,28258,49,253,80,27777,0,12,14,9,50,4,0,0,0,0,0,0,0,0,0,1,0,0,0,0,0,0,0,0,0,0,0,0
0,18950,34,258,74,24770,0,10,21,7,15,4,0,0,0,0,0,0,0,0,0,0,32375,53,353,56,34074,1,21,10,20,17,2,1,0,1,1,0,0,0,1,1,1,0,0,0,0,0,0,0,0,1,0,0,0
1,18296,34,248,0,20607,0,18,20,17,19,7,0,0,0,0,0,0,0,0,0,0,35266,50,256,102,47486,1,20,18,28,24,4,1,0,1,0,0,1,0,1,1,1,0,0,0,0,0,0,1,0,0,0,0,0
0,19416,35,253,59,22398,0,7,12,6,42,4,1,0,1,0,1,0,0,0,0,1,25958,47,279,32,26730,1,12,7,15,22,4,0,0,0,0,0,0,0,0,0,0,0,0,0,0,0,0,0,0,0,0,0,0
0,19522,36,282,56,17353,1,11,11,9,23,4,0,0,0,0,0,0,0,0,0,1,27869,52,291,76,25501,0,11,11,9,84,5,0,0,0,0,0,0,0,1,1,0,0,0,0,0,0,0,0,0,0,0,0,1
1,20288,36,271,76,16532,0,13,14,15,66,6,0,0,0,0,0,0,0,0,0,0,32875,54,317,72,33285,1,14,13,9,18,28,1,0,1,0,0,1,0,0,0,1,0,0,0,0,0,0,0,0,0,0,0,0
0,17578,35,220,76,17846,0,9,16,8,20,4,0,0,0,0,0,0,0,0,0,0,32069,52,319,56,42005,1,16,9,15,21,5,1,0,1,1,0,0,0,0,0,1,0,0,0,0,0,0,0,0,0,0,0,0
1,19078,36,272,76,17241,1,8,6,5,21,7,0,0,0,0,0,0,0,0,0,1,24753,49,282,64,23532,0,6,8,12,188,8,0,0,0,0,0,0,0,1,1,0,0,0,0,0,0,0,0,0,0,1,0,0
0,20290,38,253,80,16551,0,12,9,14,13,6,1,0,1,0,0,1,0,1,1,0,27668,52,341,80,25363,1,9,12,2,37,3,0,0,0,0,0,0,0,0,0,0,0,0,1,0,0,0,0,0,0,0,0,0
0,19884,36,267,56,26140,1,13,18,10,39,3,0,0,0,0,0,0,0,1,1,0,34283,51,314,76,40459,0,18,13,14,29,9,1,0,1,1,0,0,0,0,0,1,0,0,1,0,0,0,0,0,0,0,0,0
1,24036,37,269,42,23033,0,25,17,23,23,3,1,0,1,0,0,1,0,0,0,0,35145,50,283,96,38564,1,17,25,21,42,2,0,0,0,0,0,0,0,1,1,1,0,0,0,0,0,0,0,0,1,0,0,0
0,18580,38,277,88,15379,1,10,7,9,30,3,0,0,0,0,0,0,0,0,0,0,27553,53,332,68,27786,0,7,10,3,19,4,0,0,0,0,0,0,0,0,0,0,0,0,0,0,0,0,0,0,0,0,0,0
1,18254,36,286,80,22151,0,7,5,8,19,5,0,0,0,0,0,0,0,0,0,0,24176,49,305,64,17579,1,5,7,3,27,4,0,0,0,0,0,0,0,0,0,0,0,0,0,0,0,0,0,0,0,0,0,0
1,19895,37,256,91,22490,1,14,4,6,24,4,0,0,0,0,0,0,0,1,1,1,25481,52,324,68,27649,0,4,14,0,24,5,1,0,1,0,1,0,0,0,0,0,0,1,0,0,0,0,0,0,0,0,0,0
1,18593,36,242,66,18934,1,9,12,10,16,1,0,0,0,0,0,0,0,1,1,0,27992,52,312,57,28547,0,12,9,9,33,1,0,0,0,0,0,0,0,0,0,1,0,0,0,1,0,0,0,0,0,0,0,0
0,19698,36,302,60,18162,0,7,12,4,22,3,0,0,0,0,0,0,0,0,0,0,29594,50,324,56,25795,1,12,7,11,20,4,1,0,2,0,2,0,0,1,1,1,0,0,0,0,0,0,0,1,0,0,0,0
1,18779,35,245,32,24636,1,11,8,13,27,6,0,0,0,0,0,0,0,0,1,1,26167,50,259,63,25678,0,8,11,7,185,11,0,0,0,0,0,0,0,1,1,0,1,0,0,0,0,0,0,0,1,0,0,0
1,25662,38,350,84,26881,1,18,3,13,25,1,1,0,3,0,2,1,0,1,1,1,23725,48,248,68,22582,0,3,18,3,12,1,0,0,0,0,0,0,0,0,0,0,0,0,0,0,1,0,0,0,0,0,0,0
0,17851,37,290,72,22187,1,4,10,2,27,1,0,0,0,0,0,0,0,1,1,0,27217,52,262,87,33332,0,10,4,12,98,6,0,0,0,0,0,0,0,0,0,1,0,0,1,0,0,0,0,0,0,0,0,0
0,17360,34,205,68,17384,0,9,8,7,22,5,0,0,0,0,0,0,0,0,1,0,29466,52,331,72,24227,1,8,9,6,23,3,1,0,3,2,1,0,0,1,1,1,0,1,0,0,0,0,1,0,0,0,0,0
1,20603,36,296,40,20632,0,10,9,10,31,7,0,0,0,0,0,0,0,0,0,1,25897,49,298,64,24042,1,9,10,13,23,3,0,0,0,0,0,0,0,0,0,0,0,0,0,0,0,0,0,0,0,0,0,0
1,25028,39,323,64,28633,1,17,9,16,28,5,1,0,1,1,0,0,0,1,1,1,25186,46,237,64,29508,0,9,17,12,23,6,0,0,0,0,0,0,0,0,0,0,0,0,0,0,0,1,0,0,0,0,0,0
0,20120,37,252,64,21010,1,12,16,7,21,5,0,0,0,0,0,0,0,0,0,0,29717,51,318,68,34656,0,16,12,10,28,6,0,0,0,0,0,0,0,1,1,1,0,0,0,0,0,0,1,0,0,0,0,0
0,21272,37,260,44,21689,1,18,9,16,20,1,0,0,0,0,0,0,0,0,0,1,27059,51,319,48,30459,0,9,18,6,37,7,0,0,0,0,0,0,0,0,0,0,0,0,0,0,0,0,0,0,0,0,0,0
0,18030,36,257,64,12808,0,7,8,3,35,4,0,0,0,0,0,0,0,0,0,1,29076,53,354,64,24438,1,8,7,7,24,2,1,0,3,1,0,2,0,1,1,0,0,0,0,0,0,0,0,0,0,0,0,1
0,22259,37,284,55,19168,0,15,4,15,26,5,0,0,0,0,0,0,0,0,0,1,26314,49,320,64,27670,1,4,15,2,129,4,1,0,2,1,0,1,0,1,1,0,0,0,0,0,0,0,0,0,0,0,1,0
1,24351,37,270,84,21058,1,17,10,20,17,31,0,0,0,0,0,0,0,1,2,0,29631,51,353,76,31693,0,10,17,8,66,4,1,0,1,0,1,0,0,0,0,1,1,0,0,1,0,0,0,0,0,0,0,0
1,21305,37,263,68,20435,1,12,2,9,26,4,1,0,1,0,1,0,0,1,1,0,24228,49,293,98,19448,0,2,12,0,23,4,0,0,0,0,0,0,0,0,0,1,0,0,0,0,0,1,0,0,0,0,0,0
1,23755,38,293,74,24079,1,16,8,12,20,5,1,0,1,1,0,0,0,1,2,1,24694,48,267,54,25771,0,8,16,5,20,4,0,0,1,0,0,1,0,0,0,0,0,1,0,0,1,0,0,0,0,0,0,0
0,17673,34,295,59,21035,0,5,12,6,0,3,0,0,0,0,0,0,0,0,0,0,26396,51,274,68,26358,1,12,5,12,0,4,0,0,0,0,0,0,0,1,1,0,0,0,0,0,0,0,0,0,0,0,0,1
1,21029,37,222,48,20416,1,18,14,18,26,10,0,0,0,0,0,0,0,1,1,0,30733,50,289,68,31051,0,14,18,12,29,7,0,0,0,0,0,0,0,0,0,1,0,0,1,0,0,0,0,0,0,0,0,0
1,21367,37,285,79,23657,0,13,12,9,29,2,0,0,0,0,0,0,0,1,1,0,28486,50,270,60,23256,1,12,13,10,21,4,1,0,1,0,0,1,0,0,0,1,0,0,1,0,0,0,0,0,0,0,0,0
0,19936,36,241,76,25894,1,11,14,8,15,1,0,0,0,0,0,0,0,0,0,0,30006,51,321,52,34363,0,14,11,5,20,4,1,0,2,0,2,0,0,0,0,1,0,0,0,0,0,0,0,0,0,0,0,0
0,23567,34,235,66,25901,0,15,11,20,20,21,1,0,1,0,1,0,0,1,1,1,28140,48,307,54,30902,1,11,15,11,60,4,0,0,1,0,1,0,0,0,0,0,0,0,1,0,0,0,0,0,0,0,0,0
1,22012,35,271,68,20272,1,12,12,11,28,11,0,0,0,0,0,0,0,0,0,1,25896,45,228,54,22798,0,12,12,12,128,8,1,0,1,0,1,0,0,0,0,0,0,0,0,0,0,0,0,0,0,0,0,0
0,23644,35,267,84,25527,1,13,10,15,44,7,1,0,2,0,2,0,0,1,1,1,27985,52,344,72,27203,0,10,13,10,24,5,0,0,0,0,0,0,0,0,0,0,0,0,0,1,0,0,0,0,0,0,0,0
1,21145,38,303,64,21669,0,15,10,8,26,2,0,0,0,0,0,0,0,0,0,1,28395,51,349,64,29008,1,10,15,4,22,4,0,0,0,0,0,0,0,0,0,0,0,0,0,0,0,0,0,0,0,0,0,0
0,17395,35,220,56,17716,0,7,11,11,24,9,0,0,0,0,0,0,0,0,0,1,27680,49,324,76,24342,1,11,7,10,36,6,1,0,1,0,0,1,0,1,1,0,0,0,0,0,0,0,0,0,0,1,0,0
0,18946,36,284,56,23361,0,7,12,3,16,4,0,0,0,0,0,0,0,0,0,0,25776,49,249,52,25317,1,12,7,13,21,4,0,0,0,0,0,0,0,1,1,1,0,0,0,0,0,0,0,0,1,0,0,0
0,20483,34,230,56,17525,0,8,7,11,24,5,1,0,1,1,0,0,0,0,0,1,24140,49,280,72,24798,1,7,8,6,45,8,0,0,0,0,0,0,0,1,1,0,0,0,0,0,0,0,0,0,0,0,1,0
0,18344,34,217,78,20284,0,8,18,5,13,2,0,0,0,0,0,0,0,0,0,1,29151,52,286,78,39556,1,18,8,14,31,6,0,0,0,0,0,0,0,1,1,0,0,0,0,0,0,0,0,1,0,0,0,0
1,21415,36,232,59,26501,1,19,15,15,26,5,0,0,0,0,0,0,0,1,1,1,30182,48,266,67,35428,0,15,19,21,15,5,0,0,0,0,0,0,0,0,0,0,0,0,1,0,0,0,0,0,0,0,0,0
1,21204,37,279,54,20883,1,13,7,14,42,4,0,0,0,0,0,0,0,1,1,0,27748,52,292,74,29733,0,7,13,6,27,4,1,0,1,0,1,0,0,0,0,1,0,0,0,0,0,1,0,0,0,0,0,0
0,20250,35,278,52,22146,0,10,15,12,22,1,0,0,0,0,0,0,0,0,0,0,28784,49,257,62,34220,1,15,10,20,152,9,0,0,0,0,0,0,0,1,1,1,0,0,0,0,0,0,0,0,1,0,0,0
0,18748,37,257,71,19473,0,9,14,7,26,29,0,0,0,0,0,0,0,0,0,1,31693,50,367,67,34523,1,14,9,14,62,7,1,0,1,0,0,1,0,1,1,0,0,0,0,0,0,0,0,0,1,0,0,0
0,17659,36,277,75,16949,0,5,12,8,22,4,0,0,0,0,0,0,0,1,1,0,28716,51,353,68,26592,1,12,5,16,22,4,0,0,0,0,0,0,0,0,0,1,0,0,0,0,1,0,0,0,0,0,0,0
0,17398,34,245,52,17150,0,9,13,13,294,4,0,0,0,0,0,0,0,0,0,0,30239,51,264,68,38608,1,13,9,17,26,2,0,0,0,0,0,0,0,0,0,1,0,0,0,0,0,0,0,0,0,0,0,0
1,19879,36,291,59,19696,1,10,8,10,24,4,0,0,0,0,0,0,0,1,1,0,25572,50,304,55,25600,0,8,10,8,159,5,0,0,0,0,0,0,0,0,0,1,0,0,0,0,1,0,0,0,0,0,0,0
1,22729,36,301,65,21635,0,13,12,21,23,5,1,0,2,0,0,2,0,0,0,1,28839,50,302,75,28374,1,12,13,14,38,1,0,0,0,0,0,0,0,0,0,0,0,0,0,0,0,0,0,0,0,0,0,0
0,19626,36,266,52,21756,0,14,16,9,17,3,0,0,0,0,0,0,0,0,0,0,28928,50,275,56,30132,1,16,14,12,17,5,0,0,0,0,0,0,0,1,1,0,0,0,0,0,0,0,0,0,0,0,0,1
0,16912,33,260,64,18298,0,7,9,10,20,4,0,0,0,0,0,0,0,0,0,0,27587,51,317,88,23997,1,9,7,10,23,3,0,0,0,0,0,0,0,1,1,0,0,0,0,0,0,0,1,0,0,0,0,0
0,20569,36,264,68,20846,0,13,13,13,22,3,0,0,0,0,0,0,0,0,0,1,28849,52,331,67,36988,1,13,13,12,20,2,0,0,0,0,0,0,0,1,1,0,0,0,0,0,0,0,0,0,1,0,0,0
0,21958,36,231,60,25029,1,16,12,31,29,7,0,0,0,0,0,0,0,0,0,0,29621,50,322,84,25873,0,12,16,16,24,6,0,0,0,0,0,0,0,1,2,1,0,0,0,0,0,0,0,1,0,0,0,1
1,20488,34,284,60,25637,1,13,6,10,28,4,0,0,0,0,0,0,0,1,1,1,23515,49,242,58,28857,0,6,13,5,27,2,0,0,0,0,0,0,0,0,0,0,0,1,0,0,0,0,0,0,0,0,0,0
0,18068,35,278,64,22833,1,8,11,8,25,6,0,0,0,0,0,0,0,0,0,0,29829,52,329,64,26222,0,11,8,13,29,10,1,0,1,0,0,1,0,1,1,1,0,0,0,0,0,0,0,0,1,0,0,0
1,18711,36,286,65,18184,1,7,11,4,24,4,0,0,0,0,0,0,0,1,1,0,26454,49,285,52,29381,0,11,7,7,23,3,1,0,1,0,1,0,0,0,0,1,0,0,0,0,1,0,0,0,0,0,0,0
0,18788,36,284,62,13774,1,9,6,4,21,5,0,0,0,0,0,0,0,1,1,0,26016,50,332,76,26398,0,6,9,4,23,3,0,0,0,0,0,0,0,0,0,1,0,1,0,0,0,0,0,0,0,0,0,0
1,19748,37,307,64,21801,1,7,7,5,55,2,0,0,0,0,0,0,0,0,0,1,24488,50,329,52,21501,0,7,7,3,26,7,0,0,0,0,0,0,0,1,1,0,0,0,0,0,0,0,0,0,0,1,0,0
1,23862,37,285,60,30071,0,17,12,18,25,7,1,0,2,1,0,1,0,1,1,0,29001,49,278,71,36737,1,12,17,20,30,2,0,0,0,0,0,0,0,0,0,1,0,0,0,0,1,0,0,0,0,0,0,0
1,22497,37,315,60,24931,1,12,5,9,27,37,1,0,1,0,0,1,0,1,1,1,25207,51,316,80,26556,0,5,12,5,61,3,0,0,0,0,0,0,0,0,0,0,0,1,0,0,0,0,0,0,0,0,0,0
0,18514,36,250,80,16363,0,9,11,9,34,2,0,0,0,0,0,0,0,0,0,0,28783,52,289,60,29529,1,11,9,8,23,2,0,0,0,0,0,0,0,1,1,1,0,0,0,0,0,0,0,1,0,0,0,0
0,17948,33,217,67,17145,0,11,9,10,23,4,0,0,0,0,0,0,0,0,0,0,28275,53,354,80,27572,1,9,11,10,22,4,0,0,0,0,0,0,0,1,1,0,0,0,0,0,0,0,0,0,0,1,0,0
1,21509,36,254,84,21114,1,12,6,10,23,4,0,0,0,0,0,0,0,1,1,1,25485,47,234,56,24488,0,6,12,11,20,3,1,0,1,0,0,1,0,0,0,0,0,0,1,0,0,0,0,0,0,0,0,0
