,blueTotalGolds,blueTotalLevel,blueTotalMinionKills,blueTotalJungleMinionKills,blueTotalDamageToChampion,blueFirstBlood,blueKill,blueDeath,blueAssist,blueWardPlaced,blueWardKills,blueFirstTower,blueFirstInhibitor,blueTowerKills,blueMidTowerKills,blueTopTowerKills,blueBotTowerKills,blueInhibitor,blueFirstDragon,blueDragon,blueRiftHeralds,redTotalGolds,redTotalLevel,redTotalMinionKills,redTotalJungleMinionKills,redTotalDamageToChampion,redFirstBlood,redAssist,redWardPlaced,redWardKills,redFirstTower,redFirstInhibitor,redTowerKills,redMidTowerKills,redTopTowerKills,redBotTowerKills,redInhibitor,redFirstDragon,redDragon,redRiftHeralds,blueWATER_DRAGON,blueFIRE_DRAGON,blueAIR_DRAGON,blueEARTH_DRAGON,blueCHEMTECH_DRAGON,blueHEXTECH_DRAGON,redWATER_DRAGON,redFIRE_DRAGON,redAIR_DRAGON,redEARTH_DRAGON,redCHEMTECH_DRAGON,redHEXTECH_DRAGON,predSuccess,blueWins,pred
566,15739,34,246,60,14933,0,5,2,6,14,3,0,0,0,0,0,0,0,0,0,0,13892,33,219,56,13232,1,1,15,3,0,0,0,0,0,0,0,0,0,1,0,0,0,0,0,0,0,0,0,0,0,0,1,1,1
1101,15961,33,223,50,12959,0,6,8,3,14,3,0,0,0,0,0,0,0,1,1,0,16181,31,202,34,12740,1,8,59,2,0,0,0,0,0,0,0,0,0,1,0,0,0,0,1,0,0,0,0,0,0,0,1,1,1
1473,14302,31,187,48,12386,0,4,5,5,12,2,0,0,0,0,0,0,0,0,0,0,14967,32,206,56,10277,1,4,83,4,0,0,0,0,0,0,0,1,1,0,0,0,0,0,0,0,0,1,0,0,0,0,1,0,0
1177,15344,32,219,54,11123,1,5,3,7,16,1,0,0,0,0,0,0,0,0,0,0,13889,31,208,56,10837,0,6,16,1,0,0,0,0,0,0,0,1,1,0,0,0,0,0,0,0,0,1,0,0,0,0,1,1,1
1009,15351,30,225,40,10556,1,5,6,7,17,8,0,0,0,0,0,0,0,0,0,0,14934,31,187,56,15999,0,5,42,6,0,0,0,0,0,0,0,0,0,1,0,0,0,0,0,0,0,0,0,0,0,0,1,0,0
433,14306,33,211,59,12160,0,1,5,1,33,18,0,0,0,0,0,0,0,0,0,1,14788,33,192,64,12408,1,3,43,1,0,0,0,0,0,0,0,1,1,0,0,0,0,0,0,0,0,1,0,0,0,0,1,0,0
855,16845,31,201,40,13948,1,9,3,15,18,2,0,0,0,0,0,0,0,0,0,0,14427,32,210,47,13191,0,2,15,2,0,0,0,0,0,0,0,0,0,0,0,0,0,0,0,0,0,0,0,0,0,0,1,1,1
1491,15531,32,205,40,12977,0,7,6,11,15,3,0,0,0,0,0,0,0,0,0,0,16468,32,229,48,11255,1,3,14,3,0,0,0,0,0,0,0,1,1,0,0,0,0,0,0,0,0,0,0,0,1,0,0,1,0
1032,18878,32,206,29,18650,0,16,6,13,17,3,0,0,0,0,0,0,0,0,0,0,15030,30,166,45,14895,1,10,17,3,0,0,0,0,0,0,0,0,0,0,0,0,0,0,0,0,0,0,0,0,0,0,1,1,1
1079,17726,32,202,48,15053,0,9,6,10,19,4,0,0,0,0,0,0,0,1,1,1,14245,31,165,34,13545,1,7,15,3,0,0,0,0,0,0,0,0,0,0,1,0,0,0,0,0,0,0,0,0,0,0,1,1,1
1382,15784,31,202,39,11080,1,8,8,8,14,4,0,0,0,0,0,0,0,0,0,0,16182,31,192,48,15720,0,10,22,4,0,0,0,0,0,0,0,0,0,0,0,0,0,0,0,0,0,0,0,0,0,0,1,0,0
782,12680,29,182,44,10271,0,0,12,0,15,9,0,0,0,0,0,0,0,0,0,0,17742,34,220,44,19275,1,10,42,1,0,0,0,0,0,0,0,1,1,0,0,0,0,0,0,0,0,0,0,1,0,0,1,0,0
1085,14802,33,242,44,10895,0,3,3,4,46,6,0,0,0,0,0,0,0,1,1,0,14063,33,200,52,9220,1,3,19,15,0,0,0,0,0,0,0,0,0,0,0,0,0,0,0,1,0,0,0,0,0,0,1,1,1
1138,15072,32,228,44,13846,0,4,6,4,26,4,0,0,0,0,0,0,0,1,1,0,15342,34,195,56,11923,1,5,16,3,0,0,0,0,0,0,0,0,0,1,0,0,0,0,1,0,0,0,0,0,0,0,0,1,0
986,18507,34,236,52,20503,1,12,4,10,23,6,0,0,0,0,0,0,0,1,1,0,15052,33,200,43,13992,0,3,34,1,0,0,0,0,0,0,0,0,0,0,1,0,0,0,0,0,0,0,0,0,0,0,1,1,1
923,16179,33,208,50,11996,1,5,4,6,20,4,0,0,0,0,0,0,0,0,0,1,15054,32,206,48,12246,0,5,18,3,0,0,0,0,0,0,0,1,1,0,0,0,0,0,0,0,0,1,0,0,0,0,1,1,1
332,13736,31,177,36,9224,0,5,7,4,11,5,0,0,0,0,0,0,0,0,0,0,16756,31,197,44,14271,1,8,24,3,0,0,0,0,0,0,0,0,0,0,0,0,0,0,0,0,0,0,0,0,0,0,1,0,0
909,15056,32,204,44,13925,0,4,6,3,28,8,0,0,0,0,0,0,0,0,0,0,14864,30,173,44,11417,1,7,22,8,0,0,0,0,0,0,0,0,0,1,0,0,0,0,0,0,0,0,0,0,0,0,0,0,1
757,12886,31,185,44,12218,0,2,4,3,51,7,0,0,0,0,0,0,0,0,0,0,15905,34,236,52,12999,1,5,21,6,0,0,0,0,0,0,0,0,0,1,0,0,0,0,0,0,0,0,0,0,0,0,1,0,0
1233,13719,32,203,52,8598,0,1,6,1,15,2,0,0,0,0,0,0,0,0,0,0,15581,32,205,40,12430,1,10,25,4,0,0,0,0,0,0,0,0,0,1,0,0,0,0,0,0,0,0,0,0,0,0,0,1,0
941,17008,31,193,44,16117,1,10,9,10,17,4,0,0,0,0,0,0,0,1,1,0,16424,32,191,44,15900,0,8,13,4,0,0,0,0,0,0,0,0,0,0,1,0,0,0,0,0,0,0,0,0,0,0,1,1,1
1483,14746,30,182,56,13396,0,5,10,8,8,7,0,0,0,0,0,0,0,0,0,0,16317,29,185,31,13355,1,13,20,1,0,0,0,0,0,0,0,1,1,0,0,0,0,0,0,0,1,0,0,0,0,0,1,0,0
203,16341,33,233,44,14262,1,8,3,5,17,6,0,0,0,0,0,0,0,1,1,0,13264,32,191,48,9782,0,2,15,4,0,0,0,0,0,0,0,0,0,0,0,0,0,0,0,1,0,0,0,0,0,0,1,1,1
584,13531,32,208,40,11306,0,2,8,3,17,3,0,0,0,0,0,0,0,0,0,0,16898,33,232,52,15124,1,7,19,7,0,0,0,0,0,0,0,0,0,0,0,0,0,0,0,0,0,0,0,0,0,0,1,0,0
916,15257,33,219,52,15160,0,4,5,3,14,7,0,0,0,0,0,0,0,1,1,1,14638,31,192,36,9961,1,6,21,4,0,0,0,0,0,0,0,0,0,0,0,0,0,1,0,0,0,0,0,0,0,0,0,0,1
494,15210,30,184,24,11302,0,7,6,5,10,3,0,0,0,0,0,0,0,0,0,0,15030,29,194,36,16669,1,7,16,3,0,0,0,0,0,0,0,0,0,0,0,0,0,0,0,0,0,0,0,0,0,0,1,0,0
514,14791,32,211,56,13881,1,4,5,2,18,4,0,0,0,0,0,0,0,1,1,1,14888,31,219,48,11358,0,5,19,3,0,0,0,0,0,0,0,0,0,0,0,1,0,0,0,0,0,0,0,0,0,0,1,1,1
70,15889,33,228,52,10726,0,5,8,10,16,4,0,0,0,0,0,0,0,0,0,1,17472,34,228,52,13923,1,13,23,6,0,0,0,0,0,0,0,0,0,0,0,0,0,0,0,0,0,0,0,0,0,0,1,0,0
780,16166,32,209,60,13394,1,6,2,2,16,4,0,0,0,0,0,0,0,0,0,0,12865,30,198,30,10702,0,1,14,5,0,0,0,0,0,0,0,0,0,0,0,0,0,0,0,0,0,0,0,0,0,0,1,1,1
948,16438,33,222,52,10203,1,4,0,7,19,5,0,0,0,0,0,0,0,0,0,1,12838,33,215,52,8593,0,0,15,3,0,0,0,0,0,0,0,0,0,0,0,0,0,0,0,0,0,0,0,0,0,0,1,1,1
669,15934,32,219,52,14735,0,5,11,10,17,0,0,0,0,0,0,0,0,0,0,0,17363,31,176,44,19808,1,17,31,3,0,0,0,0,0,0,0,0,0,0,0,0,0,0,0,0,0,0,0,0,0,0,0,0,1
591,14942,32,224,48,14514,1,4,3,5,12,4,0,0,0,0,0,0,0,0,0,0,13789,32,210,40,13157,0,6,22,2,0,0,0,0,0,0,0,1,1,0,0,0,0,0,0,0,0,0,0,0,0,1,1,1,1
1093,14282,32,224,36,12966,1,4,3,4,15,5,0,0,0,0,0,0,0,0,0,0,13852,33,196,48,14156,0,2,21,2,0,0,0,0,0,0,0,0,0,0,0,0,0,0,0,0,0,0,0,0,0,0,0,0,1
49,15311,31,200,44,13036,1,6,5,8,15,1,0,0,0,0,0,0,0,0,0,0,16185,32,217,44,12100,0,12,18,3,0,0,0,0,0,0,0,0,0,0,0,0,0,0,0,0,0,0,0,0,0,0,1,0,0
1464,14096,33,229,60,10022,1,1,2,2,14,1,0,0,0,0,0,0,0,1,1,0,13707,33,232,40,10138,0,2,10,2,0,0,0,0,0,0,0,0,0,0,1,0,0,0,0,0,0,0,0,0,0,0,1,0,0
1378,15111,29,163,32,12211,0,6,9,11,20,3,0,0,0,0,0,0,0,1,1,0,17033,32,186,52,16308,1,7,19,3,0,0,0,0,0,0,0,0,0,1,0,0,0,1,0,0,0,0,0,0,0,0,0,1,0
759,15302,33,237,44,9912,0,5,4,5,20,8,0,0,0,0,0,0,0,0,0,0,14826,31,225,44,13005,1,2,18,8,0,0,0,0,0,0,0,0,0,0,0,0,0,0,0,0,0,0,0,0,0,0,0,0,1
1268,14622,32,223,48,14638,1,4,5,3,14,3,0,0,0,0,0,0,0,0,0,0,15168,31,212,48,12580,0,8,18,2,0,0,0,0,0,0,0,0,0,0,0,0,0,0,0,0,0,0,0,0,0,0,0,1,0
590,14690,32,227,48,10170,0,4,2,5,34,6,0,0,0,0,0,0,0,1,1,0,14186,32,206,54,10808,1,1,14,3,0,0,0,0,0,0,0,0,0,0,1,0,0,0,0,0,0,0,0,0,0,0,0,0,1
382,16166,33,201,52,16279,0,6,9,6,18,3,0,0,0,0,0,0,0,1,1,1,16138,31,187,52,12972,1,7,17,1,0,0,0,0,0,0,0,0,0,0,0,1,0,0,0,0,0,0,0,0,0,0,0,1,0
1050,15603,32,187,48,12630,0,8,3,12,20,5,0,0,0,0,0,0,0,1,1,0,14034,32,228,44,8928,1,3,12,6,0,0,0,0,0,0,0,0,0,0,0,0,1,0,0,0,0,0,0,0,0,0,1,1,1
464,13079,32,204,44,11120,0,2,5,2,14,0,0,0,0,0,0,0,0,0,0,0,15148,34,205,48,16258,1,4,16,3,0,0,0,0,0,0,0,1,1,0,0,0,0,0,0,0,0,1,0,0,0,0,1,0,0
259,14220,30,190,44,9977,1,4,0,2,15,5,0,0,0,0,0,0,0,0,0,0,13508,31,215,44,13698,0,0,19,4,0,0,0,0,0,0,0,1,1,1,0,0,0,0,0,0,0,0,1,0,0,0,1,0,0
124,16360,34,234,68,16432,0,5,8,9,12,1,0,0,0,0,0,0,0,0,0,0,16883,33,226,44,17534,1,9,13,3,0,0,0,0,0,0,0,1,1,0,0,0,0,0,0,0,0,0,0,1,0,0,0,1,0
944,13373,33,217,36,11203,0,2,6,3,50,5,0,0,0,0,0,0,0,0,0,0,16115,33,226,55,12331,1,11,18,2,0,0,0,0,0,0,0,0,0,0,0,0,0,0,0,0,0,0,0,0,0,0,1,0,0
482,16583,34,229,50,12487,1,8,2,4,18,5,0,0,0,0,0,0,0,1,1,0,13548,32,229,34,9867,0,1,17,6,0,0,0,0,0,0,0,0,0,0,0,0,0,0,0,1,0,0,0,0,0,0,1,1,1
231,14122,31,161,48,10532,0,5,9,3,14,0,0,0,0,0,0,0,0,0,0,0,17054,31,203,44,15733,1,14,10,5,0,0,0,0,0,0,0,0,0,1,0,0,0,0,0,0,0,0,0,0,0,0,1,0,0
1340,14624,32,189,44,11580,1,4,3,6,31,1,0,0,0,0,0,0,0,1,1,0,14119,32,198,48,12032,0,4,11,3,0,0,0,0,0,0,0,0,0,0,0,0,0,0,1,0,0,0,0,0,0,0,1,1,1
908,15419,31,202,52,13982,1,6,12,4,16,4,0,0,0,0,0,0,0,0,0,0,18172,33,209,46,15352,0,15,32,3,0,0,0,0,0,0,0,1,1,0,0,0,0,0,0,0,0,0,1,0,0,0,1,0,0
1293,15009,32,196,36,14460,0,7,8,7,12,2,0,0,0,0,0,0,0,0,0,0,16174,31,196,44,19213,1,15,14,2,0,0,0,0,0,0,0,1,1,0,0,0,0,0,0,0,0,0,0,0,1,0,1,0,0
1091,15071,32,215,48,11279,1,5,9,5,12,3,0,0,0,0,0,0,0,0,0,0,16900,32,189,68,14176,0,11,48,4,0,0,0,0,0,0,0,1,1,0,0,0,0,0,0,0,0,1,0,0,0,0,1,0,0
123,17173,34,239,48,13418,1,9,3,8,15,3,0,0,0,0,0,0,0,1,1,1,13695,30,201,44,8655,0,3,10,2,0,0,0,0,0,0,0,0,0,0,0,0,0,1,0,0,0,0,0,0,0,0,1,1,1
51,13289,33,214,34,13339,0,2,6,4,16,4,0,0,0,0,0,0,0,0,0,0,15752,33,220,30,13135,1,5,15,6,0,0,0,0,0,0,0,0,0,0,0,0,0,0,0,0,0,0,0,0,0,0,1,0,0
1420,15957,34,226,66,11437,0,5,5,5,9,3,0,0,0,0,0,0,0,1,1,1,15055,32,195,48,14115,1,7,17,2,0,0,0,0,0,0,0,0,0,0,0,1,0,0,0,0,0,0,0,0,0,0,0,0,1
76,17120,35,227,54,15413,0,8,4,11,18,4,0,0,0,0,0,0,0,0,0,1,14524,31,220,40,12891,1,6,12,3,0,0,0,0,0,0,0,1,1,0,0,0,0,0,0,0,0,0,0,0,1,0,0,0,1
141,16831,33,227,47,18151,0,9,6,12,19,5,0,0,0,0,0,0,0,1,1,0,15615,31,211,47,14205,1,8,17,3,0,0,0,0,0,0,0,0,0,0,0,0,1,0,0,0,0,0,0,0,0,0,0,0,1
962,15777,32,232,36,14888,1,6,3,6,16,6,0,0,0,0,0,0,0,0,0,0,13812,32,192,59,9779,0,1,15,6,0,0,0,0,0,0,0,0,0,1,0,0,0,0,0,0,0,0,0,0,0,0,0,0,1
471,15636,30,169,45,13046,1,7,2,12,89,0,0,0,0,0,0,0,0,1,1,0,12894,30,168,46,11742,0,6,17,2,0,0,0,0,0,0,0,0,0,0,1,0,0,0,0,0,0,0,0,0,0,0,1,1,1
23,14113,29,151,54,12024,0,5,9,8,66,5,0,0,0,0,0,0,0,0,0,0,16972,31,220,48,14796,1,12,17,4,0,0,0,0,0,0,0,1,1,0,0,0,0,0,0,0,0,0,1,0,0,0,1,0,0
99,16051,33,217,56,10768,0,6,5,6,16,4,0,0,0,0,0,0,0,0,0,0,14745,31,222,41,10657,1,5,19,8,0,0,0,0,0,0,0,1,1,0,0,0,0,0,0,0,0,0,0,0,1,0,1,1,1
1510,13331,30,175,44,8543,0,3,11,1,16,2,0,0,0,0,0,0,0,0,0,0,17401,33,215,48,13429,1,10,10,5,0,0,0,0,0,0,0,1,1,0,0,0,0,0,0,0,1,0,0,0,0,0,1,0,0
344,14733,32,231,52,10246,1,2,3,2,15,3,0,0,0,0,0,0,0,0,0,1,13831,32,201,48,8563,0,1,18,2,0,0,0,0,0,0,0,1,1,0,0,0,0,0,0,0,1,0,0,0,0,0,1,1,1
605,14444,31,178,44,11342,0,5,4,5,16,2,0,0,0,0,0,0,0,0,0,0,15654,32,238,48,12433,1,3,11,7,0,0,0,0,0,0,0,1,1,0,0,0,0,0,0,0,0,0,0,1,0,0,1,0,0
59,13005,32,242,44,8207,0,0,5,0,17,1,0,0,0,0,0,0,0,0,0,0,15441,33,245,48,11466,1,3,16,6,0,0,0,0,0,0,0,0,0,0,0,0,0,0,0,0,0,0,0,0,0,0,0,1,0
1018,15455,32,220,44,13257,1,5,4,6,12,2,0,0,0,0,0,0,0,1,1,0,14651,32,230,46,11334,0,3,12,2,0,0,0,0,0,0,0,0,0,0,1,0,0,0,0,0,0,0,0,0,0,0,0,0,1
764,15472,33,234,61,8478,1,5,4,4,29,4,0,0,0,0,0,0,0,0,0,0,14805,32,229,44,10530,0,3,13,7,0,0,0,0,0,0,0,1,1,0,0,0,0,0,0,0,0,0,0,0,0,1,0,0,1
324,15360,33,199,44,12352,0,5,6,9,18,5,0,0,0,0,0,0,0,0,0,1,14844,32,203,48,11333,1,6,18,3,0,0,0,0,0,0,0,1,1,0,0,0,0,0,0,0,0,0,1,0,0,0,1,0,0
578,16372,32,234,46,12340,0,6,6,5,15,3,0,0,0,0,0,0,0,1,1,0,14769,32,213,34,9242,1,11,16,2,0,0,0,0,0,0,0,0,0,0,0,1,0,0,0,0,0,0,0,0,0,0,0,0,1
1144,13642,30,203,36,10566,1,3,10,3,15,2,0,0,0,0,0,0,0,0,0,0,18460,33,213,48,13939,0,15,15,4,0,0,0,0,0,0,0,1,1,1,0,0,0,0,0,0,0,1,0,0,0,0,1,0,0
1134,13930,31,182,39,9767,1,3,10,5,12,3,0,0,0,0,0,0,0,0,0,0,16950,33,201,68,12580,0,14,17,2,0,0,0,0,0,0,0,1,1,1,0,0,0,0,0,0,0,1,0,0,0,0,0,1,0
1365,14874,31,195,42,11996,0,5,10,4,15,3,0,0,0,0,0,0,0,0,0,0,17527,33,214,47,14655,1,13,17,6,0,0,0,0,0,0,0,1,1,0,0,0,0,0,0,0,0,1,0,0,0,0,1,0,0
925,16142,32,216,40,8972,0,6,10,5,20,9,0,0,0,0,0,0,0,1,1,0,17953,33,205,51,16632,1,17,31,8,0,0,0,0,0,0,0,0,0,0,0,0,0,1,0,0,0,0,0,0,0,0,1,0,0
303,14163,31,200,34,8738,1,4,3,6,19,3,0,0,0,0,0,0,0,0,0,0,15188,33,233,51,13894,0,4,20,1,0,0,0,0,0,0,0,1,1,0,0,0,0,0,0,0,1,0,0,0,0,0,1,0,0
1422,15650,33,211,48,12990,0,6,7,5,20,2,0,0,0,0,0,0,0,0,0,1,15797,32,202,52,13747,1,14,14,3,0,0,0,0,0,0,0,1,1,0,0,0,0,0,0,0,0,0,0,0,1,0,0,1,0
1035,14240,32,226,47,15429,0,2,7,1,51,4,0,0,0,0,0,0,0,0,0,1,16236,32,208,41,14332,1,11,17,5,0,0,0,0,0,0,0,1,1,0,0,0,0,0,0,0,0,0,0,1,0,0,1,0,0
1074,15014,34,223,63,9053,0,4,3,7,66,2,0,0,0,0,0,0,0,0,0,0,14589,32,230,48,11858,1,6,12,3,0,0,0,0,0,0,0,1,1,0,0,0,0,0,0,0,1,0,0,0,0,0,0,0,1
416,13778,33,247,51,10109,1,1,3,0,13,4,0,0,0,0,0,0,0,0,0,0,14200,33,218,48,11855,0,3,50,2,0,0,0,0,0,0,0,1,1,0,0,0,0,0,0,0,0,1,0,0,0,0,1,0,0
522,15272,31,178,47,13542,1,6,9,6,16,1,0,0,0,0,0,0,0,0,0,0,16888,34,221,50,15357,0,7,16,4,0,0,0,0,0,0,0,1,1,0,0,0,0,0,0,0,0,0,1,0,0,0,1,0,0
599,16777,34,210,56,15614,1,9,5,9,13,2,0,0,0,0,0,0,0,0,0,0,15274,32,203,36,14669,0,7,14,3,0,0,0,0,0,0,0,0,0,1,0,0,0,0,0,0,0,0,0,0,0,0,1,1,1
817,13689,33,219,39,10476,0,1,5,1,16,5,0,0,0,0,0,0,0,0,0,0,15321,34,230,48,11483,1,4,16,4,0,0,0,0,0,0,0,1,1,0,0,0,0,0,0,0,0,1,0,0,0,0,1,0,0
67,17369,33,243,46,12284,1,8,2,9,14,10,0,0,0,0,0,0,0,1,1,0,13468,33,188,66,9167,0,3,45,2,0,0,0,0,0,0,0,0,0,0,0,0,0,0,0,1,0,0,0,0,0,0,1,1,1
940,14210,32,246,46,13436,0,2,5,1,14,3,0,0,0,0,0,0,0,0,0,0,14574,34,215,50,10443,1,5,16,4,0,0,0,0,0,0,0,0,0,0,0,0,0,0,0,0,0,0,0,0,0,0,1,1,1
1080,17090,34,204,60,16343,0,8,4,9,18,2,0,0,0,0,0,0,0,1,1,1,13975,31,207,32,12670,1,6,13,2,0,0,0,0,0,0,0,0,0,0,0,0,0,0,1,0,0,0,0,0,0,0,1,1,1
354,13346,29,189,40,10192,0,3,6,4,17,8,0,0,0,0,0,0,0,0,0,0,16402,32,244,44,12310,1,6,19,5,0,0,0,0,0,0,0,0,0,0,0,0,0,0,0,0,0,0,0,0,0,0,1,0,0
1289,14912,31,203,62,13674,0,4,8,5,17,2,0,0,0,0,0,0,0,1,1,1,16040,32,203,35,14876,1,8,20,2,0,0,0,0,0,0,0,0,0,0,0,0,0,0,1,0,0,0,0,0,0,0,1,0,0
175,15581,33,227,40,10087,1,4,0,4,16,3,0,0,0,0,0,0,0,0,0,0,12892,32,223,48,9418,0,0,16,4,0,0,0,0,0,0,0,0,0,0,0,0,0,0,0,0,0,0,0,0,0,0,1,1,1
1141,16653,31,190,64,14433,0,7,5,8,20,2,0,0,0,0,0,0,0,0,0,0,14237,31,187,32,10800,1,9,15,8,0,0,0,0,0,0,0,0,0,0,0,0,0,0,0,0,0,0,0,0,0,0,1,1,1
567,13237,32,190,56,10991,0,2,7,1,20,2,0,0,0,0,0,0,0,0,0,0,16923,34,200,60,12663,1,11,16,6,0,0,0,0,0,0,0,1,1,0,0,0,0,0,0,0,0,1,0,0,0,0,1,0,0
1140,15946,33,206,52,9070,0,7,8,4,14,2,0,0,0,0,0,0,0,0,0,1,16232,33,215,40,15271,1,9,16,4,0,0,0,0,0,0,0,1,1,0,0,0,0,0,0,0,0,0,0,1,0,0,1,1,1
852,16746,33,234,48,11879,1,6,6,7,14,4,0,0,0,0,0,0,0,0,0,1,15134,31,211,48,14599,0,6,17,3,0,0,0,0,0,0,0,1,1,0,0,0,0,0,0,0,1,0,0,0,0,0,1,1,1
358,14818,32,218,52,13506,0,4,7,4,12,3,0,0,0,0,0,0,0,0,0,0,17086,33,239,52,15408,1,10,13,1,0,0,0,0,0,0,0,0,0,0,0,0,0,0,0,0,0,0,0,0,0,0,1,0,0
722,14083,32,212,40,10301,1,4,1,3,16,3,0,0,0,0,0,0,0,0,0,0,13634,32,222,60,8118,0,1,40,5,0,0,0,0,0,0,0,0,0,0,0,0,0,0,0,0,0,0,0,0,0,0,1,1,1
1452,13506,29,201,39,9744,0,3,8,4,14,1,0,0,0,0,0,0,0,0,0,0,15659,31,214,40,11120,1,7,14,1,0,0,0,0,0,0,0,1,1,0,0,0,0,0,0,0,1,0,0,0,0,0,1,0,0
1281,15915,31,210,44,12521,1,7,5,8,11,2,0,0,0,0,0,0,0,0,0,0,14395,32,206,48,12109,0,6,33,2,0,0,0,0,0,0,0,1,1,0,0,0,0,0,0,0,0,0,0,0,0,1,1,1,1
239,14552,31,205,52,13466,1,4,7,7,15,4,0,0,0,0,0,0,0,1,1,0,15434,33,206,40,14613,0,7,17,3,0,0,0,0,0,0,0,0,0,0,1,0,0,0,0,0,0,0,0,0,0,0,1,0,0
997,15215,32,196,52,12886,1,5,4,10,44,2,0,0,0,0,0,0,0,0,0,0,13869,31,181,47,12483,0,5,13,21,0,0,0,0,0,0,0,0,0,0,0,0,0,0,0,0,0,0,0,0,0,0,0,0,1
1315,13515,31,180,40,14389,0,3,8,4,16,3,0,0,0,0,0,0,0,0,0,0,16308,32,213,48,15131,1,12,15,5,0,0,0,0,0,0,0,0,0,1,0,0,0,0,0,0,0,0,0,0,0,0,1,0,0
168,16191,30,193,36,15752,1,9,8,12,14,1,0,0,0,0,0,0,0,0,0,0,17093,31,211,44,16924,0,11,13,1,0,0,0,0,0,0,0,0,0,0,0,0,0,0,0,0,0,0,0,0,0,0,1,0,0
1366,15087,32,206,28,14674,0,7,9,7,178,6,0,0,0,0,0,0,0,0,0,0,16661,31,209,52,15788,1,7,30,4,0,0,0,0,0,0,0,0,0,0,0,0,0,0,0,0,0,0,0,0,0,0,1,1,1
1388,13941,33,227,51,9817,0,3,4,2,17,9,0,0,0,0,0,0,0,0,0,0,15070,34,235,43,10859,1,4,23,6,0,0,0,0,0,0,0,1,1,0,0,0,0,0,0,0,0,0,0,0,1,0,1,0,0
1449,15299,30,164,43,12701,0,6,6,8,13,3,0,0,0,0,0,0,0,0,0,0,15569,31,198,44,12370,1,6,17,3,0,0,0,0,0,0,0,0,0,0,0,0,0,0,0,0,0,0,0,0,0,0,1,0,0
411,18563,33,229,52,15764,1,9,4,11,15,5,0,0,0,0,0,0,0,0,0,1,13658,31,186,40,10292,0,10,51,0,0,0,0,0,0,0,0,1,1,0,0,0,0,0,0,0,0,0,0,0,1,0,0,0,1
548,16002,32,229,52,14024,1,6,2,11,17,3,0,0,0,0,0,0,0,1,1,0,14138,32,231,40,5922,0,2,16,4,0,0,0,0,0,0,0,0,0,1,0,0,0,0,0,1,0,0,0,0,0,0,1,1,1
576,16270,31,225,52,13113,1,6,4,6,15,4,0,0,0,0,0,0,0,0,0,0,15099,32,207,44,13337,0,4,15,6,0,0,0,0,0,0,0,1,1,1,0,0,0,0,0,0,0,0,0,1,0,0,0,0,1
1271,15101,33,174,52,14437,0,5,7,6,53,6,0,0,0,0,0,0,0,0,0,1,16684,31,217,48,14833,1,7,20,4,0,0,0,0,0,0,0,0,0,0,0,0,0,0,0,0,0,0,0,0,0,0,1,0,0
745,13399,30,166,44,11671,0,4,6,3,12,4,0,0,0,0,0,0,0,0,0,1,14549,31,162,42,14135,1,4,17,3,0,0,0,0,0,0,0,0,0,0,0,0,0,0,0,0,0,0,0,0,0,0,1,0,0
651,13990,33,246,48,9314,1,1,0,0,18,4,0,0,0,0,0,0,0,0,0,0,13203,33,231,51,7220,0,0,18,5,0,0,0,0,0,0,0,1,1,1,0,0,0,0,0,0,1,0,0,0,0,0,1,1,1
29,14868,34,216,56,9288,0,4,3,5,42,3,0,0,0,0,0,0,0,0,0,1,15120,33,241,44,8174,1,3,20,5,0,0,0,0,0,0,0,1,1,0,0,0,0,0,0,0,1,0,0,0,0,0,1,0,0
261,15585,31,205,44,13710,1,7,4,12,11,8,0,0,0,0,0,0,0,1,1,0,16422,34,249,43,11013,0,7,19,3,0,0,0,0,0,0,0,0,0,0,0,0,0,1,0,0,0,0,0,0,0,0,0,0,1
560,14037,32,184,60,9379,0,3,6,3,35,1,0,0,0,0,0,0,0,0,0,0,16036,33,218,48,11994,1,5,9,2,0,0,0,0,0,0,0,0,0,0,0,0,0,0,0,0,0,0,0,0,0,0,1,0,0
816,15437,31,192,44,12727,1,6,7,6,16,3,0,0,0,0,0,0,0,0,0,0,15242,30,198,44,11775,0,10,17,4,0,0,0,0,0,0,0,1,1,0,0,0,0,0,0,0,0,1,0,0,0,0,0,1,0
506,13949,30,205,36,11263,0,3,5,5,10,2,0,0,0,0,0,0,0,0,0,0,15010,32,211,44,13713,1,7,18,0,0,0,0,0,0,0,0,1,1,0,0,0,0,0,0,0,0,0,0,0,0,1,1,0,0
65,14653,33,220,52,10607,1,3,9,2,11,1,0,0,0,0,0,0,0,0,0,0,16906,33,202,44,15345,0,9,19,3,0,0,0,0,0,0,0,1,1,0,0,0,0,0,0,0,0,0,1,0,0,0,1,0,0
1124,14939,31,190,46,13037,1,5,6,6,31,2,0,0,0,0,0,0,0,0,0,0,15251,31,208,47,14457,0,7,13,10,0,0,0,0,0,0,0,1,1,0,0,0,0,0,0,0,0,0,0,0,0,1,1,0,0
275,16794,33,227,54,14241,1,9,2,8,19,8,0,0,0,0,0,0,0,1,1,0,13548,31,213,45,11528,0,0,18,5,0,0,0,0,0,0,0,0,0,0,0,1,0,0,0,0,0,0,0,0,0,0,1,1,1
1106,17203,32,198,36,17193,1,10,5,12,20,4,0,0,0,0,0,0,0,0,0,0,14885,30,173,40,12117,0,6,15,2,0,0,0,0,0,0,0,0,0,1,0,0,0,0,0,0,0,0,0,0,0,0,0,0,1
1155,15437,32,207,36,15796,0,7,8,9,18,1,0,0,0,0,0,0,0,0,0,0,15937,31,182,52,12809,1,9,15,4,0,0,0,0,0,0,0,0,0,0,0,0,0,0,0,0,0,0,0,0,0,0,1,0,0
772,15102,33,213,44,16236,1,7,5,4,153,1,0,0,0,0,0,0,0,1,1,0,14057,30,185,44,15005,0,6,10,1,0,0,0,0,0,0,0,0,0,0,1,0,0,0,0,0,0,0,0,0,0,0,1,1,1
240,15409,30,204,52,9680,1,5,5,3,13,1,0,0,0,0,0,0,0,0,0,1,15273,32,229,55,11461,0,4,18,4,0,0,0,0,0,0,0,1,1,0,0,0,0,0,0,0,0,0,0,0,1,0,1,0,0
820,15036,31,195,68,10962,0,6,4,8,12,2,0,0,0,0,0,0,0,1,1,0,14672,32,215,44,11816,1,4,13,1,0,0,0,0,0,0,0,0,0,0,0,0,1,0,0,0,0,0,0,0,0,0,0,0,1
554,16474,35,212,60,16065,1,7,2,8,20,4,0,0,0,0,0,0,0,0,0,1,14070,32,227,48,9600,0,3,16,1,0,0,0,0,0,0,0,0,0,0,0,0,0,0,0,0,0,0,0,0,0,0,1,1,1
898,15445,31,196,48,14633,0,6,11,11,17,5,0,0,0,0,0,0,0,0,0,0,18568,33,204,44,15190,1,16,33,5,0,0,0,0,0,0,0,1,1,1,0,0,0,0,0,0,0,0,0,0,1,0,1,0,0
718,16338,30,202,45,15581,0,8,8,7,17,4,0,0,0,0,0,0,0,0,0,0,15776,31,219,28,11261,1,3,27,6,0,0,0,0,0,0,0,0,0,0,0,0,0,0,0,0,0,0,0,0,0,0,1,1,1
879,17287,33,218,60,12468,0,9,8,14,19,3,0,0,0,0,0,0,0,0,0,0,16790,34,226,59,13148,1,9,12,5,0,0,0,0,0,0,0,0,0,0,0,0,0,0,0,0,0,0,0,0,0,0,1,0,0
1455,16375,32,210,52,13831,0,9,6,10,13,3,0,0,0,0,0,0,0,0,0,0,16492,32,225,52,15851,1,11,16,0,0,0,0,0,0,0,0,0,0,0,0,0,0,0,0,0,0,0,0,0,0,0,1,0,0
819,16165,31,188,48,16811,0,8,4,9,21,5,0,0,0,0,0,0,0,1,1,0,14274,30,175,48,11404,1,6,18,3,0,0,0,0,0,0,0,0,0,0,0,0,0,1,0,0,0,0,0,0,0,0,1,1,1
1320,16615,32,212,51,13271,1,8,4,10,18,4,0,0,0,0,0,0,0,0,0,0,14651,31,207,59,10307,0,3,15,2,0,0,0,0,0,0,0,1,1,0,0,0,0,0,0,0,0,0,1,0,0,0,0,0,1
752,16117,32,221,46,14399,1,7,3,9,16,7,0,0,0,0,0,0,0,1,1,0,14152,31,201,44,11029,0,2,16,6,0,0,0,0,0,0,0,0,0,0,0,0,0,0,0,1,0,0,0,0,0,0,1,1,1
462,13630,32,217,44,8780,1,2,4,2,16,4,0,0,0,0,0,0,0,0,0,0,14868,34,244,52,9389,0,3,14,6,0,0,0,0,0,0,0,1,1,0,0,0,0,0,0,0,0,0,0,0,0,1,1,0,0
1486,15940,33,222,54,12379,1,6,1,5,42,6,0,0,0,0,0,0,0,0,0,0,13623,33,207,53,8769,0,1,17,21,0,0,0,0,0,0,0,0,0,0,0,0,0,0,0,0,0,0,0,0,0,0,1,1,1
1273,16146,33,233,48,13062,1,6,4,4,19,0,0,0,0,0,0,0,0,0,0,0,13689,32,166,44,10779,0,6,19,2,0,0,0,0,0,0,0,0,0,0,0,0,0,0,0,0,0,0,0,0,0,0,1,1,1
44,13894,33,192,44,13682,1,4,2,4,16,4,0,0,0,0,0,0,0,0,0,0,13079,31,220,30,11370,0,3,18,3,0,0,0,0,0,0,0,0,0,0,0,0,0,0,0,0,0,0,0,0,0,0,1,1,1
184,15740,33,226,40,14775,0,6,5,9,15,6,0,0,0,0,0,0,0,0,0,0,15559,33,216,55,13600,1,2,19,3,0,0,0,0,0,0,0,0,0,1,0,0,0,0,0,0,0,0,0,0,0,0,1,1,1
614,17307,30,183,39,13823,1,8,6,23,17,2,1,0,1,0,0,1,0,1,1,0,15408,30,196,48,16810,0,6,15,9,0,0,0,0,0,0,0,0,0,0,0,0,0,1,0,0,0,0,0,0,0,0,1,1,1
361,15085,31,235,54,10786,0,4,7,3,13,3,0,0,0,0,0,0,0,0,0,0,15772,33,211,52,11194,1,7,14,1,0,0,0,0,0,0,0,1,1,0,0,0,0,0,0,0,0,0,0,0,0,1,0,0,1
1087,16314,32,212,50,12920,1,7,6,8,16,5,0,0,0,0,0,0,0,1,1,0,14932,33,194,39,11339,0,8,16,1,0,0,0,0,0,0,0,0,0,0,0,0,1,0,0,0,0,0,0,0,0,0,1,1,1
115,14081,32,214,44,12820,0,3,4,6,14,5,0,0,0,0,0,0,0,0,0,0,14578,33,211,48,12141,1,3,17,3,0,0,0,0,0,0,0,1,1,0,0,0,0,0,0,0,0,0,0,0,1,0,0,1,0
306,15405,33,204,60,11320,1,6,5,5,34,5,0,0,0,0,0,0,0,0,0,1,15395,32,240,36,16128,0,4,14,2,0,0,0,0,0,0,0,0,0,0,0,0,0,0,0,0,0,0,0,0,0,0,1,0,0
966,13974,30,162,52,9728,0,3,11,5,14,4,0,0,0,0,0,0,0,0,0,1,17443,31,194,55,15961,1,16,16,4,0,0,0,0,0,0,0,1,1,0,0,0,0,0,0,0,0,0,0,1,0,0,1,0,0
785,15565,33,223,48,13215,0,6,2,8,16,7,0,0,0,0,0,0,0,0,0,0,13988,32,220,44,11267,1,4,18,3,0,0,0,0,0,0,0,0,0,0,0,0,0,0,0,0,0,0,0,0,0,0,1,1,1
1225,14657,31,189,50,14460,1,6,4,8,18,3,0,0,0,0,0,0,0,1,1,1,14346,31,182,47,11780,0,5,58,5,0,0,0,0,0,0,0,0,0,0,1,0,0,0,0,0,0,0,0,0,0,0,0,0,1
425,16637,32,220,45,15590,1,8,5,9,31,5,0,0,0,0,0,0,0,0,0,1,14325,31,188,42,16860,0,5,16,2,0,0,0,0,0,0,0,0,0,0,0,0,0,0,0,0,0,0,0,0,0,0,0,0,1
316,13458,31,207,47,11744,0,1,4,2,19,4,0,0,0,0,0,0,0,0,0,0,15660,34,244,45,11161,1,5,17,4,0,0,0,0,0,0,0,1,1,0,0,0,0,0,0,0,0,1,0,0,0,0,1,0,0
527,16566,32,208,52,12798,0,8,8,8,14,3,0,0,0,0,0,0,0,0,0,1,16040,33,197,46,14989,1,9,16,2,0,0,0,0,0,0,0,1,1,0,0,0,0,0,0,0,0,0,0,0,0,1,1,0,0
78,14960,32,202,52,14550,0,4,3,7,24,4,0,0,0,0,0,0,0,0,0,0,14050,31,192,56,9656,1,2,24,7,0,0,0,0,0,0,0,0,0,0,0,0,0,0,0,0,0,0,0,0,0,0,0,0,1
490,14103,32,205,49,13423,0,3,9,7,11,4,0,0,0,0,0,0,0,0,0,0,16500,32,226,35,11525,1,11,21,2,0,0,0,0,0,0,0,0,0,0,0,0,0,0,0,0,0,0,0,0,0,0,1,0,0
1402,14007,32,209,47,9807,1,4,5,1,11,2,0,0,0,0,0,0,0,1,1,0,15013,33,218,53,14960,0,9,10,3,0,0,0,0,0,0,0,0,0,0,0,0,0,1,0,0,0,0,0,0,0,0,1,0,0
1006,14690,30,201,24,13601,1,6,7,7,17,3,0,0,0,0,0,0,0,0,0,0,15906,32,215,44,15398,0,8,15,6,0,0,0,0,0,0,0,1,1,0,0,0,0,0,0,0,0,0,0,1,0,0,1,0,0
1185,13958,31,196,40,11496,1,4,4,4,17,3,0,0,0,0,0,0,0,0,0,0,14537,32,219,44,11541,0,5,15,3,0,0,0,0,0,0,0,1,1,0,0,0,0,0,0,0,0,0,0,1,0,0,0,0,1
1368,12898,32,213,52,7903,0,0,4,0,16,4,0,0,0,0,0,0,0,1,1,0,15983,35,241,60,11932,1,3,16,6,0,0,0,0,0,0,0,0,0,1,0,0,1,0,0,0,0,0,0,0,0,0,1,0,0
15,14999,32,198,52,14079,0,5,13,3,18,3,0,0,0,0,0,0,0,0,0,0,18436,32,195,36,14824,1,20,15,9,0,0,0,0,0,0,0,0,0,1,0,0,0,0,0,0,0,0,0,0,0,0,1,0,0
575,14422,32,219,43,14098,0,3,8,2,27,7,0,0,0,0,0,0,0,0,0,0,16198,33,204,44,13512,1,5,19,2,0,0,0,0,0,0,0,0,0,0,0,0,0,0,0,0,0,0,0,0,0,0,1,0,0
371,14903,30,204,38,13693,1,5,5,9,19,8,0,0,0,0,0,0,0,0,0,1,14515,31,203,48,13924,0,5,38,5,0,0,0,0,0,0,0,1,1,0,0,0,0,0,0,0,0,0,0,0,1,0,0,1,0
660,16486,31,181,34,11683,1,8,8,11,13,6,0,0,0,0,0,0,0,0,0,0,16481,31,210,37,13171,0,8,16,3,0,0,0,0,0,0,0,1,1,0,0,0,0,0,0,0,0,0,0,1,0,0,1,0,0
461,14215,29,203,29,12340,0,5,5,7,12,4,0,0,0,0,0,0,0,0,0,0,15010,32,187,58,13872,1,3,15,0,0,0,0,0,0,0,0,0,0,1,0,0,0,0,0,0,0,0,0,0,0,0,0,0,1
478,16161,29,195,35,16064,1,9,6,13,21,5,0,0,0,0,0,0,0,0,0,0,15352,29,209,34,13425,0,7,15,4,0,0,0,0,0,0,0,0,0,0,0,0,0,0,0,0,0,0,0,0,0,0,0,0,1
836,18357,31,236,40,17797,1,10,9,18,17,3,0,0,0,0,0,0,0,0,0,0,17332,33,212,52,16747,0,20,19,2,0,0,0,0,0,0,0,0,0,0,0,0,0,0,0,0,0,0,0,0,0,0,1,1,1
1098,14760,33,224,56,12524,1,3,6,5,13,2,0,0,0,0,0,0,0,0,0,1,16511,35,235,60,11012,0,6,15,5,0,0,0,0,0,0,0,1,1,0,0,0,0,0,0,0,0,0,0,0,0,1,1,0,0
650,17582,33,235,44,14719,1,11,0,13,17,5,0,0,0,0,0,0,0,1,1,0,12904,31,223,52,11698,0,0,13,4,0,0,0,0,0,0,0,0,0,0,0,0,1,0,0,0,0,0,0,0,0,0,1,1,1
1347,14568,33,207,46,9534,1,3,5,3,14,1,0,0,0,0,0,0,0,0,0,0,15605,32,226,49,14308,0,9,13,3,0,0,0,0,0,0,0,0,0,0,0,0,0,0,0,0,0,0,0,0,0,0,1,0,0
543,16601,34,238,51,12005,1,5,6,8,14,2,0,0,0,0,0,0,0,0,0,1,15001,32,219,38,13885,0,7,12,1,0,0,0,0,0,0,0,1,1,0,0,0,0,0,0,0,0,0,0,0,1,0,1,1,1
381,14064,33,195,48,10628,0,3,3,3,15,5,0,0,0,0,0,0,0,0,0,1,14753,32,224,40,10587,1,3,17,1,0,0,0,0,0,0,0,1,1,0,0,0,0,0,0,0,1,0,0,0,0,0,1,0,0
841,18745,29,161,31,18440,1,12,8,20,15,1,0,0,0,0,0,0,0,0,0,0,15162,26,148,49,20365,0,16,16,3,0,0,0,0,0,0,0,0,0,0,0,0,0,0,0,0,0,0,0,0,0,0,0,0,1
289,16618,33,208,48,16363,0,9,8,10,17,5,0,0,0,0,0,0,0,0,0,0,15424,31,196,52,15955,1,3,35,5,0,0,0,0,0,0,0,0,0,0,0,0,0,0,0,0,0,0,0,0,0,0,1,1,1
220,15796,34,214,76,15181,1,4,4,3,25,2,0,0,0,0,0,0,0,1,1,0,14490,31,204,40,12762,0,6,17,3,0,0,0,0,0,0,0,0,0,0,0,0,0,0,0,1,0,0,0,0,0,0,0,0,1
1167,13391,31,216,40,10534,1,2,4,2,14,3,0,0,0,0,0,0,0,0,0,0,14999,33,230,55,10740,0,4,14,0,0,0,0,0,0,0,0,0,0,0,0,0,0,0,0,0,0,0,0,0,0,0,1,0,0
1088,13830,32,216,50,9184,1,1,0,2,18,5,0,0,0,0,0,0,0,0,0,0,13633,34,229,48,10338,0,0,19,4,0,0,0,0,0,0,0,1,1,0,0,0,0,0,0,0,0,0,0,0,0,1,1,1,1
901,15288,31,190,32,13125,1,6,7,6,23,9,0,0,0,0,0,0,0,0,0,0,14851,30,193,36,13799,0,13,22,5,0,0,0,0,0,0,0,0,0,0,0,0,0,0,0,0,0,0,0,0,0,0,1,0,0
1034,14373,32,212,48,10351,1,4,3,5,18,2,0,0,0,0,0,0,0,1,1,0,14944,32,218,43,10224,0,4,16,3,0,0,0,0,0,0,0,0,0,0,0,0,0,0,1,0,0,0,0,0,0,0,0,0,1
610,16113,32,171,53,18251,0,6,5,10,19,1,0,0,0,0,0,0,0,0,0,1,14008,33,187,42,12516,1,3,15,7,0,0,0,0,0,0,0,0,0,0,0,0,0,0,0,0,0,0,0,0,0,0,1,1,1
500,15862,32,189,40,17946,1,8,5,7,19,1,0,0,0,0,0,0,0,0,0,0,15583,33,213,52,15463,0,6,33,1,0,0,0,0,0,0,0,0,0,0,0,0,0,0,0,0,0,0,0,0,0,0,0,1,0
1063,14242,30,180,52,8267,1,4,4,3,17,4,0,0,0,0,0,0,0,1,1,1,13704,31,211,40,13240,0,2,17,2,0,0,0,0,0,0,0,0,0,0,0,0,0,0,0,1,0,0,0,0,0,0,1,0,0
1157,15934,33,206,56,14059,1,7,5,8,18,5,0,0,0,0,0,0,0,1,1,0,15324,33,216,44,14302,0,2,25,2,0,0,0,0,0,0,0,0,0,0,1,0,0,0,0,0,0,0,0,0,0,0,1,0,0
982,14637,31,221,52,11099,1,4,5,2,15,4,0,0,0,0,0,0,0,0,0,0,15500,32,234,55,12845,0,5,17,2,0,0,0,0,0,0,0,1,1,0,0,0,0,0,0,0,1,0,0,0,0,0,1,0,0
1503,14107,32,235,52,6238,0,2,2,3,12,3,0,0,0,0,0,0,0,1,1,0,14520,33,217,64,5785,1,2,18,3,0,0,0,0,0,0,0,0,0,1,1,0,0,0,0,0,0,0,0,0,0,0,0,1,0
1073,14894,31,193,40,12959,0,6,11,6,14,2,0,0,0,0,0,0,0,0,0,0,18170,31,181,38,18073,1,13,15,1,0,0,0,0,0,0,0,0,0,0,0,0,0,0,0,0,0,0,0,0,0,0,1,0,0
43,16159,34,226,63,12044,1,5,5,8,19,0,0,0,0,0,0,0,0,0,0,1,15691,34,231,48,9523,0,5,16,1,0,0,0,0,0,0,0,1,1,0,0,0,0,0,0,0,1,0,0,0,0,0,0,1,0
1391,15067,31,185,55,9952,1,5,5,8,10,5,0,0,0,0,0,0,0,0,0,0,14986,30,188,44,13204,0,6,32,5,0,0,0,0,0,0,0,0,0,0,0,0,0,0,0,0,0,0,0,0,0,0,1,0,0
365,14846,32,209,40,9684,1,6,5,10,17,4,0,0,0,0,0,0,0,1,1,0,16874,34,241,60,13370,0,5,17,5,0,0,0,0,0,0,0,0,0,1,0,1,0,0,0,0,0,0,0,0,0,0,0,1,0
244,14715,32,201,48,13179,0,7,4,1,21,5,0,0,0,0,0,0,0,0,0,0,13771,29,164,39,11972,1,7,20,5,0,0,0,0,0,0,0,0,0,0,0,0,0,0,0,0,0,0,0,0,0,0,1,1,1
864,13835,31,197,52,10213,0,3,3,4,14,6,0,0,0,0,0,0,0,1,1,0,14895,32,203,56,15711,1,4,38,0,0,0,0,0,0,0,0,0,0,1,0,0,0,0,1,0,0,0,0,0,0,0,0,0,1
101,16711,33,227,48,12249,0,7,4,7,17,4,0,0,0,0,0,0,0,1,1,0,15005,31,212,44,11385,1,6,15,4,0,0,0,0,0,0,0,0,0,1,0,0,0,1,0,0,0,0,0,0,0,0,1,1,1
405,14731,29,169,36,12733,1,6,5,9,18,2,0,0,0,0,0,0,0,0,0,1,15751,30,225,35,12459,0,7,32,6,0,0,0,0,0,0,0,0,0,0,0,0,0,0,0,0,0,0,0,0,0,0,0,0,1
598,15700,32,216,56,11665,0,6,8,7,15,5,0,0,0,0,0,0,0,0,0,0,17037,34,227,52,14559,1,10,19,4,0,0,0,0,0,0,0,0,0,0,0,0,0,0,0,0,0,0,0,0,0,0,1,0,0
107,15658,31,193,40,12127,0,8,11,7,12,5,0,0,0,0,0,0,0,0,0,0,17922,33,207,48,18807,1,16,16,1,0,0,0,0,0,0,0,0,0,0,0,0,0,0,0,0,0,0,0,0,0,0,1,0,0
351,15553,32,210,46,13384,0,6,6,10,10,0,0,0,0,0,0,0,0,1,1,0,16243,32,219,49,12349,1,9,14,2,0,0,0,0,0,0,0,0,0,0,0,1,0,0,0,0,0,0,0,0,0,0,0,1,0
1421,12992,33,217,56,9467,0,0,7,0,15,1,0,0,0,0,0,0,0,0,0,0,15724,34,211,44,11323,1,11,10,2,0,0,0,0,0,0,0,1,1,0,0,0,0,0,0,0,0,0,1,0,0,0,1,0,0
1007,14721,31,193,46,11499,0,4,5,7,20,3,0,0,0,0,0,0,0,0,0,1,16581,33,225,41,12805,1,8,14,4,0,0,0,0,0,0,0,0,0,0,0,0,0,0,0,0,0,0,0,0,0,0,1,0,0
949,14131,32,198,48,12162,1,4,5,5,15,5,0,0,0,0,0,0,0,1,1,0,15358,32,220,48,14425,0,5,15,4,0,0,0,0,0,0,0,0,0,0,1,0,0,0,0,0,0,0,0,0,0,0,0,1,0
1149,15105,29,159,43,16915,0,6,14,9,18,5,0,0,0,0,0,0,0,0,0,0,18726,33,228,40,20101,1,10,17,9,0,0,0,0,0,0,0,1,1,0,0,0,0,0,0,0,0,1,0,0,0,0,1,0,0
711,15467,32,203,47,12023,1,5,2,10,16,1,0,0,0,0,0,0,0,1,1,0,13327,31,158,45,8901,0,4,43,5,0,0,0,0,0,0,0,0,0,0,0,1,0,0,0,0,0,0,0,0,0,0,1,1,1
1301,15593,30,195,44,11125,1,7,11,10,18,2,0,0,0,0,0,0,0,0,0,0,17925,33,220,36,16525,0,18,14,5,0,0,0,0,0,0,0,0,0,0,0,0,0,0,0,0,0,0,0,0,0,0,0,1,0
793,13228,31,164,52,9053,0,3,8,3,125,1,0,0,0,0,0,0,0,0,0,0,16869,31,212,51,14532,1,14,17,5,0,0,0,0,0,0,0,0,0,0,0,0,0,0,0,0,0,0,0,0,0,0,0,1,0
128,14713,33,230,49,11260,1,4,2,2,17,5,0,0,0,0,0,0,0,1,1,0,13863,31,204,48,12079,0,1,19,4,0,0,0,0,0,0,0,0,0,0,0,0,1,0,0,0,0,0,0,0,0,0,1,1,1
297,16465,31,198,48,15189,1,9,8,6,17,7,0,0,0,0,0,0,0,0,0,0,16214,32,205,48,17046,0,7,23,5,0,0,0,0,0,0,0,1,1,0,0,0,0,0,0,0,1,0,0,0,0,0,0,0,1
247,14130,32,213,43,12686,0,3,5,3,20,5,0,0,0,0,0,0,0,1,1,0,15147,31,241,39,13770,1,7,17,4,0,0,0,0,0,0,0,0,0,0,0,0,1,0,0,0,0,0,0,0,0,0,1,0,0
1030,15982,33,203,48,17540,0,6,6,8,16,1,0,0,0,0,0,0,0,0,0,1,14829,31,193,56,15027,1,3,15,5,0,0,0,0,0,0,0,1,1,0,0,0,0,0,0,0,0,0,0,0,1,0,0,1,0
1469,16546,32,213,46,11909,1,7,1,12,17,4,0,0,0,0,0,0,0,0,0,0,13342,31,212,44,9573,0,1,17,6,0,0,0,0,0,0,0,0,0,0,0,0,0,0,0,0,0,0,0,0,0,0,1,1,1
237,18462,34,214,36,20116,1,14,8,16,21,4,0,0,0,0,0,0,0,1,1,0,15753,32,210,44,16709,0,11,15,4,0,0,0,0,0,0,0,0,0,0,0,0,0,0,0,1,0,0,0,0,0,0,1,1,1
552,17516,31,180,49,17323,0,10,6,19,18,2,0,0,0,0,0,0,0,0,0,0,15078,29,167,50,12110,1,11,16,4,0,0,0,0,0,0,0,0,0,0,0,0,0,0,0,0,0,0,0,0,0,0,1,1,1
1339,13500,34,206,54,7761,1,1,1,1,37,3,0,0,0,0,0,0,0,0,0,0,13827,32,221,53,10079,0,1,20,2,0,0,0,0,0,0,0,1,1,1,0,0,0,0,0,0,0,1,0,0,0,0,1,0,0
1251,14785,33,225,49,9357,0,4,7,2,14,6,0,0,0,0,0,0,0,0,0,1,16880,31,226,52,13231,1,11,16,3,0,0,0,0,0,0,0,1,1,0,0,0,0,0,0,0,0,0,1,0,0,0,1,0,0
413,14736,32,212,40,12569,0,4,4,4,18,2,0,0,0,0,0,0,0,0,0,0,14227,30,166,40,10689,1,4,21,3,0,0,0,0,0,0,0,0,0,1,0,0,0,0,0,0,0,0,0,0,0,0,1,1,1
534,15616,31,182,55,16009,0,8,10,15,15,1,0,0,0,0,0,0,0,0,0,1,16691,31,183,40,14707,1,14,14,3,0,0,0,0,0,0,0,1,1,0,0,0,0,0,0,0,0,0,0,1,0,0,1,0,0
32,14667,32,203,51,11526,0,2,6,2,15,3,0,0,0,0,0,0,0,0,0,1,16725,32,225,44,14025,1,7,17,4,0,0,0,0,0,0,0,0,0,0,0,0,0,0,0,0,0,0,0,0,0,0,1,0,0
679,15744,32,159,47,14459,1,9,7,8,17,1,0,0,0,0,0,0,0,0,0,1,16015,32,191,36,15928,0,9,14,4,0,0,0,0,0,0,0,1,1,0,0,0,0,0,0,0,1,0,0,0,0,0,1,0,0
486,15436,32,223,49,12781,1,5,6,6,24,5,0,0,0,0,0,0,0,0,0,1,15602,32,197,57,15068,0,3,25,4,0,0,0,0,0,0,0,0,0,0,0,0,0,0,0,0,0,0,0,0,0,0,0,1,0
394,14448,32,226,52,9890,0,2,3,1,32,3,0,0,0,0,0,0,0,0,0,1,13648,31,168,40,12555,1,2,16,2,0,0,0,0,0,0,0,0,0,0,0,0,0,0,0,0,0,0,0,0,0,0,1,1,1
1362,15525,31,180,48,13351,0,6,7,11,17,4,0,0,0,0,0,0,0,0,0,0,16315,32,199,52,12713,1,12,12,2,0,0,0,0,0,0,0,1,1,0,0,0,0,0,0,0,0,0,1,0,0,0,0,0,1
1512,14461,32,188,36,13199,0,5,4,5,15,3,0,0,0,0,0,0,0,0,0,0,15495,33,212,56,14908,1,2,17,0,0,0,0,0,0,0,0,1,1,1,0,0,0,0,0,0,1,0,0,0,0,0,0,0,1
1458,14811,33,203,48,10052,1,4,5,4,15,6,0,0,0,0,0,0,0,0,0,1,14563,33,209,52,11640,0,3,31,0,0,0,0,0,0,0,0,0,0,0,0,0,0,0,0,0,0,0,0,0,0,0,1,1,1
274,16354,34,225,56,15777,1,6,5,4,22,3,0,0,0,0,0,0,0,1,1,0,14617,33,222,28,11762,0,4,17,3,0,0,0,0,0,0,0,0,0,0,0,0,1,0,0,0,0,0,0,0,0,0,1,1,1
1043,15144,32,193,54,11538,1,5,7,4,33,5,0,0,0,0,0,0,0,0,0,1,16050,32,202,49,13508,0,10,15,7,0,0,0,0,0,0,0,1,1,0,0,0,0,0,0,0,0,0,1,0,0,0,1,0,0
1261,15300,33,198,43,11789,1,4,3,6,21,5,0,0,0,0,0,0,0,0,0,0,13399,33,184,51,8582,0,5,15,4,0,0,0,0,0,0,0,0,0,0,0,0,0,0,0,0,0,0,0,0,0,0,1,1,1
1302,14119,31,203,44,13818,0,3,9,3,17,1,0,0,0,0,0,0,0,0,0,0,17755,33,237,44,14425,1,8,16,2,0,0,0,0,0,0,0,1,1,1,0,0,0,0,0,0,1,0,0,0,0,0,1,0,0
380,14956,31,202,53,12048,0,4,4,4,26,4,0,0,0,0,0,0,0,0,0,0,13430,30,185,32,13117,1,2,16,3,0,0,0,0,0,0,0,0,0,0,0,0,0,0,0,0,0,0,0,0,0,0,1,1,1
163,16970,33,224,46,15198,1,8,4,12,17,4,0,0,0,0,0,0,0,0,0,0,14221,31,178,45,14481,0,7,17,5,0,0,0,0,0,0,0,0,0,0,0,0,0,0,0,0,0,0,0,0,0,0,1,1,1
1221,15113,31,216,48,12293,1,5,3,3,12,4,0,0,0,0,0,0,0,0,0,0,13144,32,199,38,11514,0,2,16,2,0,0,0,0,0,0,0,1,1,0,0,0,0,0,0,0,0,1,0,0,0,0,1,1,1
277,15461,33,215,39,13217,1,7,5,5,13,4,0,0,0,0,0,0,0,0,0,0,14658,32,224,47,13602,0,4,18,3,0,0,0,0,0,0,0,0,0,0,0,0,0,0,0,0,0,0,0,0,0,0,0,0,1
715,14263,31,221,40,15060,0,1,4,1,38,1,0,0,0,0,0,0,0,0,0,0,13998,31,198,28,10791,1,3,10,20,0,0,0,0,0,0,0,0,0,0,0,0,0,0,0,0,0,0,0,0,0,0,0,0,1
427,16722,31,191,40,19386,1,8,15,13,23,3,0,0,0,0,0,0,0,0,0,1,18955,30,203,38,22070,0,19,19,9,0,0,0,0,0,0,0,1,1,0,0,0,0,0,0,0,0,0,0,0,0,1,1,0,0
270,14516,31,226,36,7951,0,4,4,6,15,5,0,0,0,0,0,0,0,0,0,0,15515,34,222,76,9295,1,6,15,4,0,0,0,0,0,0,0,1,1,0,0,0,0,0,0,0,0,1,0,0,0,0,1,0,0
1349,16843,35,262,55,11568,1,6,3,8,17,6,0,0,0,0,0,0,0,1,1,0,14910,33,237,45,11475,0,3,18,6,0,0,0,0,0,0,0,0,0,0,0,0,1,0,0,0,0,0,0,0,0,0,1,1,1
1416,12924,30,181,42,12593,1,2,8,4,15,3,0,0,0,0,0,0,0,0,0,0,15793,32,209,35,17117,0,10,16,2,0,0,0,0,0,0,0,0,0,0,0,0,0,0,0,0,0,0,0,0,0,0,1,0,0
309,14080,31,200,56,8561,0,2,2,4,21,3,0,0,0,0,0,0,0,1,1,0,14029,32,221,40,8296,1,3,19,6,0,0,0,0,0,0,0,0,0,0,0,1,0,0,0,0,0,0,0,0,0,0,1,0,0
1204,16554,34,218,52,9388,0,7,2,8,15,5,0,0,0,0,0,0,0,0,0,1,14391,33,228,57,10541,1,3,35,3,0,0,0,0,0,0,0,1,1,0,0,0,0,0,0,0,0,0,0,0,0,1,1,1,1
1103,13657,32,202,52,8331,0,2,2,4,18,4,0,0,0,0,0,0,0,0,0,1,14638,32,216,48,12131,1,2,21,4,0,0,0,0,0,0,0,0,0,0,0,0,0,0,0,0,0,0,0,0,0,0,1,0,0
192,13359,32,219,48,11463,0,1,5,1,39,4,0,0,0,0,0,0,0,0,0,0,14499,34,214,44,13724,1,2,18,12,0,0,0,0,0,0,0,1,1,0,0,0,0,0,0,0,1,0,0,0,0,0,1,0,0
1397,14643,28,191,40,9628,0,4,4,4,8,2,0,0,0,0,0,0,0,0,0,0,15975,31,185,44,11440,1,6,15,2,1,0,1,0,0,1,0,1,1,0,0,0,0,0,0,0,0,0,0,0,0,1,1,0,0
845,14722,34,210,48,14387,0,5,4,2,17,4,0,0,0,0,0,0,0,0,0,1,14824,32,198,48,13872,1,4,21,5,0,0,0,0,0,0,0,1,1,0,0,0,0,0,0,0,0,0,0,1,0,0,0,0,1
1078,13097,32,198,48,12371,0,2,6,1,16,1,0,0,0,0,0,0,0,0,0,1,16230,33,224,47,11664,1,7,12,4,0,0,0,0,0,0,0,1,1,0,0,0,0,0,0,0,0,0,0,0,1,0,1,0,0
63,13682,30,190,44,13075,1,3,13,2,14,0,0,0,0,0,0,0,0,1,1,0,19980,35,245,56,19371,0,16,14,5,0,0,0,0,0,0,0,0,0,0,0,0,0,0,1,0,0,0,0,0,0,0,1,0,0
701,14354,31,208,32,16657,0,4,7,3,20,2,0,0,0,0,0,0,0,0,0,0,16111,31,198,36,15203,1,10,17,3,0,0,0,0,0,0,0,1,1,0,0,0,0,0,0,0,1,0,0,0,0,0,0,1,0
868,15606,32,229,42,14349,1,4,4,4,17,2,0,0,0,0,0,0,0,0,0,0,13817,32,178,54,12603,0,7,14,1,0,0,0,0,0,0,0,0,0,0,0,0,0,0,0,0,0,0,0,0,0,0,1,1,1
918,13030,32,214,48,8097,0,1,4,1,14,6,0,0,0,0,0,0,0,1,1,1,15125,33,242,48,11285,1,4,18,2,0,0,0,0,0,0,0,0,0,0,0,0,1,0,0,0,0,0,0,0,0,0,1,0,0
930,15502,33,213,40,11998,1,6,5,12,12,6,0,0,0,0,0,0,0,0,0,0,15109,32,199,44,16350,0,11,15,4,0,0,0,0,0,0,0,0,0,0,0,0,0,0,0,0,0,0,0,0,0,0,1,0,0
682,16604,33,232,36,10255,0,7,6,5,21,4,0,0,0,0,0,0,0,0,0,0,15604,33,201,54,14381,1,3,24,2,0,0,0,0,0,0,0,0,0,1,0,0,0,0,0,0,0,0,0,0,0,0,1,1,1
271,15575,33,211,44,13575,1,6,8,6,15,5,0,0,0,0,0,0,0,0,0,0,18043,33,215,44,14666,0,7,17,3,0,0,0,0,0,0,0,0,0,1,0,0,0,0,0,0,0,0,0,0,0,0,1,0,0
535,14857,32,204,55,12150,0,4,5,5,27,3,0,0,0,0,0,0,0,0,0,0,15823,32,227,40,9618,1,5,13,1,0,0,0,0,0,0,0,0,0,1,0,0,0,0,0,0,0,0,0,0,0,0,0,1,0
497,15449,34,203,48,10903,0,6,4,6,14,4,0,0,0,0,0,0,0,0,0,0,14888,32,237,39,11956,1,4,15,2,0,0,0,0,0,0,0,1,1,0,0,0,0,0,0,0,1,0,0,0,0,0,1,0,0
1375,14910,30,179,47,12304,0,4,8,7,21,2,0,0,0,0,0,0,0,0,0,0,17384,33,213,39,15630,1,12,14,5,0,0,0,0,0,0,0,0,0,0,0,0,0,0,0,0,0,0,0,0,0,0,1,0,0
198,14449,31,181,42,10987,0,5,5,5,18,5,0,0,0,0,0,0,0,0,0,0,15732,33,227,49,11619,1,5,18,1,0,0,0,0,0,0,0,0,0,0,0,0,0,0,0,0,0,0,0,0,0,0,0,1,0
931,15579,34,206,53,11806,1,5,2,4,16,2,0,0,0,0,0,0,0,0,0,1,14581,32,234,49,9862,0,2,14,4,0,0,0,0,0,0,0,0,0,0,0,0,0,0,0,0,0,0,0,0,0,0,0,0,1
620,16030,33,199,52,10366,1,6,3,5,17,4,0,0,0,0,0,0,0,0,0,0,14593,32,202,40,11511,0,4,14,2,0,0,0,0,0,0,0,0,0,0,0,0,0,0,0,0,0,0,0,0,0,0,0,0,1
1252,14593,32,199,41,8927,0,5,3,3,19,5,0,0,0,0,0,0,0,0,0,0,14729,33,220,58,13157,1,1,22,5,0,0,0,0,0,0,0,1,1,0,0,0,0,0,0,0,0,1,0,0,0,0,0,1,0
1131,13434,32,232,44,11453,0,1,3,0,31,2,0,0,0,0,0,0,0,0,0,0,14089,32,204,36,11745,1,2,18,5,0,0,0,0,0,0,0,0,0,0,0,0,0,0,0,0,0,0,0,0,0,0,1,0,0
571,14075,32,199,56,8522,0,3,4,4,14,5,0,0,0,0,0,0,0,0,0,1,15594,32,222,51,11501,1,10,21,3,0,0,0,0,0,0,0,1,1,0,0,0,0,0,0,0,0,0,0,0,0,1,0,1,0
218,13405,32,217,40,10872,0,2,7,1,15,3,0,0,0,0,0,0,0,0,0,1,16337,33,240,40,13540,1,11,18,2,0,0,0,0,0,0,0,1,1,0,0,0,0,0,0,0,0,1,0,0,0,0,1,0,0
479,13701,31,200,44,12584,0,2,6,3,13,2,0,0,0,0,0,0,0,1,1,0,15414,33,210,44,14788,1,9,29,1,0,0,0,0,0,0,0,0,0,0,0,0,0,0,1,0,0,0,0,0,0,0,1,0,0
30,14623,32,218,56,12426,0,2,2,4,23,4,0,0,0,0,0,0,0,1,1,1,14248,33,206,52,10548,1,2,13,4,0,0,0,0,0,0,0,0,0,0,0,0,0,0,1,0,0,0,0,0,0,0,0,1,0
56,13907,33,203,42,11007,1,3,4,4,15,3,0,0,0,0,0,0,0,1,1,0,15225,32,225,50,10818,0,4,16,1,0,0,0,0,0,0,0,0,0,0,1,0,0,0,0,0,0,0,0,0,0,0,0,1,0
1228,15802,34,203,54,13877,1,6,2,8,18,2,0,0,0,0,0,0,0,1,1,1,14035,33,224,40,11354,0,2,15,3,0,0,0,0,0,0,0,0,0,0,0,0,0,0,1,0,0,0,0,0,0,0,1,1,1
899,15321,32,235,50,11009,1,3,1,5,21,4,0,0,0,0,0,0,0,0,0,0,13465,32,221,42,7826,0,0,36,7,0,0,0,0,0,0,0,0,0,0,0,0,0,0,0,0,0,0,0,0,0,0,1,1,1
1166,14743,32,194,44,14488,0,5,7,7,19,3,0,0,0,0,0,0,0,1,1,0,16015,31,206,48,13543,1,12,21,4,0,0,0,0,0,0,0,0,0,0,0,1,0,0,0,0,0,0,0,0,0,0,0,1,0
1024,19426,32,199,36,18814,1,14,6,15,18,8,1,0,1,0,0,1,0,0,0,0,15851,30,195,56,13106,0,5,18,7,0,0,0,0,0,0,0,0,0,0,0,0,0,0,0,0,0,0,0,0,0,0,1,1,1
422,15449,32,209,48,13118,0,6,8,7,15,4,0,0,0,0,0,0,0,0,0,0,16008,32,203,48,11084,1,10,17,6,0,0,0,0,0,0,0,1,1,0,0,0,0,0,0,0,0,1,0,0,0,0,1,0,0
787,13697,30,185,32,9995,1,3,4,4,12,0,0,0,0,0,0,0,0,0,0,0,14738,32,205,39,15916,0,7,36,3,0,0,0,0,0,0,0,0,0,0,0,0,0,0,0,0,0,0,0,0,0,0,1,0,0
1026,16930,33,237,40,13293,1,8,4,8,15,3,0,0,0,0,0,0,0,0,0,1,13536,31,190,44,11066,0,5,18,1,0,0,0,0,0,0,0,1,1,0,0,0,0,0,0,0,0,0,0,1,0,0,1,1,1
1353,13472,32,214,46,10223,0,1,4,0,44,2,0,0,0,0,0,0,0,0,0,0,15171,33,225,49,9486,1,6,14,5,0,0,0,0,0,0,0,0,0,0,0,0,0,0,0,0,0,0,0,0,0,0,1,0,0
342,16062,33,241,44,12829,1,6,5,5,18,6,0,0,0,0,0,0,0,0,0,0,14933,33,221,47,8913,0,3,18,3,0,0,0,0,0,0,0,0,0,0,0,0,0,0,0,0,0,0,0,0,0,0,1,1,1
583,15623,33,202,60,13914,0,7,5,5,19,4,0,0,0,0,0,0,0,1,1,1,14603,33,202,40,14321,1,7,14,4,0,0,0,0,0,0,0,0,0,0,0,0,0,0,1,0,0,0,0,0,0,0,0,0,1
1445,16842,31,186,52,16764,0,10,5,8,54,13,0,0,0,0,0,0,0,1,1,0,15598,30,195,44,14609,1,10,33,3,0,0,0,0,0,0,0,0,0,0,0,0,1,0,0,0,0,0,0,0,0,0,1,1,1
858,15805,33,204,48,13512,0,6,3,7,43,4,0,0,0,0,0,0,0,0,0,0,13911,30,199,36,11190,1,3,16,3,0,0,0,0,0,0,0,0,0,1,0,0,0,0,0,0,0,0,0,0,0,0,1,1,1
544,13861,29,173,36,14272,1,5,12,4,19,3,0,0,0,0,0,0,0,0,0,0,17635,32,189,43,17832,0,9,24,3,0,0,0,0,0,0,0,0,0,0,0,0,0,0,0,0,0,0,0,0,0,0,1,0,0
426,16245,31,200,60,16865,1,8,12,5,20,2,0,0,0,0,0,0,0,0,0,0,17157,33,186,40,17380,0,13,13,4,0,0,0,0,0,0,0,1,1,0,0,0,0,0,0,0,0,1,0,0,0,0,1,0,0
1288,15717,32,195,44,18934,0,9,8,7,15,4,0,0,0,0,0,0,0,1,1,0,16610,33,173,52,12954,1,10,12,4,0,0,0,0,0,0,0,0,0,1,0,0,0,0,0,1,0,0,0,0,0,0,0,0,1
415,16058,32,229,31,11415,1,8,8,8,20,6,0,0,0,0,0,0,0,0,0,0,15355,31,198,51,14869,0,6,17,5,0,0,0,0,0,0,0,1,1,0,0,0,0,0,0,0,1,0,0,0,0,0,0,1,0
367,14474,33,240,51,7771,1,2,7,1,18,5,0,0,0,0,0,0,0,1,1,0,15697,33,232,37,9345,0,5,21,2,0,0,0,0,0,0,0,0,0,0,0,0,0,0,1,0,0,0,0,0,0,0,1,0,0
756,17217,32,189,27,17955,0,12,6,12,25,0,0,0,0,0,0,0,0,0,0,0,14638,29,189,33,15400,1,7,12,3,0,0,0,0,0,0,0,0,0,0,0,0,0,0,0,0,0,0,0,0,0,0,1,1,1
1327,18927,33,206,36,20156,1,16,3,20,16,5,0,0,0,0,0,0,0,0,0,0,13275,31,176,44,15512,0,3,15,5,0,0,0,0,0,0,0,1,1,0,0,0,0,0,0,0,0,0,0,0,1,0,1,1,1
1202,13823,32,219,44,10007,0,1,5,1,58,4,0,0,0,0,0,0,0,0,0,0,15885,33,246,44,10974,1,2,35,19,0,0,0,0,0,0,0,0,0,0,0,0,0,0,0,0,0,0,0,0,0,0,1,0,0
705,13630,28,166,48,9712,0,4,4,9,34,5,0,0,0,0,0,0,0,0,0,1,14992,31,218,44,9740,1,7,15,3,0,0,0,0,0,0,0,1,1,0,0,0,0,0,0,0,1,0,0,0,0,0,1,0,0
601,15918,33,238,53,10267,1,6,4,10,15,3,0,0,0,0,0,0,0,1,1,0,14953,32,216,33,8657,0,5,15,3,0,0,0,0,0,0,0,0,0,1,0,0,0,1,0,0,0,0,0,0,0,0,1,1,1
988,15893,32,199,44,15647,0,6,11,7,14,4,0,0,0,0,0,0,0,1,1,0,17527,31,204,44,17333,1,17,16,2,0,0,0,0,0,0,0,0,0,0,0,1,0,0,0,0,0,0,0,0,0,0,1,0,0
1181,13741,33,213,41,7948,1,2,4,2,18,3,0,0,0,0,0,0,0,1,1,0,15052,33,239,50,10063,0,5,24,4,0,0,0,0,0,0,0,0,0,0,0,0,0,0,0,1,0,0,0,0,0,0,0,1,0
1160,15034,32,204,60,10318,0,4,7,9,17,3,0,0,0,0,0,0,0,0,0,0,16717,31,198,41,9091,1,12,17,2,0,0,0,0,0,0,0,1,1,0,0,0,0,0,0,0,0,0,0,0,0,1,1,0,0
236,15529,30,193,54,12192,0,6,5,7,13,1,0,0,0,0,0,0,0,0,0,1,14555,30,188,36,13499,1,5,16,0,0,0,0,0,0,0,0,0,0,0,0,0,0,0,0,0,0,0,0,0,0,0,1,1,1
818,15373,35,231,56,14414,0,4,3,4,19,0,0,0,0,0,0,0,0,0,0,0,13572,32,196,43,9749,1,2,13,4,0,0,0,0,0,0,0,1,1,0,0,0,0,0,0,0,0,0,0,0,1,0,1,1,1
983,13986,31,221,48,10977,0,3,5,4,11,5,0,0,0,0,0,0,0,1,1,0,15141,33,207,39,11674,1,5,19,1,0,0,0,0,0,0,0,0,0,0,0,0,0,1,0,0,0,0,0,0,0,0,1,1,1
1466,15940,32,228,43,13294,1,5,5,7,20,2,0,0,0,0,0,0,0,0,0,0,14833,32,211,56,11463,0,5,16,1,0,0,0,0,0,0,0,0,0,0,0,0,0,0,0,0,0,0,0,0,0,0,1,1,1
1111,16686,32,225,47,14827,1,6,6,6,15,1,0,0,0,0,0,0,0,0,0,0,15531,31,199,48,11922,0,7,11,6,0,0,0,0,0,0,0,0,0,0,0,0,0,0,0,0,0,0,0,0,0,0,1,1,1
493,14796,33,221,49,9867,1,4,4,3,16,2,0,0,0,0,0,0,0,0,0,0,14374,33,226,47,12322,0,6,15,5,0,0,0,0,0,0,0,1,1,0,0,0,0,0,0,0,0,0,1,0,0,0,0,0,1
208,15742,33,194,56,11735,1,6,8,7,17,2,0,0,0,0,0,0,0,0,0,1,16466,33,220,48,12831,0,6,12,6,0,0,0,0,0,0,0,1,1,0,0,0,0,0,0,0,0,0,0,0,0,1,1,0,0
1502,19628,32,204,51,15837,1,9,4,10,20,2,1,0,1,0,0,1,0,1,1,1,13175,30,183,48,9380,0,2,12,6,0,0,0,0,0,0,0,0,0,0,1,0,0,0,0,0,0,0,0,0,0,0,1,1,1
1253,13355,27,141,47,9849,1,4,9,3,133,2,0,0,0,0,0,0,0,0,0,0,18181,33,235,51,13803,0,8,15,5,0,0,0,0,0,0,0,1,1,1,0,0,0,0,0,0,0,1,0,0,0,0,1,0,0
374,15360,31,192,52,14143,1,6,4,13,17,5,0,0,0,0,0,0,0,1,1,0,15717,32,205,52,13020,0,7,16,4,0,0,0,0,0,0,0,0,0,1,0,1,0,0,0,0,0,0,0,0,0,0,1,1,1
58,14461,32,200,28,13631,0,4,9,5,17,1,0,0,0,0,0,0,0,0,0,0,17018,33,221,31,15876,1,9,15,12,0,0,0,0,0,0,0,0,0,0,0,0,0,0,0,0,0,0,0,0,0,0,1,0,0
339,17407,32,177,48,16532,1,10,5,15,33,4,0,0,0,0,0,0,0,0,0,1,14681,32,194,44,14987,0,7,14,2,0,0,0,0,0,0,0,0,0,0,0,0,0,0,0,0,0,0,0,0,0,0,1,1,1
430,18662,34,247,54,17688,0,11,3,25,21,6,0,0,0,0,0,0,0,0,0,0,14285,31,208,52,10535,1,7,14,2,0,0,0,0,0,0,0,1,1,0,0,0,0,0,0,0,0,0,0,0,0,1,1,1,1
1214,17511,33,203,36,14206,1,11,3,12,29,2,0,0,0,0,0,0,0,0,0,0,13974,32,219,49,9988,0,4,13,5,0,0,0,0,0,0,0,1,1,0,0,0,0,0,0,0,0,0,0,0,0,1,1,1,1
744,14634,30,201,44,13805,0,3,13,3,17,3,0,0,0,0,0,0,0,0,0,1,18277,32,222,40,18667,1,24,16,6,0,0,0,0,0,0,0,1,1,0,0,0,0,0,0,0,0,0,1,0,0,0,1,0,0
1316,13985,30,189,45,13485,1,3,4,2,21,4,0,0,0,0,0,0,0,0,0,0,14917,33,224,48,8675,0,2,17,3,0,0,0,0,0,0,0,0,0,0,0,0,0,0,0,0,0,0,0,0,0,0,1,0,0
943,16665,32,221,44,15551,1,7,7,8,17,3,0,0,0,0,0,0,0,0,0,1,15298,32,190,40,12782,0,11,53,2,0,0,0,0,0,0,0,0,0,0,0,0,0,0,0,0,0,0,0,0,0,0,1,0,0
1227,14679,30,188,40,10300,1,4,4,6,19,3,0,0,0,0,0,0,0,0,0,0,14698,34,227,44,10667,0,3,22,2,0,0,0,0,0,0,0,0,0,0,0,0,0,0,0,0,0,0,0,0,0,0,1,0,0
873,14878,33,221,48,8639,0,5,5,4,13,3,0,0,0,0,0,0,0,1,1,1,16311,33,245,60,12731,1,5,16,5,0,0,0,0,0,0,0,0,0,0,1,0,0,0,0,0,0,0,0,0,0,0,1,1,1
843,13570,32,203,48,10676,1,2,4,3,14,3,0,0,0,0,0,0,0,1,1,0,14366,31,211,48,9956,0,3,11,4,0,0,0,0,0,0,0,0,0,0,0,0,1,0,0,0,0,0,0,0,0,0,0,0,1
802,14343,31,201,40,10043,0,5,4,5,14,4,0,0,0,0,0,0,0,0,0,0,13913,31,194,48,12540,1,1,14,3,0,0,0,0,0,0,0,0,0,1,0,0,0,0,0,0,0,0,0,0,0,0,1,1,1
810,17064,33,193,47,14799,1,11,5,11,15,4,0,0,0,0,0,0,0,0,0,0,14929,32,207,36,16034,0,6,25,6,0,0,0,0,0,0,0,0,0,0,0,0,0,0,0,0,0,0,0,0,0,0,1,1,1
1170,14679,32,222,55,8841,0,3,3,2,27,4,0,0,0,0,0,0,0,0,0,0,14818,32,244,48,9390,1,5,15,4,0,0,0,0,0,0,0,1,1,0,0,0,0,0,0,0,0,1,0,0,0,0,1,0,0
1412,15003,33,219,60,10017,1,3,3,3,18,3,0,0,0,0,0,0,0,0,0,1,13468,32,215,48,8330,0,1,14,1,0,0,0,0,0,0,0,1,1,0,0,0,0,0,0,0,0,0,0,1,0,0,0,0,1
720,15607,33,234,52,10453,1,5,3,6,15,5,0,0,0,0,0,0,0,1,1,1,14611,33,207,48,9925,0,2,15,1,0,0,0,0,0,0,0,0,0,0,0,0,0,0,1,0,0,0,0,0,0,0,1,1,1
233,13858,33,198,55,12655,0,3,4,1,16,2,0,0,0,0,0,0,0,0,0,1,14323,32,199,48,10615,1,4,12,6,0,0,0,0,0,0,0,1,1,0,0,0,0,0,0,0,1,0,0,0,0,0,0,1,0
893,18500,33,206,40,19389,1,14,3,23,11,3,0,0,0,0,0,0,0,1,1,0,13191,31,180,56,16674,0,1,12,3,0,0,0,0,0,0,0,0,0,0,1,0,0,0,0,0,0,0,0,0,0,0,1,1,1
196,13266,31,202,44,12545,0,2,6,3,17,6,0,0,0,0,0,0,0,0,0,0,16999,32,245,55,12603,1,7,30,3,0,0,0,0,0,0,0,0,0,0,0,0,0,0,0,0,0,0,0,0,0,0,1,0,0
1212,14644,34,244,60,8801,1,1,1,2,15,3,0,0,0,0,0,0,0,1,1,0,13302,33,227,44,7939,0,1,15,1,0,0,0,0,0,0,0,0,0,0,0,0,0,0,0,1,0,0,0,0,0,0,1,1,1
1279,15940,32,229,60,15707,0,5,3,4,17,3,0,0,0,0,0,0,0,0,0,0,14394,33,195,55,10209,1,5,13,2,0,0,0,0,0,0,0,1,1,1,0,0,0,0,0,0,0,0,1,0,0,0,1,1,1
81,14516,30,197,40,13392,1,4,8,5,14,4,0,0,0,0,0,0,0,0,0,1,15140,30,145,54,11230,0,8,16,2,0,0,0,0,0,0,0,1,1,0,0,0,0,0,0,0,0,1,0,0,0,0,0,0,1
1424,12668,32,200,47,10866,0,1,4,1,15,0,0,0,0,0,0,0,0,0,0,0,14180,32,213,41,10474,1,3,13,0,0,0,0,0,0,0,0,0,0,0,0,0,0,0,0,0,0,0,0,0,0,0,1,0,0
1033,14392,32,215,44,11835,0,4,2,6,21,3,0,0,0,0,0,0,0,0,0,0,14947,32,230,51,10535,1,3,21,7,0,0,0,0,0,0,0,0,0,0,0,0,0,0,0,0,0,0,0,0,0,0,1,0,0
1172,13087,31,214,41,9983,0,2,4,2,12,5,0,0,0,0,0,0,0,0,0,0,15534,33,236,46,12085,1,5,14,5,0,0,0,0,0,0,0,1,1,0,0,0,0,0,0,0,0,0,1,0,0,0,1,0,0
111,14336,31,204,45,10538,1,4,7,8,18,3,0,0,0,0,0,0,0,1,1,0,16209,34,215,52,15096,0,5,15,4,0,0,0,0,0,0,0,0,0,0,0,1,0,0,0,0,0,0,0,0,0,0,1,0,0
1296,14728,30,197,52,11915,0,4,9,7,13,3,0,0,0,0,0,0,0,1,1,1,16171,32,212,42,13886,1,17,19,1,0,0,0,0,0,0,0,0,0,0,0,0,0,0,1,0,0,0,0,0,0,0,0,1,0
799,14836,30,182,51,11493,1,5,8,5,15,4,0,0,0,0,0,0,0,0,0,0,16242,31,190,48,16280,0,14,18,3,0,0,0,0,0,0,0,0,0,1,0,0,0,0,0,0,0,0,0,0,0,0,1,0,0
1004,13132,31,178,50,10736,0,2,7,3,45,2,0,0,0,0,0,0,0,0,0,0,16935,34,226,43,13246,1,6,32,4,0,0,0,0,0,0,0,0,0,1,0,0,0,0,0,0,0,0,0,0,0,0,1,0,0
428,12917,30,188,44,9399,0,2,8,2,12,4,0,0,0,0,0,0,0,0,0,0,16557,33,202,44,15752,1,8,20,3,0,0,0,0,0,0,0,1,1,1,0,0,0,0,0,0,0,0,0,1,0,0,1,0,0
1285,12370,29,165,41,12518,0,3,10,1,16,4,0,0,0,0,0,0,0,0,0,0,17377,31,186,44,15656,1,18,16,3,0,0,0,0,0,0,0,1,1,0,0,0,0,0,0,0,0,1,0,0,0,0,1,0,0
668,14592,32,224,48,9628,1,2,3,5,33,5,0,0,0,0,0,0,0,0,0,0,13985,32,214,40,9291,0,7,17,17,0,0,0,0,0,0,0,1,1,0,0,0,0,0,0,0,1,0,0,0,0,0,1,0,0
310,16894,32,210,52,15220,1,8,3,12,16,6,0,0,0,0,0,0,0,1,1,1,13838,30,197,48,9332,0,2,17,3,0,0,0,0,0,0,0,0,0,0,1,0,0,0,0,0,0,0,0,0,0,0,1,1,1
613,16450,33,203,48,18186,0,8,8,7,15,4,0,0,0,0,0,0,0,0,0,0,15512,33,197,44,14895,1,2,16,0,0,0,0,0,0,0,0,0,0,0,0,0,0,0,0,0,0,0,0,0,0,0,1,1,1
439,16020,34,218,40,13853,0,6,3,8,19,15,0,0,0,0,0,0,0,0,0,0,14059,32,216,51,11867,1,2,39,1,0,0,0,0,0,0,0,0,0,0,0,0,0,0,0,0,0,0,0,0,0,0,1,1,1
1274,12787,31,199,43,8023,0,1,6,3,18,4,0,0,0,0,0,0,0,0,0,0,15897,33,247,37,13261,1,9,17,3,0,0,0,0,0,0,0,1,1,0,0,0,0,0,0,0,0,0,0,0,1,0,1,0,0
1447,16649,32,220,40,12929,1,8,3,13,16,5,0,0,0,0,0,0,0,0,0,0,14029,30,193,52,10891,0,3,15,3,0,0,0,0,0,0,0,1,1,0,0,0,0,0,0,0,0,0,0,0,0,1,1,1,1
1182,15128,33,226,52,13526,0,5,6,5,14,5,0,0,0,0,0,0,0,1,1,0,15130,31,185,46,11599,1,6,27,3,0,0,0,0,0,0,0,0,0,1,0,0,0,0,1,0,0,0,0,0,0,0,1,1,1
438,16435,31,217,47,13123,1,7,6,11,18,2,0,0,0,0,0,0,0,1,1,0,15816,30,203,47,13241,0,11,20,2,0,0,0,0,0,0,0,0,0,1,0,0,0,0,1,0,0,0,0,0,0,0,0,0,1
932,15123,34,209,61,9898,0,4,5,5,14,7,0,0,0,0,0,0,0,1,1,0,15550,33,194,48,10611,1,4,15,2,0,0,0,0,0,0,0,0,0,1,1,0,0,0,0,0,0,0,0,0,0,0,1,1,1
1508,15661,31,243,44,10308,1,3,5,4,14,4,0,0,0,0,0,0,0,1,1,0,15033,33,194,40,11655,0,12,20,6,0,0,0,0,0,0,0,0,0,0,1,0,0,0,0,0,0,0,0,0,0,0,1,1,1
1041,15875,31,218,56,12453,0,5,7,9,16,2,0,0,0,0,0,0,0,0,0,0,16085,34,231,60,11108,1,3,15,3,0,0,0,0,0,0,0,0,0,0,0,0,0,0,0,0,0,0,0,0,0,0,0,0,1
420,14189,32,222,48,10559,0,2,8,3,17,4,0,0,0,0,0,0,0,0,0,0,15995,32,207,40,13542,1,11,25,5,0,0,0,0,0,0,0,0,0,1,0,0,0,0,0,0,0,0,0,0,0,0,1,0,0
353,17302,32,187,47,15292,0,9,9,8,21,3,0,0,0,0,0,0,0,0,0,1,16133,32,200,58,13931,1,11,17,4,0,0,0,0,0,0,0,0,0,0,0,0,0,0,0,0,0,0,0,0,0,0,1,1,1
453,16753,32,196,40,16148,1,10,3,11,15,4,0,0,0,0,0,0,0,0,0,0,14325,33,213,38,9476,0,1,13,4,0,0,0,0,0,0,0,0,0,0,0,0,0,0,0,0,0,0,0,0,0,0,0,0,1
976,15273,33,224,43,13457,1,5,1,9,14,4,0,0,0,0,0,0,0,1,1,0,13291,32,223,44,10409,0,2,14,2,0,0,0,0,0,0,0,0,0,1,0,0,0,0,1,0,0,0,0,0,0,0,1,1,1
1057,15207,33,202,44,17857,0,6,11,8,12,4,0,0,0,0,0,0,0,0,0,0,16445,33,175,52,16417,1,6,13,2,0,0,0,0,0,0,0,1,1,0,0,0,0,0,0,0,1,0,0,0,0,0,1,0,0
643,13305,31,192,46,8993,0,2,12,1,15,2,0,0,0,0,0,0,0,0,0,0,18733,33,229,49,16413,1,12,31,4,0,0,0,0,0,0,0,0,0,0,0,0,0,0,0,0,0,0,0,0,0,0,1,0,0
631,14802,32,212,52,12140,1,4,4,3,14,3,0,0,0,0,0,0,0,0,0,0,14857,33,225,48,10271,0,3,16,2,0,0,0,0,0,0,0,1,1,0,0,0,0,0,0,0,0,0,0,0,0,1,1,1,1
693,17326,33,194,48,16241,0,13,9,11,111,4,0,0,0,0,0,0,0,1,1,0,15939,32,184,36,16286,1,10,14,3,0,0,0,0,0,0,0,0,0,0,0,0,0,1,0,0,0,0,0,0,0,0,1,1,1
1436,14688,30,197,45,10223,0,5,10,8,19,4,0,0,0,0,0,0,0,1,1,0,16738,32,190,46,14149,1,9,18,8,0,0,0,0,0,0,0,0,0,1,0,0,1,0,0,0,0,0,0,0,0,0,1,0,0
1208,14143,32,217,48,9382,0,3,4,5,15,4,0,0,0,0,0,0,0,1,1,0,15541,34,221,48,12628,1,11,17,4,0,0,0,0,0,0,0,0,0,1,0,0,0,0,1,0,0,0,0,0,0,0,1,0,0
1151,14364,34,219,60,8501,0,2,3,2,14,3,0,0,0,0,0,0,0,0,0,1,15122,34,249,55,11070,1,2,19,4,0,0,0,0,0,0,0,1,1,0,0,0,0,0,0,0,0,0,0,0,1,0,1,0,0
254,19404,34,208,44,21981,1,16,7,19,14,1,0,0,0,0,0,0,0,1,1,0,16153,32,202,43,18681,0,10,13,2,0,0,0,0,0,0,0,0,0,0,0,0,0,0,1,0,0,0,0,0,0,0,1,1,1
322,15425,31,216,48,14712,0,6,2,12,17,5,0,0,0,0,0,0,0,1,1,0,13378,31,208,40,8355,1,4,18,5,0,0,0,0,0,0,0,0,0,0,0,0,0,0,0,1,0,0,0,0,0,0,1,1,1
1361,15801,34,237,44,11962,0,4,3,3,14,4,0,0,0,0,0,0,0,0,0,1,13720,32,198,48,8931,1,3,17,3,0,0,0,0,0,0,0,1,1,0,0,0,0,0,0,0,0,1,0,0,0,0,1,1,1
429,15427,34,204,56,12380,1,4,3,5,16,4,0,0,0,0,0,0,0,1,1,1,14609,32,222,48,11475,0,3,36,2,0,0,0,0,0,0,0,0,0,0,1,0,0,0,0,0,0,0,0,0,0,0,1,1,1
570,16220,31,210,42,14647,1,7,6,12,32,5,0,0,0,0,0,0,0,1,1,0,15095,30,200,30,11531,0,11,17,7,0,0,0,0,0,0,0,0,0,0,0,0,1,0,0,0,0,0,0,0,0,0,0,0,1
1258,15062,30,179,40,14351,0,6,9,6,21,2,0,0,0,0,0,0,0,0,0,0,16552,33,206,48,15389,1,8,13,1,0,0,0,0,0,0,0,1,1,0,0,0,0,0,0,0,0,1,0,0,0,0,1,0,0
861,13670,31,204,52,9299,0,1,3,1,13,5,0,0,0,0,0,0,0,0,0,0,14588,32,223,40,10280,1,6,14,1,0,0,0,0,0,0,0,1,1,0,0,0,0,0,0,0,0,0,1,0,0,0,1,0,0
350,15338,31,197,47,11285,1,5,10,5,12,3,0,0,0,0,0,0,0,0,0,1,16681,32,190,42,14743,0,13,15,4,0,0,0,0,0,0,0,1,1,0,0,0,0,0,0,0,0,1,0,0,0,0,1,0,0
352,15281,30,186,49,14366,1,7,3,11,16,2,0,0,0,0,0,0,0,0,0,0,14376,32,224,48,11871,0,5,13,7,0,0,0,0,0,0,0,1,1,0,0,0,0,0,0,0,0,0,0,1,0,0,0,0,1
86,14563,33,230,44,10976,0,3,3,4,12,4,0,0,0,0,0,0,0,0,0,1,14356,33,193,44,11813,1,3,16,2,0,0,0,0,0,0,0,1,1,0,0,0,0,0,0,0,0,0,0,1,0,0,0,1,0
1441,14091,34,237,53,8331,0,2,4,3,20,4,0,0,0,0,0,0,0,0,0,0,15678,33,248,56,12696,1,6,16,1,0,0,0,0,0,0,0,0,0,0,0,0,0,0,0,0,0,0,0,0,0,0,0,1,0
265,14923,31,208,52,8015,1,4,6,3,15,4,0,0,0,0,0,0,0,0,0,0,15805,33,222,52,9843,0,6,15,3,0,0,0,0,0,0,0,1,1,0,0,0,0,0,0,0,0,0,0,0,1,0,1,0,0
287,17455,33,203,46,16535,0,10,7,11,23,5,0,0,0,0,0,0,0,0,0,1,16264,31,226,38,14270,1,7,12,8,0,0,0,0,0,0,0,0,0,0,0,0,0,0,0,0,0,0,0,0,0,0,0,1,0
1504,15190,33,239,35,12239,0,4,6,5,16,2,0,0,0,0,0,0,0,0,0,0,16111,33,225,52,12577,1,6,16,6,0,0,0,0,0,0,0,1,1,0,0,0,0,0,0,0,0,0,0,0,0,1,1,0,0
1094,13850,30,173,44,11491,0,4,8,5,16,2,0,0,0,0,0,0,0,1,1,0,16185,31,202,40,12670,1,9,16,2,0,0,0,0,0,0,0,0,0,1,0,0,0,0,0,1,0,0,0,0,0,0,1,0,0
1145,14044,32,199,68,11921,0,3,4,3,12,3,0,0,0,0,0,0,0,0,0,0,14135,32,177,48,12209,1,2,11,5,0,0,0,0,0,0,0,0,0,1,0,0,0,0,0,0,0,0,0,0,0,0,0,0,1
700,13441,33,234,44,9559,0,1,6,1,14,4,0,0,0,0,0,0,0,0,0,0,15497,34,229,44,12609,1,3,14,1,0,0,0,0,0,0,0,0,0,0,0,0,0,0,0,0,0,0,0,0,0,0,1,0,0
432,14826,32,221,47,13843,1,4,11,6,15,4,0,0,0,0,0,0,0,0,0,0,17169,34,226,44,14510,0,10,15,3,0,0,0,0,0,0,0,1,1,0,0,0,0,0,0,0,0,0,0,1,0,0,0,0,1
985,13198,32,228,55,10374,0,0,7,0,14,3,0,0,0,0,0,0,0,0,0,0,16580,34,241,43,12754,1,8,16,5,0,0,0,0,0,0,0,1,1,1,0,0,0,0,0,0,0,0,0,1,0,0,1,0,0
221,15420,33,224,48,12183,0,6,5,7,11,5,0,0,0,0,0,0,0,0,0,0,14960,33,196,44,14262,1,5,18,3,0,0,0,0,0,0,0,1,1,0,0,0,0,0,0,0,0,0,1,0,0,0,0,0,1
113,15685,31,213,36,11094,1,7,4,12,23,5,0,0,0,0,0,0,0,1,1,0,14784,32,209,54,11657,0,5,24,5,0,0,0,0,0,0,0,0,0,0,0,0,0,0,0,1,0,0,0,0,0,0,1,0,0
585,14797,31,216,40,12564,1,5,6,7,19,2,0,0,0,0,0,0,0,0,0,0,14326,32,200,48,12023,0,2,19,6,0,0,0,0,0,0,0,1,1,0,0,0,0,0,0,0,0,0,0,0,1,0,1,1,1
596,16699,31,174,47,16378,1,9,3,16,21,3,0,0,0,0,0,0,0,0,0,0,14008,31,212,44,14310,0,0,17,5,0,0,0,0,0,0,0,0,0,0,0,0,0,0,0,0,0,0,0,0,0,0,1,1,1
174,15703,33,251,44,12770,0,5,3,3,16,5,0,0,0,0,0,0,0,0,0,0,14183,32,222,56,14131,1,3,15,5,0,0,0,0,0,0,0,1,1,0,0,0,0,0,0,0,0,0,0,1,0,0,1,1,1
607,13762,32,195,47,10195,0,4,6,4,15,2,0,0,0,0,0,0,0,0,0,0,16131,32,228,60,12442,1,11,13,4,0,0,0,0,0,0,0,0,0,0,0,0,0,0,0,0,0,0,0,0,0,0,1,0,0
451,14760,33,216,50,10757,1,4,3,4,18,3,0,0,0,0,0,0,0,1,1,1,14294,33,203,47,10382,0,3,38,5,0,0,0,0,0,0,0,0,0,0,0,0,0,1,0,0,0,0,0,0,0,0,1,1,1
1192,15334,32,191,56,10313,1,7,5,5,13,3,0,0,0,0,0,0,0,0,0,0,15201,32,231,37,12772,0,6,17,2,0,0,0,0,0,0,0,0,0,1,0,0,0,0,0,0,0,0,0,0,0,0,1,0,0
18,16284,31,221,32,12912,1,6,8,5,14,4,0,0,0,0,0,0,0,0,0,0,15998,31,200,36,12844,0,8,25,3,0,0,0,0,0,0,0,0,0,0,0,0,0,0,0,0,0,0,0,0,0,0,1,1,1
1263,14982,31,200,36,13543,0,5,7,8,18,4,0,0,0,0,0,0,0,0,0,0,16289,34,216,56,12584,1,5,16,5,0,0,0,0,0,0,0,1,1,0,0,0,0,0,0,0,0,0,1,0,0,0,1,1,1
285,15441,32,189,44,13549,1,7,6,10,10,4,0,0,0,0,0,0,0,0,0,0,15679,31,203,30,14231,0,5,15,2,0,0,0,0,0,0,0,0,0,0,0,0,0,0,0,0,0,0,0,0,0,0,0,1,0
887,14129,31,213,48,11888,0,3,7,5,12,3,0,0,0,0,0,0,0,0,0,0,15585,33,193,48,13584,1,11,19,1,0,0,0,0,0,0,0,1,1,0,0,0,0,0,0,0,0,0,0,1,0,0,1,0,0
1031,17056,32,216,60,14837,0,8,6,12,31,1,0,0,0,0,0,0,0,1,1,0,15318,32,195,52,13300,1,6,13,2,0,0,0,0,0,0,0,0,0,0,0,1,0,0,0,0,0,0,0,0,0,0,0,1,0
1213,15295,30,181,44,15919,0,7,12,10,17,4,0,0,0,0,0,0,0,0,0,0,19100,34,236,40,18733,1,16,17,6,0,0,0,0,0,0,0,1,1,0,0,0,0,0,0,0,1,0,0,0,0,0,1,0,0
31,12814,31,204,36,9029,0,1,6,0,17,2,0,0,0,0,0,0,0,0,0,0,15585,31,214,40,10347,1,8,27,2,0,0,0,0,0,0,0,0,0,0,0,0,0,0,0,0,0,0,0,0,0,0,1,0,0
1499,16439,31,205,52,16568,0,5,9,11,31,3,0,0,0,0,0,0,0,0,0,0,16247,31,201,27,13661,1,9,19,1,0,0,0,0,0,0,0,0,0,0,0,0,0,0,0,0,0,0,0,0,0,0,0,1,0
210,16373,33,220,50,14202,0,7,8,7,15,3,0,0,0,0,0,0,0,1,1,0,15615,32,175,34,13745,1,7,44,4,0,0,0,0,0,0,0,0,0,0,0,0,0,1,0,0,0,0,0,0,0,0,0,0,1
990,16261,30,193,40,14173,1,11,2,8,15,0,0,0,0,0,0,0,0,0,0,0,13228,30,196,44,12461,0,4,17,1,0,0,0,0,0,0,0,0,0,0,0,0,0,0,0,0,0,0,0,0,0,0,1,1,1
1304,15963,31,209,37,10476,0,6,6,6,20,2,0,0,0,0,0,0,0,0,0,0,15273,31,190,42,12296,1,9,14,6,0,0,0,0,0,0,0,1,1,0,0,0,0,0,0,0,1,0,0,0,0,0,0,1,0
904,19335,34,204,39,20179,1,15,5,14,16,3,0,0,0,0,0,0,0,0,0,0,13943,29,157,40,13328,0,5,14,1,0,0,0,0,0,0,0,0,0,0,0,0,0,0,0,0,0,0,0,0,0,0,1,1,1
1188,16264,32,228,52,14660,1,7,8,9,20,4,0,0,0,0,0,0,0,1,1,0,16063,33,211,40,14209,0,11,20,5,0,0,0,0,0,0,0,0,0,0,1,0,0,0,0,0,0,0,0,0,0,0,1,1,1
1308,15795,31,200,43,13095,1,6,3,10,14,6,0,0,0,0,0,0,0,0,0,0,14352,32,206,56,15740,0,3,14,6,0,0,0,0,0,0,0,1,1,0,0,0,0,0,0,0,0,0,1,0,0,0,1,1,1
1052,14789,32,205,44,11368,0,3,8,3,14,3,0,0,0,0,0,0,0,0,0,0,15479,31,178,44,14100,1,8,17,1,0,0,0,0,0,0,0,0,0,0,0,0,0,0,0,0,0,0,0,0,0,0,1,0,0
481,17243,33,241,44,16589,1,9,4,9,17,5,0,0,0,0,0,0,0,0,0,0,15016,33,221,48,12845,0,6,18,2,0,0,0,0,0,0,0,0,0,0,0,0,0,0,0,0,0,0,0,0,0,0,1,1,1
188,13731,32,222,48,11435,1,2,6,1,15,4,0,0,0,0,0,0,0,1,1,0,14686,30,180,48,12007,0,7,16,1,0,0,0,0,0,0,0,0,0,0,0,0,1,0,0,0,0,0,0,0,0,0,0,1,0
1287,16897,32,213,41,19414,0,8,10,8,48,3,0,0,0,0,0,0,0,0,0,0,18020,31,197,50,15352,1,11,18,2,0,0,0,0,0,0,0,1,1,0,0,0,0,0,0,0,0,0,1,0,0,0,0,1,0
1100,17078,31,207,48,15247,1,10,3,15,18,4,0,0,0,0,0,0,0,1,1,0,14313,30,216,40,13980,0,5,16,3,0,0,0,0,0,0,0,0,0,0,0,0,0,0,1,0,0,0,0,0,0,0,0,0,1
513,13166,30,186,36,9006,0,2,6,4,15,2,0,0,0,0,0,0,0,0,0,0,15868,32,220,48,11229,1,6,21,4,0,0,0,0,0,0,0,1,1,1,0,0,0,0,0,0,1,0,0,0,0,0,1,0,0
485,12739,30,194,43,12283,0,1,9,1,15,1,0,0,0,0,0,0,0,0,0,0,17133,33,211,56,14472,1,14,15,2,0,0,0,0,0,0,0,1,1,1,0,0,0,0,0,0,0,0,0,0,1,0,1,0,0
1439,15386,34,225,56,8253,1,5,2,7,12,4,0,0,0,0,0,0,0,0,0,1,14569,33,240,48,10274,0,3,19,3,0,0,0,0,0,0,0,1,1,0,0,0,0,0,0,0,0,0,0,1,0,0,1,1,1
922,14326,32,215,44,11906,0,3,4,2,17,4,0,0,0,0,0,0,0,1,1,0,14317,34,193,51,11672,1,4,16,5,0,0,0,0,0,0,0,0,0,0,0,0,0,0,0,1,0,0,0,0,0,0,0,1,0
83,16249,32,213,39,15702,1,6,2,6,16,15,0,0,0,0,0,0,0,0,0,0,13853,33,226,52,10255,0,2,39,0,0,0,0,0,0,0,0,0,0,0,0,0,0,0,0,0,0,0,0,0,0,0,1,1,1
1511,17459,33,205,46,17624,1,10,2,11,13,3,0,0,0,0,0,0,0,1,1,0,12438,29,157,45,12656,0,4,10,2,0,0,0,0,0,0,0,0,0,1,1,0,0,0,0,0,0,0,0,0,0,0,1,1,1
48,15140,31,183,44,12439,0,6,4,9,18,2,0,0,0,0,0,0,0,0,0,0,14855,31,212,48,14466,1,6,23,4,0,0,0,0,0,0,0,0,0,0,0,0,0,0,0,0,0,0,0,0,0,0,1,0,0
1516,17041,34,220,67,14417,1,7,7,6,14,1,0,0,0,0,0,0,0,0,0,1,14814,32,197,52,11380,0,4,15,1,0,0,0,0,0,0,0,1,1,0,0,0,0,0,0,0,1,0,0,0,0,0,1,1,1
155,14686,32,209,52,12594,0,4,3,1,72,3,0,0,0,0,0,0,0,0,0,1,13398,31,190,44,9540,1,3,20,0,0,0,0,0,0,0,0,1,1,0,0,0,0,0,0,0,0,0,1,0,0,0,1,1,1
538,15097,34,210,60,13715,0,4,5,5,20,3,0,0,0,0,0,0,0,0,0,1,15280,32,208,44,13422,1,11,26,7,0,0,0,0,0,0,0,1,1,0,0,0,0,0,0,0,0,0,1,0,0,0,1,0,0
1156,17531,32,211,54,14277,1,8,5,16,22,5,0,0,0,0,0,0,0,1,1,0,16265,33,235,52,11679,0,8,14,7,0,0,0,0,0,0,0,0,0,0,0,0,1,0,0,0,0,0,0,0,0,0,0,0,1
621,16494,31,200,46,12700,0,8,5,7,21,1,0,0,0,0,0,0,0,0,0,0,15779,31,223,44,11351,1,11,12,7,0,0,0,0,0,0,0,0,0,0,0,0,0,0,0,0,0,0,0,0,0,0,0,1,0
1211,16479,31,174,36,14482,1,9,11,14,15,0,0,0,0,0,0,0,0,1,1,0,18411,30,187,44,16530,0,19,18,2,0,0,0,0,0,0,0,0,0,0,1,0,0,0,0,0,0,0,0,0,0,0,1,0,0
826,15630,31,188,52,12780,0,7,4,9,17,4,0,0,0,0,0,0,0,1,1,0,14731,33,214,44,9566,1,4,19,5,0,0,0,0,0,0,0,0,0,0,0,0,0,0,1,0,0,0,0,0,0,0,0,0,1
1247,15731,30,182,40,15355,0,6,11,5,15,3,0,0,0,0,0,0,0,0,0,0,16044,30,150,40,18455,1,15,15,1,0,0,0,0,0,0,0,1,1,0,0,0,0,0,0,0,0,0,0,0,1,0,1,0,0
1501,14550,31,213,46,14110,1,5,3,8,25,3,0,0,0,0,0,0,0,1,1,0,14240,31,214,36,10010,0,5,14,3,0,0,0,0,0,0,0,0,0,0,0,0,0,0,0,1,0,0,0,0,0,0,1,1,1
937,14809,31,191,43,13973,0,5,11,5,21,2,0,0,0,0,0,0,0,0,0,0,18249,31,195,56,17349,1,12,18,3,0,0,0,0,0,0,0,1,1,1,0,0,0,0,0,0,0,0,0,1,0,0,1,0,0
179,15713,33,239,40,11661,1,6,4,8,16,3,0,0,0,0,0,0,0,0,0,0,14117,32,214,42,11055,0,4,20,4,0,0,0,0,0,0,0,0,0,0,0,0,0,0,0,0,0,0,0,0,0,0,1,1,1
1239,15983,31,194,52,13827,0,8,7,9,20,6,0,0,0,0,0,0,0,0,0,0,16042,33,222,48,14750,1,11,19,3,0,0,0,0,0,0,0,1,1,0,0,0,0,0,0,0,0,1,0,0,0,0,1,0,0
1265,14991,35,202,52,13682,1,4,2,3,24,0,0,0,0,0,0,0,0,1,1,1,14283,33,212,66,11033,0,3,29,4,0,0,0,0,0,0,0,0,0,0,0,0,1,0,0,0,0,0,0,0,0,0,1,1,1
664,12674,32,198,48,5966,0,1,6,0,13,1,0,0,0,0,0,0,0,0,0,0,15191,33,212,52,9723,1,4,23,1,0,0,0,0,0,0,0,0,0,0,0,0,0,0,0,0,0,0,0,0,0,0,1,0,0
528,16733,31,207,40,16825,1,9,3,14,15,3,0,0,0,0,0,0,0,1,1,0,14121,33,191,51,11413,0,3,17,1,0,0,0,0,0,0,0,0,0,0,0,0,0,1,0,0,0,0,0,0,0,0,1,1,1
1318,15944,32,200,39,16577,1,7,7,5,20,6,0,0,0,0,0,0,0,0,0,0,14969,33,190,44,13198,0,4,16,2,0,0,0,0,0,0,0,0,0,0,0,0,0,0,0,0,0,0,0,0,0,0,1,0,0
363,17454,31,212,47,16142,1,9,5,10,18,4,0,0,0,0,0,0,0,0,0,0,13769,31,184,48,11704,0,4,78,6,0,0,0,0,0,0,0,0,0,0,0,0,0,0,0,0,0,0,0,0,0,0,1,1,1
1193,16046,33,207,48,11220,0,7,7,7,15,4,0,0,0,0,0,0,0,1,1,0,16914,33,211,47,14233,1,8,16,3,0,0,0,0,0,0,0,0,0,0,1,0,0,0,0,0,0,0,0,0,0,0,0,1,0
1217,16864,33,221,52,14214,1,7,6,5,36,4,0,0,0,0,0,0,0,0,0,0,15198,31,199,39,14560,0,10,23,10,0,0,0,0,0,0,0,1,1,0,0,0,0,0,0,0,0,0,1,0,0,0,1,1,1
346,15824,32,182,44,11907,1,9,3,7,16,4,0,0,0,0,0,0,0,0,0,0,14525,31,211,39,11497,0,6,22,3,0,0,0,0,0,0,0,0,0,0,0,0,0,0,0,0,0,0,0,0,0,0,1,1,1
710,15066,32,214,44,13368,0,5,7,6,17,2,0,0,0,0,0,0,0,0,0,0,15667,32,201,43,12503,1,9,14,4,0,0,0,0,0,0,0,0,0,0,0,0,0,0,0,0,0,0,0,0,0,0,1,1,1
529,14504,32,214,49,15107,0,3,6,2,12,3,0,0,0,0,0,0,0,1,1,1,15415,33,220,42,10459,1,7,14,3,0,0,0,0,0,0,0,0,0,0,0,0,0,1,0,0,0,0,0,0,0,0,0,1,0
781,14041,32,215,36,10838,0,3,4,4,17,5,0,0,0,0,0,0,0,0,0,0,14393,32,209,52,15209,1,4,16,2,0,0,0,0,0,0,0,1,1,0,0,0,0,0,0,0,1,0,0,0,0,0,1,0,0
1312,16076,33,190,40,13372,1,9,6,7,15,4,0,0,0,0,0,0,0,0,0,1,15211,33,204,40,14377,0,5,35,3,0,0,0,0,0,0,0,0,0,0,0,0,0,0,0,0,0,0,0,0,0,0,1,1,1
602,13757,33,227,43,8566,0,1,4,1,17,5,0,0,0,0,0,0,0,0,0,0,15845,33,255,52,10307,1,5,14,4,0,0,0,0,0,0,0,1,1,1,0,0,0,0,0,0,0,0,1,0,0,0,1,0,0
619,14619,31,196,40,12656,0,5,8,6,24,5,0,0,0,0,0,0,0,0,0,0,15906,32,220,34,15887,1,10,38,7,0,0,0,0,0,0,0,1,1,0,0,0,0,0,0,0,0,0,0,0,1,0,1,0,0
1474,14744,32,202,60,11377,0,4,8,4,50,5,0,0,0,0,0,0,0,0,0,0,17075,34,256,48,13840,1,8,17,2,0,0,0,0,0,0,0,1,1,0,0,0,0,0,0,0,1,0,0,0,0,0,1,0,0
243,14647,31,222,48,9244,1,4,7,3,16,1,0,0,0,0,0,0,0,0,0,0,15999,33,212,44,13960,0,15,16,8,0,0,0,0,0,0,0,0,0,0,0,0,0,0,0,0,0,0,0,0,0,0,1,0,0
838,14558,34,238,48,8609,0,3,2,4,12,5,0,0,0,0,0,0,0,0,0,0,13777,32,220,48,6927,1,1,14,1,0,0,0,0,0,0,0,0,0,0,0,0,0,0,0,0,0,0,0,0,0,0,0,0,1
551,16186,32,226,51,13011,0,9,2,9,16,5,0,0,0,0,0,0,0,1,1,0,14058,33,215,60,9277,1,1,17,4,0,0,0,0,0,0,0,0,0,1,0,0,0,0,1,0,0,0,0,0,0,0,1,1,1
874,12568,31,217,40,11053,0,0,5,0,16,2,0,0,0,0,0,0,0,0,0,0,15634,34,257,48,11441,1,4,15,7,0,0,0,0,0,0,0,0,0,0,0,0,0,0,0,0,0,0,0,0,0,0,1,0,0
1097,13826,31,205,49,11951,0,3,8,3,15,4,0,0,0,0,0,0,0,0,0,1,16661,33,217,46,12959,1,11,19,8,0,0,0,0,0,0,0,1,1,0,0,0,0,0,0,0,0,0,1,0,0,0,1,0,0
844,15216,29,184,43,11634,0,6,15,12,8,6,0,0,0,0,0,0,0,0,0,0,19418,32,209,52,17232,1,29,20,2,0,0,0,0,0,0,0,0,0,1,0,0,0,0,0,0,0,0,0,0,0,0,1,0,0
1440,15218,32,176,44,13428,1,9,4,3,19,4,0,0,0,0,0,0,0,0,0,0,15055,32,212,44,14109,0,2,72,3,0,0,0,0,0,0,0,0,0,1,0,0,0,0,0,0,0,0,0,0,0,0,1,1,1
1116,14225,31,200,44,11923,1,4,6,8,14,1,0,0,0,0,0,0,0,0,0,0,15532,32,202,44,13190,0,6,22,4,0,0,0,0,0,0,0,1,1,1,0,0,0,0,0,0,1,0,0,0,0,0,1,0,0
308,16077,32,224,48,13640,0,6,3,10,12,5,0,0,0,0,0,0,0,0,0,1,13152,31,191,52,13519,1,1,13,3,0,0,0,0,0,0,0,1,1,0,0,0,0,0,0,0,0,0,0,0,0,1,0,0,1
1173,17068,30,169,48,16985,0,11,4,16,18,5,0,0,0,0,0,0,0,1,1,0,14839,30,195,52,16552,1,12,16,3,0,0,0,0,0,0,0,0,0,0,0,0,1,0,0,0,0,0,0,0,0,0,0,0,1
398,15482,32,203,40,16379,0,6,8,4,33,7,0,0,0,0,0,0,0,0,0,0,16098,31,177,47,14268,1,13,42,4,0,0,0,0,0,0,0,1,1,0,0,0,0,0,0,0,1,0,0,0,0,0,1,0,0
423,14378,32,215,48,9969,0,3,7,1,29,4,0,0,0,0,0,0,0,0,0,0,16272,33,228,44,14700,1,6,14,2,0,0,0,0,0,0,0,1,1,0,0,0,0,0,0,0,1,0,0,0,0,0,1,0,0
370,15715,32,209,46,10676,1,8,2,4,17,3,0,0,0,0,0,0,0,1,1,0,13797,32,223,45,8899,0,1,11,4,0,0,0,0,0,0,0,0,0,0,1,0,0,0,0,0,0,0,0,0,0,0,0,0,1
54,15267,33,204,52,12819,0,5,5,6,13,5,0,0,0,0,0,0,0,0,0,0,15220,32,208,52,11383,1,5,18,2,0,0,0,0,0,0,0,1,1,1,0,0,0,0,0,0,0,1,0,0,0,0,0,1,0
1477,13027,29,179,42,9104,0,3,5,3,17,2,0,0,0,0,0,0,0,0,0,0,15607,32,223,43,13136,1,3,16,5,0,0,0,0,0,0,0,1,1,0,0,0,0,0,0,0,0,0,0,0,0,1,1,0,0
582,14930,32,205,40,12469,1,4,6,5,16,3,0,0,0,0,0,0,0,0,0,0,14307,32,173,44,11009,0,9,13,4,0,0,0,0,0,0,0,0,0,0,0,0,0,0,0,0,0,0,0,0,0,0,1,1,1
312,15820,32,213,32,13839,0,8,5,14,15,4,0,0,0,0,0,0,0,0,0,0,14494,30,191,52,13580,1,4,17,4,0,0,0,0,0,0,0,0,0,0,0,0,0,0,0,0,0,0,0,0,0,0,0,0,1
942,16570,33,206,36,17221,1,11,1,11,20,2,0,0,0,0,0,0,0,1,1,0,12362,31,197,24,11472,0,0,14,2,0,0,0,0,0,0,0,0,0,0,0,1,0,0,0,0,0,0,0,0,0,0,1,1,1
1196,15253,32,208,48,14735,1,6,1,4,19,4,0,0,0,0,0,0,0,0,0,0,13069,31,210,52,10104,0,2,19,6,0,0,0,0,0,0,0,1,1,0,0,0,0,0,0,0,0,0,0,0,0,1,1,1,1
109,15782,33,177,64,15477,1,6,7,11,15,4,0,0,0,0,0,0,0,0,0,0,15602,32,189,51,12500,0,10,14,0,0,0,0,0,0,0,0,0,0,1,0,0,0,0,0,0,0,0,0,0,0,0,0,0,1
811,16102,33,219,42,14741,1,7,5,12,15,2,0,0,0,0,0,0,0,0,0,0,14406,32,180,58,10198,0,6,11,2,0,0,0,0,0,0,0,1,1,0,0,0,0,0,0,0,0,0,0,1,0,0,1,1,1
707,16305,32,220,52,10947,1,6,7,10,18,5,0,0,0,0,0,0,0,1,1,0,16598,34,241,52,10682,0,10,17,3,0,0,0,0,0,0,0,0,0,0,0,0,0,0,0,1,0,0,0,0,0,0,0,0,1
100,14026,31,189,44,13419,1,3,5,5,18,2,0,0,0,0,0,0,0,0,0,0,14542,32,236,43,13347,0,3,18,2,0,0,0,0,0,0,0,0,0,0,0,0,0,0,0,0,0,0,0,0,0,0,1,0,0
1487,14331,31,195,40,11922,1,4,6,4,20,5,0,0,0,0,0,0,0,0,0,1,15165,32,200,48,9504,0,4,29,9,0,0,0,0,0,0,0,0,0,0,0,0,0,0,0,0,0,0,0,0,0,0,1,0,0
1189,15761,32,217,52,9854,0,5,2,5,18,5,0,0,0,0,0,0,0,0,0,1,14203,32,215,51,8113,1,3,12,4,0,0,0,0,0,0,0,1,1,0,0,0,0,0,0,0,0,1,0,0,0,0,1,1,1
1395,16381,31,220,44,15043,1,7,6,10,17,4,0,0,0,0,0,0,0,0,0,0,15322,32,208,52,10099,0,7,18,5,0,0,0,0,0,0,0,0,0,0,0,0,0,0,0,0,0,0,0,0,0,0,1,1,1
266,14528,31,211,36,10198,1,5,2,8,16,9,0,0,0,0,0,0,0,0,0,0,13664,31,233,32,9706,0,1,15,7,0,0,0,0,0,0,0,0,0,0,0,0,0,0,0,0,0,0,0,0,0,0,0,0,1
694,16600,32,221,52,13703,1,8,6,15,38,6,0,0,0,0,0,0,0,1,1,0,15699,31,206,47,16598,0,5,18,7,0,0,0,0,0,0,0,0,0,0,0,1,0,0,0,0,0,0,0,0,0,0,1,1,1
296,13695,31,189,48,12939,0,4,7,6,14,3,0,0,0,0,0,0,0,0,0,0,16074,32,209,44,14977,1,7,19,4,0,0,0,0,0,0,0,1,1,0,0,0,0,0,0,0,0,0,0,0,0,1,1,0,0
1489,15500,34,194,64,11461,1,5,6,8,22,1,0,0,0,0,0,0,0,1,1,0,15921,32,239,48,14132,0,8,12,5,0,0,0,0,0,0,0,0,0,0,0,0,0,0,0,1,0,0,0,0,0,0,1,0,0
965,14689,31,207,52,8913,0,5,5,7,14,2,0,0,0,0,0,0,0,0,0,0,16211,33,233,56,13662,1,8,16,4,0,0,0,0,0,0,0,0,0,0,0,0,0,0,0,0,0,0,0,0,0,0,1,0,0
714,16760,33,199,51,13611,0,9,7,10,14,7,0,0,0,0,0,0,0,1,1,0,15842,30,194,36,13227,1,11,17,2,0,0,0,0,0,0,0,0,0,1,0,0,1,0,0,0,0,0,0,0,0,0,1,1,1
1165,13029,34,221,43,12861,0,0,0,0,15,6,0,0,0,0,0,0,0,0,0,0,12781,33,219,48,9148,0,0,44,3,0,0,0,0,0,0,0,1,1,0,0,0,0,0,0,0,0,0,1,0,0,0,1,0,0
377,16929,32,195,36,17016,1,9,5,8,27,3,0,0,0,0,0,0,0,0,0,0,15267,32,185,44,13759,0,8,13,6,0,0,0,0,0,0,0,0,0,0,0,0,0,0,0,0,0,0,0,0,0,0,1,0,0
286,15333,34,208,72,11697,1,3,4,1,18,1,0,0,0,0,0,0,0,0,0,1,14601,33,225,38,10156,0,7,13,5,0,0,0,0,0,0,0,1,1,0,0,0,0,0,0,0,0,0,0,0,1,0,1,0,0
1519,17613,32,231,55,15325,1,10,3,13,33,8,0,0,0,0,0,0,0,0,0,0,14174,32,214,40,10530,0,3,17,2,0,0,0,0,0,0,0,0,0,0,0,0,0,0,0,0,0,0,0,0,0,0,1,1,1
746,14013,31,201,43,15057,0,3,10,6,17,2,0,0,0,0,0,0,0,0,0,0,17727,33,227,48,14042,1,8,15,4,0,0,0,0,0,0,0,0,0,0,0,0,0,0,0,0,0,0,0,0,0,0,1,0,0
126,14074,33,214,51,8831,0,2,4,5,51,5,0,0,0,0,0,0,0,0,0,0,15240,33,209,52,9660,1,4,57,6,0,0,0,0,0,0,0,0,0,0,0,0,0,0,0,0,0,0,0,0,0,0,1,0,0
327,15957,34,224,52,15637,0,7,4,8,14,3,0,0,0,0,0,0,0,0,0,0,14996,34,227,43,12030,1,4,17,0,0,0,0,0,0,0,0,0,0,0,0,0,0,0,0,0,0,0,0,0,0,0,0,0,1
