blueTotalGolds,blueAvgLevel,blueTotalMinionKills,blueTotalJungleMinionKills,blueTotalDamageToChampion,blueFirstBlood,blueKill,blueDeath,blueAssist,blueWardPlaced,blueWardKills,blueFirstTower,blueFirstInhibitor,blueTowerKills,blueMidTowerKills,blueTopTowerKills,blueBotTowerKills,blueInhibitor,blueFirstDragon,blueDragon,blueRiftHeralds,redTotalGolds,redAvgLevel,redTotalMinionKills,redTotalJungleMinionKills,redTotalDamageToChampion,redFirstBlood,redKill,redDeath,redAssist,redWardPlaced,redWardKills,redFirstTower,redFirstInhibitor,redTowerKills,redMidTowerKills,redTopTowerKills,redBotTowerKills,redInhibitor,redFirstDragon,redDragon,redRiftHeralds,blueWATER_DRAGON,blueFIRE_DRAGON,blueAIR_DRAGON,blueEARTH_DRAGON,blueCHEMTECH_DRAGON,blueHEXTECH_DRAGON,redWATER_DRAGON,redFIRE_DRAGON,redAIR_DRAGON,redEARTH_DRAGON,redCHEMTECH_DRAGON,redHEXTECH_DRAGON,predSucess,predSuccess,pred,blueWins
24006,8.8,380,80,28655,0,8,9,8,35,9,0,0,0,0,0,0,0,1,1,0,25631,9.0,382,76,27635,1,9,8,9,31,7,0,0,0,0,0,0,0,0,0,1,0,0,0,1,0,0,0,0,0,0,0,0,0,0,0,1
28048,9.2,375,71,29747,0,12,14,6,30,6,0,0,0,0,0,0,0,1,1,0,27636,9.0,362,73,26849,1,14,12,12,102,9,1,0,1,1,0,0,0,0,0,1,0,0,0,0,1,0,0,0,0,0,0,0,0,1,1,1
22498,8.6,314,80,24097,0,6,9,8,26,4,0,0,0,0,0,0,0,0,0,0,25401,9.0,361,88,19625,1,9,6,5,107,11,1,0,1,0,0,1,0,1,2,1,0,0,0,0,0,0,1,1,0,0,0,0,0,1,0,0
26775,9.2,386,80,26741,1,12,6,18,32,9,0,0,0,0,0,0,0,0,0,0,23246,8.4,358,64,24974,0,6,12,9,32,8,0,0,0,0,0,0,0,1,1,1,0,0,0,0,0,0,0,1,0,0,0,0,0,1,1,1
25757,8.4,365,64,22740,1,8,12,10,28,13,1,0,1,0,1,0,0,0,0,0,24641,8.6,314,87,29381,0,12,8,10,73,9,0,0,0,0,0,0,0,1,1,1,0,0,0,0,0,0,0,0,0,0,1,0,0,1,0,0
25955,8.8,334,95,26470,0,6,15,5,52,31,1,0,1,1,0,0,0,0,0,1,27939,9.2,342,84,35098,1,15,6,19,76,5,0,0,1,1,0,0,0,1,1,0,0,0,0,0,0,0,0,1,0,0,0,0,0,1,0,0
29204,9.2,347,64,28876,1,15,7,25,32,11,1,0,2,1,0,1,0,1,1,1,23225,8.8,346,75,25253,0,7,15,5,30,7,0,0,0,0,0,0,0,0,0,0,0,0,0,0,0,1,0,0,0,0,0,0,0,1,1,1
26224,8.8,331,80,28328,0,15,10,23,32,11,0,0,0,0,0,0,0,0,0,0,26365,8.4,371,60,24916,1,10,15,9,29,6,1,0,1,0,1,0,0,1,2,1,0,0,0,0,0,0,1,0,0,0,1,0,0,1,1,1
33267,9.0,353,59,39697,0,26,7,20,36,6,0,0,2,0,2,0,0,1,1,0,22538,7.8,269,70,29333,1,7,26,11,28,8,1,0,1,0,0,1,0,0,0,1,0,0,1,0,0,0,0,0,0,0,0,0,0,1,1,1
32047,9.0,342,76,35489,0,20,10,25,32,8,1,0,3,2,0,1,0,1,2,1,22851,8.4,313,42,27155,1,10,20,8,22,10,0,0,0,0,0,0,0,0,0,0,1,0,0,0,1,0,0,0,0,0,0,0,0,1,1,1
24708,8.4,363,79,15897,1,10,9,9,29,10,0,0,0,0,0,0,0,1,1,1,24111,8.6,363,71,23226,0,9,10,13,37,12,0,0,0,0,0,0,0,0,0,0,0,0,0,0,1,0,0,0,0,0,0,0,0,0,1,0
22435,8.2,298,64,21233,0,4,24,3,24,11,0,0,0,0,0,0,0,0,0,0,31750,9.4,367,84,42736,1,24,4,17,66,2,1,0,2,1,1,0,0,1,2,1,0,0,0,0,0,0,0,0,1,1,0,0,0,1,0,0
27747,9.2,409,64,25624,0,10,6,13,77,12,1,0,1,0,0,1,0,1,1,1,21946,8.6,315,83,18627,1,6,10,8,42,26,0,0,0,0,0,0,0,0,1,0,0,0,0,0,0,1,0,0,0,1,0,0,0,1,1,1
26847,8.8,373,73,28496,0,12,11,20,60,9,1,0,1,0,0,1,0,1,2,0,24767,8.8,318,86,28143,1,11,12,13,29,7,0,0,0,0,0,0,0,0,0,1,1,0,0,0,1,0,0,0,0,0,0,0,0,1,1,1
30405,9.2,391,80,38438,1,22,6,22,46,19,0,0,0,0,0,0,0,1,1,1,23731,8.4,337,51,29452,0,6,22,4,60,8,0,0,0,0,0,0,0,0,0,0,1,0,0,0,0,0,0,0,0,0,0,0,0,1,1,1
29390,9.2,357,74,29564,1,12,10,15,34,17,1,0,1,0,0,1,0,0,1,1,24210,8.4,313,72,25155,0,10,12,11,50,9,0,0,1,1,0,0,0,1,1,0,0,0,0,0,1,0,0,1,0,0,0,0,0,1,1,1
22057,8.4,316,63,15945,0,8,15,7,22,9,0,0,0,0,0,0,0,0,0,0,31555,9.2,371,92,29660,1,15,8,14,41,6,1,0,2,0,1,1,0,1,1,1,0,0,0,0,0,0,0,1,0,0,0,0,0,1,0,0
22074,8.4,328,71,22820,0,4,9,3,55,11,0,0,0,0,0,0,0,0,0,0,26659,8.6,332,67,20834,1,9,4,10,38,14,1,0,2,0,1,1,0,0,0,1,0,0,0,0,0,0,0,0,0,0,0,0,0,1,0,0
21451,8.6,333,80,21917,0,3,11,4,96,13,0,0,0,0,0,0,0,0,0,0,27402,9.2,388,76,26123,1,11,3,16,42,12,0,0,0,0,0,0,0,1,1,1,0,0,0,0,0,0,1,0,0,0,0,0,0,1,0,0
22166,8.6,344,76,15115,0,2,12,3,34,9,0,0,0,0,0,0,0,0,0,0,27249,9.2,348,75,22127,1,12,2,15,43,9,1,0,1,0,1,0,0,1,1,1,0,0,0,0,0,0,0,0,0,0,0,1,0,0,0,1
30408,8.8,328,70,34687,1,21,15,17,33,10,0,0,0,0,0,0,0,1,1,1,27175,8.6,309,60,33831,0,15,21,12,27,7,1,0,2,0,0,2,0,0,0,0,1,0,0,0,0,0,0,0,0,0,0,0,0,1,1,1
25535,8.4,325,76,30312,0,12,15,18,26,13,0,0,0,0,0,0,0,0,0,0,27482,8.8,337,55,26674,1,15,12,19,39,9,1,0,1,0,1,0,0,1,1,1,0,0,0,0,0,0,1,0,0,0,0,0,0,1,0,0
29456,9.0,377,64,29139,1,16,8,14,32,12,1,0,1,1,0,0,0,1,2,1,21878,8.4,310,75,20039,0,8,16,3,29,7,0,0,0,0,0,0,0,0,0,0,0,0,0,0,1,1,0,0,0,0,0,0,0,1,1,1
21102,8.6,363,72,14644,0,2,13,3,30,7,0,0,0,0,0,0,0,1,1,0,29326,9.2,408,88,25202,1,13,2,14,37,11,1,0,1,0,1,0,0,0,0,1,0,1,0,0,0,0,0,0,0,0,0,0,0,1,0,0
23769,8.4,354,76,27092,0,6,12,7,29,21,0,0,0,0,0,0,0,1,1,1,25386,8.8,339,54,25304,1,12,6,14,41,10,0,0,0,0,0,0,0,0,0,0,0,0,0,1,0,0,0,0,0,0,0,0,0,1,0,0
24834,8.6,335,36,21196,0,11,10,9,22,8,0,0,1,0,0,1,0,1,1,0,26735,9.0,362,76,27170,1,10,11,12,28,9,1,0,1,0,1,0,0,0,0,1,0,0,0,1,0,0,0,0,0,0,0,0,0,1,0,0
25265,8.8,359,88,24709,1,10,11,13,31,10,0,0,0,0,0,0,0,1,2,1,24486,8.8,356,75,24418,0,11,10,10,31,8,0,0,0,0,0,0,0,0,0,0,0,1,0,1,0,0,0,0,0,0,0,0,0,1,1,1
26699,8.8,410,80,22577,0,9,11,16,35,11,0,0,0,0,0,0,0,0,0,1,26624,8.8,382,76,26347,1,11,9,16,42,17,0,0,0,0,0,0,0,1,1,0,0,0,0,0,0,0,0,0,1,0,0,0,0,1,0,0
30600,9.0,383,92,31010,1,14,3,12,32,11,0,0,1,1,0,0,0,0,0,1,19755,8.2,336,51,19650,0,3,14,2,26,7,1,0,1,0,0,1,0,0,0,0,0,0,0,0,0,0,0,0,0,0,0,0,0,1,1,1
31315,9.2,379,84,30815,1,13,6,14,48,14,1,0,3,0,1,2,0,0,0,1,22006,8.2,331,72,24547,0,6,13,11,25,9,0,0,0,0,0,0,0,1,1,0,0,0,0,0,0,0,0,0,0,1,0,0,0,1,1,1
26746,8.6,353,71,28923,0,10,15,14,30,3,1,0,1,0,0,1,0,0,0,1,27706,9.2,343,72,36959,1,15,10,20,56,7,0,0,0,0,0,0,0,1,1,0,0,0,0,0,0,0,0,0,0,1,0,0,0,1,0,0
27306,9.0,384,80,28853,1,10,3,14,24,10,1,0,1,1,0,0,0,0,0,1,21461,8.6,384,56,22489,0,3,10,6,39,6,0,0,0,0,0,0,0,1,1,0,0,0,0,0,0,0,0,0,0,0,0,1,0,1,1,1
22302,8.4,368,60,21661,1,6,8,6,37,11,0,0,0,0,0,0,0,0,0,0,24073,9.2,340,76,28216,0,8,6,7,36,9,0,0,0,0,0,0,0,0,0,1,0,0,0,0,0,0,0,0,0,0,0,0,0,1,0,0
24545,8.8,367,76,20736,1,9,11,11,24,8,0,0,0,0,0,0,0,0,0,0,27898,8.8,383,62,25343,0,11,9,22,34,7,1,0,1,1,0,0,0,1,1,1,0,0,0,0,0,0,1,0,0,0,0,0,0,1,0,0
24394,8.8,363,76,27066,1,6,11,7,28,5,0,0,0,0,0,0,0,1,1,1,26071,9.6,395,74,26553,0,11,6,10,25,10,0,0,0,0,0,0,0,0,1,0,1,0,0,0,0,0,0,0,0,0,1,0,0,1,0,0
26026,8.4,279,60,26807,0,12,14,22,34,5,0,0,1,0,0,1,0,1,2,0,28198,8.2,297,84,33946,1,14,12,12,42,6,1,0,2,1,1,0,0,0,0,1,0,1,0,1,0,0,0,0,0,0,0,0,0,0,0,1
24997,8.8,412,68,17194,0,6,7,7,41,17,1,0,1,0,1,0,0,0,0,1,24419,9.0,397,76,22292,1,7,6,3,33,18,0,0,0,0,0,0,0,1,1,0,0,0,0,0,0,0,0,0,0,1,0,0,0,1,0,0
23127,9.0,387,92,21632,1,4,8,3,28,6,0,0,0,0,0,0,0,0,0,1,24332,9.0,381,76,19389,0,8,4,11,31,6,0,0,0,0,0,0,0,1,1,0,0,0,0,0,0,0,1,0,0,0,0,0,0,0,0,1
24523,9.2,384,72,23283,0,10,8,11,55,12,0,0,0,0,0,0,0,1,1,1,24551,8.8,349,76,26587,1,8,10,6,27,5,0,0,0,0,0,0,0,0,1,0,1,0,0,0,0,0,0,0,0,0,1,0,0,0,1,0
27270,8.8,338,88,32153,0,12,14,18,40,12,1,0,1,0,0,1,0,1,2,1,26155,8.8,352,88,25603,1,14,12,17,28,10,0,0,0,0,0,0,0,0,0,0,1,1,0,0,0,0,0,0,0,0,0,0,0,1,1,1
26288,9.0,342,60,28236,0,15,9,21,41,10,0,0,0,0,0,0,0,1,1,0,24739,8.6,374,68,24856,1,9,15,15,26,15,0,0,0,0,0,0,0,0,0,1,0,0,1,0,0,0,0,0,0,0,0,0,0,1,1,1
21958,8.6,320,68,24858,0,5,12,6,31,5,0,0,0,0,0,0,0,0,0,0,26192,8.8,330,64,33323,1,12,5,16,32,9,0,0,0,0,0,0,0,1,1,1,0,0,0,0,0,0,0,1,0,0,0,0,0,1,0,0
23364,8.2,313,64,21532,1,9,11,9,26,12,0,0,0,0,0,0,0,0,0,0,27807,9.4,365,72,35388,0,11,9,19,38,9,1,0,1,1,0,0,0,1,1,1,0,0,0,0,0,0,0,0,1,0,0,0,0,1,0,0
29477,9.2,381,100,31391,0,11,12,21,33,8,1,0,2,1,1,0,0,0,0,1,25922,8.8,361,76,29944,1,12,11,17,29,14,0,0,0,0,0,0,0,1,1,0,0,0,0,0,0,0,0,0,0,1,0,0,0,1,1,1
21972,8.8,363,67,19980,0,5,11,5,92,13,0,0,0,0,0,0,0,0,0,1,27257,9.2,395,91,23954,1,11,5,18,32,7,1,0,1,0,1,0,0,1,1,0,0,0,0,0,0,0,0,0,0,1,0,0,0,1,0,0
28042,9.2,383,98,22109,1,12,5,9,30,12,1,0,1,1,0,0,0,1,2,1,23642,9.0,392,58,18505,0,5,12,5,37,11,0,0,0,0,0,0,0,0,0,0,0,0,1,0,0,1,0,0,0,0,0,0,0,1,1,1
24894,8.6,292,84,25053,0,10,17,7,29,4,0,0,0,0,0,0,0,0,0,0,28979,8.8,334,76,30013,1,17,10,25,23,13,1,0,2,0,1,1,0,1,1,1,0,0,0,0,0,0,0,0,0,1,0,0,0,1,0,0
23857,8.8,342,75,22299,1,5,8,7,68,6,0,0,0,0,0,0,0,1,1,1,24319,9.0,344,86,25891,0,8,5,8,24,8,0,0,0,0,0,0,0,0,1,0,0,0,0,0,1,0,0,0,0,0,0,1,0,0,0,1
26109,8.4,341,80,27415,1,12,19,15,29,11,0,0,0,0,0,0,0,0,0,0,31400,9.0,370,74,30051,0,19,12,20,65,7,1,0,2,1,1,0,0,1,2,1,0,0,0,0,0,0,0,0,1,0,1,0,0,1,0,0
24641,8.2,309,50,27793,0,11,21,10,24,8,1,0,1,0,1,0,0,0,0,1,29707,8.6,325,80,43267,1,21,11,35,36,5,0,0,1,0,0,1,0,1,2,0,0,0,0,0,0,0,0,0,1,0,1,0,0,1,0,0
25772,8.8,368,68,25901,1,10,18,9,21,7,0,0,0,0,0,0,0,0,0,0,30381,9.2,334,96,33865,0,18,10,20,96,10,1,0,2,1,0,1,0,1,1,1,0,0,0,0,0,0,0,1,0,0,0,0,0,1,0,0
30499,9.2,387,76,33114,1,19,6,26,34,9,1,0,1,1,0,0,0,1,2,1,22196,8.2,334,64,23900,0,6,19,5,27,6,0,0,0,0,0,0,0,0,0,0,0,0,0,1,1,0,0,0,0,0,0,0,0,1,1,1
21892,8.8,384,61,21666,0,5,10,7,29,9,0,0,0,0,0,0,0,0,0,0,26731,9.0,360,62,22920,1,10,5,9,29,13,1,0,1,0,0,1,0,1,1,1,0,0,0,0,0,0,0,0,0,1,0,0,0,1,0,0
25440,8.6,355,86,24052,0,8,16,9,31,11,0,0,0,0,0,0,0,1,1,1,27736,9.2,335,74,34487,1,16,8,28,35,15,0,0,0,0,0,0,0,0,1,0,0,1,0,0,0,0,1,0,0,0,0,0,0,1,0,0
26173,8.8,373,72,28891,0,11,13,19,37,10,0,0,0,0,0,0,0,0,0,1,26242,8.8,369,65,31547,1,13,11,25,26,10,0,0,0,0,0,0,0,1,1,0,0,0,0,0,0,0,0,0,0,0,1,0,0,1,0,0
27857,8.6,351,63,40433,0,16,14,19,35,12,0,0,0,0,0,0,0,1,1,1,27192,8.6,336,64,35136,1,14,16,18,33,9,0,0,0,0,0,0,0,0,1,0,0,0,1,0,0,0,0,0,0,1,0,0,0,1,0,0
24988,9.0,395,56,30455,1,9,10,10,29,10,0,0,0,0,0,0,0,0,0,0,26086,8.8,317,95,24261,0,10,9,11,29,10,1,0,1,0,0,1,0,1,1,1,0,0,0,0,0,0,0,0,1,0,0,0,0,1,0,0
26320,8.4,306,71,24809,1,12,5,21,154,6,0,0,0,0,0,0,0,1,2,1,22073,8.2,287,76,21919,0,5,12,11,32,8,0,0,0,0,0,0,0,0,0,0,1,0,0,1,0,0,0,0,0,0,0,0,0,1,1,1
25172,8.2,257,80,27101,0,13,17,24,122,10,0,0,0,0,0,0,0,0,0,0,30771,8.6,355,68,35516,1,17,13,30,31,8,1,0,2,0,1,1,0,1,2,1,0,0,0,0,0,0,0,0,1,0,0,1,0,1,0,0
25739,8.8,371,72,28154,0,11,8,12,31,8,0,0,0,0,0,0,0,0,0,1,24241,9.0,369,68,25828,1,8,11,8,32,12,0,0,0,0,0,0,0,1,2,0,0,0,0,0,0,0,0,0,1,0,1,0,0,1,1,1
21407,8.2,264,76,18962,0,6,21,5,24,2,0,0,0,0,0,0,0,0,0,1,31167,9.2,358,79,26975,1,21,6,20,16,8,1,0,2,1,0,1,0,1,2,0,0,0,0,0,0,0,1,0,0,0,0,1,0,1,0,0
24578,8.4,350,96,23463,1,5,9,9,29,10,0,0,0,0,0,0,0,0,0,1,24267,8.6,344,68,19671,0,9,5,7,32,8,1,0,1,0,1,0,0,1,2,0,0,0,0,0,0,0,1,0,0,0,0,1,0,0,0,1
26082,9.0,330,63,22489,0,10,6,10,32,10,0,0,1,0,1,0,0,0,0,0,25944,8.6,380,75,23510,1,6,10,6,23,10,1,0,2,1,0,1,0,1,2,1,0,0,0,0,0,0,1,0,0,1,0,0,0,1,0,0
23442,9.4,427,80,19523,0,4,5,6,40,13,0,0,0,0,0,0,0,1,1,0,23966,9.0,398,88,19912,1,5,4,3,35,12,0,0,0,0,0,0,0,0,0,1,0,0,0,0,0,1,0,0,0,0,0,0,0,1,1,1
23887,8.4,371,68,27106,1,7,9,8,29,5,0,0,0,0,0,0,0,1,1,1,24954,9.2,402,84,26391,0,9,7,11,30,8,0,0,0,0,0,0,0,0,1,0,1,0,0,0,0,0,0,0,0,0,1,0,0,1,0,0
26982,9.0,370,101,24377,1,10,10,12,47,8,1,0,1,0,0,1,0,0,0,1,24209,8.8,366,76,27733,0,10,10,5,26,11,0,0,0,0,0,0,0,1,2,0,0,0,0,0,0,0,0,1,0,0,0,1,0,0,1,0
25841,8.6,343,64,23634,0,9,11,12,30,11,1,0,1,0,0,1,0,0,0,1,25165,8.8,352,80,28691,1,11,9,9,31,5,0,0,0,0,0,0,0,1,1,0,0,0,0,0,0,0,0,0,1,0,0,0,0,1,0,0
27356,8.4,362,78,23449,0,10,10,11,29,6,1,0,1,0,0,1,0,1,1,1,25622,8.6,382,66,20016,1,10,10,21,26,8,0,0,0,0,0,0,0,0,1,0,0,1,0,0,0,0,0,0,0,1,0,0,0,0,1,0
21539,8.2,334,55,17366,1,5,13,3,25,5,0,0,0,0,0,0,0,0,0,0,29759,9.0,391,76,24930,0,13,5,16,26,9,1,0,3,2,0,1,0,1,2,1,0,0,0,0,0,0,1,1,0,0,0,0,0,1,0,0
27919,8.8,310,66,33315,1,16,17,26,21,7,0,0,0,0,0,0,0,0,1,0,27612,8.6,337,76,31644,0,17,16,23,29,3,0,0,0,0,0,0,0,1,1,1,0,0,0,0,1,0,0,1,0,0,0,0,0,0,0,1
24525,8.8,340,83,18258,0,8,14,9,30,12,0,0,0,0,0,0,0,0,0,1,28826,8.8,381,75,24292,1,14,8,18,30,10,1,0,1,0,0,1,0,1,2,0,0,0,0,0,0,0,1,1,0,0,0,0,0,1,0,0
25613,8.6,357,67,21780,0,10,15,7,29,14,1,0,1,0,1,0,0,1,1,0,28547,8.8,341,87,32432,1,15,10,25,61,14,0,0,1,0,0,1,0,0,1,1,0,0,0,1,0,0,0,0,0,0,1,0,0,1,0,0
21922,8.4,339,50,22034,1,5,12,7,39,7,0,0,0,0,0,0,0,0,0,0,27749,9.0,392,71,31774,0,12,5,19,33,7,0,0,0,0,0,0,0,1,2,1,0,0,0,0,0,0,1,0,0,0,1,0,0,1,0,0
26965,9.0,361,67,28578,0,12,9,13,39,6,0,0,0,0,0,0,0,0,0,1,24122,8.6,365,79,24302,1,9,12,17,22,6,0,0,0,0,0,0,0,1,1,0,0,0,0,0,0,0,0,0,0,0,1,0,0,1,1,1
23223,8.8,380,79,26437,0,3,11,2,87,12,0,0,0,0,0,0,0,0,0,1,27133,9.0,381,77,26947,1,11,3,15,29,10,0,0,0,0,0,0,0,1,2,0,0,0,0,0,0,0,0,1,0,1,0,0,0,1,0,0
25356,8.8,351,75,25430,0,9,9,13,168,5,1,0,1,0,0,1,0,0,0,1,25084,9.0,368,80,24217,1,9,9,18,24,7,0,0,0,0,0,0,0,1,2,0,0,0,0,0,0,0,1,0,1,0,0,0,0,0,1,0
23283,8.8,419,79,20689,1,2,6,2,29,9,0,0,1,0,1,0,0,0,0,0,24112,8.8,371,68,24901,0,6,2,8,86,7,1,0,1,0,0,1,0,1,2,1,0,0,0,0,0,0,1,1,0,0,0,0,0,1,0,0
24286,8.4,308,75,31621,1,10,19,8,36,13,0,0,0,0,0,0,0,0,0,0,30540,9.2,376,78,35619,0,19,10,21,34,18,1,0,2,1,1,0,0,1,2,1,0,0,0,0,0,0,0,0,1,1,0,0,0,1,0,0
27387,9.2,382,88,27192,1,12,8,11,21,5,0,0,1,0,0,1,0,1,1,0,27127,8.8,361,56,25509,0,8,12,9,30,8,1,0,3,0,3,0,0,0,0,1,0,0,0,0,1,0,0,0,0,0,0,0,0,1,1,1
25232,9.0,357,67,24065,0,7,5,15,33,11,1,0,1,0,1,0,0,0,0,1,24076,8.6,379,84,20000,1,5,7,4,27,9,0,0,1,0,0,1,0,1,2,0,0,0,0,0,0,0,0,1,0,0,0,1,0,0,1,0
30137,9.0,402,86,24461,1,12,6,16,33,17,1,0,2,0,1,1,0,1,1,1,23541,8.8,322,98,19247,0,6,12,12,80,8,0,0,0,0,0,0,0,0,1,0,0,0,0,0,0,1,0,1,0,0,0,0,0,1,1,1
26025,9.2,410,58,27347,0,9,12,4,28,9,0,0,0,0,0,0,0,0,0,0,25995,9.0,344,70,24284,1,12,9,14,30,8,0,0,0,0,0,0,0,0,0,1,0,0,0,0,0,0,0,0,0,0,0,0,0,0,0,1
25253,8.8,336,108,25079,0,9,7,11,33,8,0,0,0,0,0,0,0,1,1,1,23314,8.4,364,52,21781,1,7,9,9,22,13,0,0,0,0,0,0,0,0,1,0,0,0,0,0,1,0,1,0,0,0,0,0,0,1,1,1
22341,8.8,336,76,17951,0,6,12,6,32,15,0,0,0,0,0,0,0,1,1,0,29122,9.2,411,88,24234,1,12,6,11,33,15,1,0,2,0,1,1,0,0,0,1,0,0,0,0,1,0,0,0,0,0,0,0,0,1,0,0
27405,8.6,328,74,32810,0,12,19,15,26,9,0,0,0,0,0,0,0,1,1,1,31071,9.4,357,62,34927,1,19,12,25,40,4,1,0,3,1,1,1,0,0,1,0,0,0,0,0,1,0,0,0,0,0,0,1,0,1,0,0
28081,8.8,368,84,23913,1,14,2,18,30,8,0,0,0,0,0,0,0,1,1,1,19961,8.0,337,56,20673,0,2,14,1,28,10,0,0,0,0,0,0,0,0,0,0,0,0,1,0,0,0,0,0,0,0,0,0,0,1,1,1
30073,9.2,358,100,29375,0,14,8,13,29,7,1,0,2,1,0,1,0,1,1,1,23216,8.6,323,56,21150,1,8,14,12,23,12,0,0,0,0,0,0,0,0,0,0,0,0,1,0,0,0,0,0,0,0,0,0,0,1,1,1
22277,8.4,298,79,27893,0,6,15,6,44,5,0,0,0,0,0,0,0,0,0,1,28384,8.8,326,92,30223,1,15,6,20,28,11,1,0,1,0,0,1,0,1,2,0,0,0,0,0,0,0,0,1,0,0,0,1,0,1,0,0
27204,9.0,362,76,27288,0,14,14,18,26,9,0,0,0,0,0,0,0,0,0,1,27200,9.2,373,72,32794,1,14,14,16,31,10,0,0,0,0,0,0,0,1,2,0,0,0,0,0,0,0,1,0,0,1,0,0,0,0,0,1
28724,8.8,372,80,30410,1,13,12,16,31,9,1,0,1,0,0,1,0,0,0,1,25128,8.4,332,63,31533,0,12,13,17,34,11,0,0,0,0,0,0,0,1,1,0,0,0,0,0,0,0,1,0,0,0,0,0,0,1,1,1
24384,8.8,373,76,25847,0,7,14,5,29,9,0,0,0,0,0,0,0,0,0,0,30342,9.4,407,88,26866,1,14,7,22,30,6,1,0,1,1,0,0,0,1,1,1,0,0,0,0,0,0,0,0,0,0,0,1,0,1,0,0
25240,9.0,380,59,26113,1,10,4,15,27,11,0,0,0,0,0,0,0,0,0,0,22264,8.4,351,92,18359,0,4,10,6,66,8,0,0,0,0,0,0,0,1,1,1,0,0,0,0,0,0,0,0,0,0,0,1,0,1,1,1
23092,8.4,332,56,25356,0,6,17,10,26,2,0,0,0,0,0,0,0,0,0,1,28485,8.8,355,74,30226,1,17,6,22,25,6,1,0,1,0,0,1,0,1,2,0,0,0,0,0,0,0,1,0,0,0,0,1,0,1,0,0
25144,8.6,353,72,25815,1,9,10,11,27,9,1,0,1,1,0,0,0,0,1,1,24132,8.8,366,84,25828,0,10,9,12,61,5,0,0,0,0,0,0,0,1,1,0,0,0,0,0,1,0,0,0,0,0,0,1,0,1,1,1
21069,8.2,339,68,23732,1,4,14,7,26,8,0,0,0,0,0,0,0,1,1,0,27424,9.0,364,60,28377,0,14,4,18,27,8,1,0,1,1,0,0,0,0,0,1,1,0,0,0,0,0,0,0,0,0,0,0,0,1,0,0
25318,8.6,368,80,24175,1,9,7,15,78,8,0,0,0,0,0,0,0,1,1,1,24098,8.6,344,83,25941,0,7,9,8,26,37,0,0,0,0,0,0,0,0,0,0,0,1,0,0,0,0,0,0,0,0,0,0,0,0,1,0
24122,8.6,315,62,26801,0,10,12,14,30,8,0,0,0,0,0,0,0,1,1,0,27797,9.0,386,79,26967,1,12,10,16,30,13,1,0,1,0,0,1,0,0,0,1,0,0,0,0,0,1,0,0,0,0,0,0,0,1,0,0
26747,8.6,324,60,26829,1,16,13,20,19,5,0,0,0,0,0,0,0,0,0,0,29290,8.4,343,71,29907,0,13,16,19,28,7,1,0,1,0,0,1,0,1,1,1,0,0,0,0,0,0,0,1,0,0,0,0,0,1,0,0
27201,8.4,309,63,28680,0,14,13,15,271,16,1,0,1,0,0,1,0,0,0,1,27127,8.6,355,74,30719,1,13,14,13,56,10,0,0,0,0,0,0,0,1,1,0,0,0,0,0,0,0,0,0,0,0,1,0,0,0,0,1
21160,8.4,365,75,19849,0,3,11,2,33,18,0,0,0,0,0,0,0,0,0,1,26247,9.2,413,75,27062,1,11,3,10,53,18,0,0,0,0,0,0,0,1,2,0,0,0,0,0,0,0,0,1,0,0,1,0,0,1,0,0
23813,8.2,288,72,25154,0,9,12,13,23,10,0,0,0,0,0,0,0,0,0,0,28766,8.4,341,70,26258,1,12,9,13,28,9,1,0,3,2,1,0,0,1,1,1,0,0,0,0,0,0,1,0,0,0,0,0,0,1,0,0
31777,8.8,370,74,38217,1,17,13,26,27,12,1,0,2,1,1,0,0,0,0,1,25305,8.6,305,64,27564,0,13,17,21,86,5,0,0,0,0,0,0,0,1,2,0,0,0,0,0,0,0,1,0,0,0,1,0,0,0,1,0
25365,9.0,385,72,27929,1,9,4,13,33,12,0,0,0,0,0,0,0,1,1,0,23276,8.4,376,62,14887,0,4,9,4,36,9,0,0,0,0,0,0,0,0,1,1,0,0,0,0,0,1,1,0,0,0,0,0,0,1,1,1
25255,8.8,378,84,28336,1,10,10,7,30,10,0,0,0,0,0,0,0,0,1,0,26624,9.0,361,58,28616,0,10,10,8,25,12,1,0,1,0,0,1,0,1,1,1,0,0,0,0,0,1,0,0,0,1,0,0,0,1,0,0
26343,8.6,292,66,33668,0,13,15,24,89,8,0,0,0,0,0,0,0,0,0,1,29698,9.0,373,77,34552,1,15,13,17,31,10,1,0,1,0,1,0,0,0,0,0,0,0,0,0,0,0,0,0,0,0,0,0,0,1,0,0
22146,8.2,313,56,22308,0,7,11,6,24,11,0,0,0,0,0,0,0,1,1,1,23547,8.4,293,62,29341,1,11,7,10,30,11,0,0,0,0,0,0,0,0,0,0,1,0,0,0,0,0,0,0,0,0,0,0,0,1,0,0
22274,8.8,428,72,20772,1,1,3,0,33,11,0,0,0,0,0,0,0,0,0,0,22360,9.2,392,79,13507,0,3,1,5,34,14,0,0,0,0,0,0,0,1,2,1,0,0,0,0,0,0,1,1,0,0,0,0,0,0,0,1
25847,9.0,348,76,22720,0,9,7,10,83,8,1,0,1,1,0,0,0,0,0,1,26001,9.0,389,76,18515,1,7,9,6,40,12,0,0,0,0,0,0,0,1,2,0,0,0,0,0,0,0,1,0,0,1,0,0,0,1,0,0
24996,8.6,325,68,28187,1,13,12,25,27,12,0,0,0,0,0,0,0,1,2,0,31256,9.2,399,77,30062,0,12,13,24,44,13,1,0,2,0,1,1,0,0,0,1,0,0,0,1,1,0,0,0,0,0,0,0,0,1,0,0
22787,8.8,321,80,21811,0,7,13,7,61,2,0,0,0,0,0,0,0,1,1,0,28398,9.2,373,76,28612,1,13,7,11,21,7,1,0,1,0,1,0,0,0,0,1,0,0,0,0,0,1,0,0,0,0,0,0,0,1,0,0
27252,8.6,346,72,28386,1,12,10,11,37,12,0,0,0,0,0,0,0,0,0,1,24327,8.6,351,68,22890,0,10,12,15,35,12,1,0,1,0,0,1,0,1,1,0,0,0,0,0,0,0,0,1,0,0,0,0,0,1,1,1
23030,8.4,341,64,23234,0,6,10,9,20,9,0,0,0,0,0,0,0,0,0,0,26140,9.0,369,80,26666,1,10,6,13,27,5,0,0,0,0,0,0,0,1,2,1,0,0,0,0,0,0,0,0,0,1,0,1,0,1,0,0
23298,9.0,353,86,21261,1,5,16,4,24,8,0,0,0,0,0,0,0,0,0,1,27484,9.2,364,77,30623,0,16,5,13,44,7,0,0,0,0,0,0,0,1,2,0,0,0,0,0,0,0,0,0,1,0,0,1,0,1,0,0
25612,8.6,323,68,27311,1,11,15,10,58,7,0,0,0,0,0,0,0,0,0,0,28829,9.0,353,71,30420,0,15,11,13,25,19,1,0,2,0,1,1,0,1,2,1,0,0,0,0,0,0,0,0,1,0,0,1,0,1,0,0
29101,9.0,360,86,31473,1,15,9,13,36,17,0,0,1,0,1,0,0,1,2,1,23569,8.4,315,69,26190,0,9,15,17,30,11,1,0,1,0,1,0,0,0,0,0,1,1,0,0,0,0,0,0,0,0,0,0,0,1,1,1
25677,8.4,321,68,30948,1,12,10,15,50,8,0,0,0,0,0,0,0,1,1,0,25622,8.2,311,53,25845,0,10,12,17,34,6,1,0,1,0,0,1,0,0,0,1,0,0,0,1,0,0,0,0,0,0,0,0,0,0,1,0
23705,8.4,339,64,28344,0,8,15,10,33,7,0,0,0,0,0,0,0,0,0,1,28128,8.8,329,88,26418,1,15,8,22,29,10,1,0,1,0,1,0,0,1,1,0,0,0,0,0,0,0,1,0,0,0,0,0,0,1,0,0
26739,8.8,345,76,29301,1,14,10,11,200,2,0,0,0,0,0,0,0,1,1,1,23378,8.0,307,72,27439,0,10,14,17,19,7,0,0,0,0,0,0,0,0,1,0,1,0,0,0,0,0,0,1,0,0,0,0,0,1,1,1
24503,8.4,340,78,20058,1,10,14,6,28,5,0,0,0,0,0,0,0,0,0,1,26977,9.0,386,95,26687,0,14,10,9,34,7,1,0,1,0,0,1,0,1,2,0,0,0,0,0,0,0,0,1,0,0,1,0,0,1,0,0
24827,8.8,337,104,21481,0,10,9,15,22,5,0,0,0,0,0,0,0,1,1,1,23632,8.6,356,66,26072,1,9,10,10,24,5,0,0,0,0,0,0,0,0,1,0,0,0,1,0,0,0,0,0,0,0,0,1,0,0,1,0
28607,9.4,360,99,32385,1,14,7,17,35,8,1,0,1,0,0,1,0,0,0,1,24777,9.2,366,80,21119,0,7,14,16,32,10,0,0,0,0,0,0,0,1,1,0,0,0,0,0,0,0,0,0,1,0,0,0,0,1,1,1
23691,8.2,329,72,25839,0,8,18,14,25,13,0,0,0,0,0,0,0,0,0,0,31190,9.2,368,67,29503,1,18,8,24,65,10,1,0,1,0,1,0,0,1,2,1,0,0,0,0,0,0,0,0,1,0,1,0,0,1,0,0
29649,9.2,371,68,32886,0,18,10,20,34,9,1,0,1,0,0,1,0,0,0,1,25206,8.6,362,68,21521,1,10,18,6,54,12,0,0,1,0,1,0,0,1,1,0,0,0,0,0,0,0,0,0,0,0,0,1,0,1,1,1
28834,9.0,367,80,31106,0,16,17,24,39,11,0,0,1,0,1,0,0,0,0,0,30379,9.2,369,95,32650,1,17,16,21,28,11,1,0,1,0,0,1,0,1,1,1,0,0,0,0,0,0,1,0,0,0,0,0,0,1,0,0
27996,8.8,357,64,29155,0,16,13,19,26,10,1,0,1,1,0,0,0,0,0,1,27598,9.0,359,84,33764,1,13,16,21,29,3,0,0,0,0,0,0,0,1,1,0,0,0,0,0,0,0,0,0,0,1,0,0,0,1,0,0
31328,8.8,329,76,37852,0,17,8,20,39,11,1,0,4,2,1,1,0,1,2,0,23096,8.0,288,68,25282,1,8,17,9,25,7,0,0,0,0,0,0,0,0,0,1,0,1,0,1,0,0,0,0,0,0,0,0,0,1,1,1
29432,8.8,367,83,26138,1,14,12,20,40,11,0,0,1,0,0,1,0,0,0,1,27006,8.8,360,83,26762,0,12,14,13,31,13,1,0,1,1,0,0,0,1,2,0,0,0,0,0,0,0,1,0,1,0,0,0,0,1,0,0
28233,9.6,385,78,33719,1,15,5,18,29,14,0,0,0,0,0,0,0,1,1,0,22903,8.4,356,60,21989,0,5,15,5,31,8,1,0,1,0,1,0,0,0,0,1,0,0,0,0,0,1,0,0,0,0,0,0,0,1,1,1
21391,8.8,391,60,16876,1,3,7,2,34,10,0,0,0,0,0,0,0,0,0,0,24844,9.0,420,80,19312,0,7,3,6,34,18,0,0,0,0,0,0,0,1,2,1,0,0,0,0,0,0,0,1,0,0,0,1,0,1,0,0
27856,9.2,387,90,23200,1,11,1,8,70,9,1,0,1,0,0,1,0,0,0,1,21700,8.6,341,85,17206,0,1,11,1,34,34,0,0,1,0,1,0,0,0,0,0,0,0,0,0,0,0,0,0,0,0,0,0,0,1,1,1
26890,9.0,380,80,28149,1,12,9,10,32,3,0,0,0,0,0,0,0,1,1,1,24984,9.2,319,70,25432,0,9,12,11,27,8,0,0,0,0,0,0,0,0,0,0,0,0,1,0,0,0,0,0,0,0,0,0,0,1,1,1
23788,8.6,329,65,27834,1,8,6,11,36,14,0,0,0,0,0,0,0,1,1,0,23011,8.6,363,58,25061,0,6,8,8,36,9,0,0,0,0,0,0,0,0,0,1,0,0,0,0,0,1,0,0,0,0,0,0,0,1,1,1
27919,9.0,374,74,28108,0,13,13,15,31,16,1,0,1,0,1,0,0,1,1,0,27632,8.8,361,79,29328,1,13,13,13,39,8,0,0,0,0,0,0,0,0,0,1,0,1,0,0,0,0,0,0,0,0,0,0,0,1,1,1
31172,8.8,339,67,25733,1,16,6,39,27,13,1,0,3,1,1,1,0,1,2,1,23928,8.0,341,80,26230,0,6,16,6,30,16,0,0,1,0,1,0,0,0,0,0,0,0,1,1,0,0,0,0,0,0,0,0,0,1,1,1
25682,8.8,371,88,26871,0,10,11,15,24,9,0,0,0,0,0,0,0,0,0,0,26053,8.4,339,76,24352,1,11,10,10,27,6,1,0,1,0,1,0,0,1,2,1,0,0,0,0,0,0,0,0,0,1,0,1,0,0,1,0
28406,9.4,379,88,28314,1,13,7,13,32,9,1,0,1,1,0,0,0,1,2,1,22604,8.6,326,63,19310,0,7,13,10,28,8,0,0,0,0,0,0,0,0,0,0,0,0,1,0,1,0,0,0,0,0,0,0,0,1,1,1
26849,9.0,379,76,29599,0,9,5,17,30,8,1,0,1,0,0,1,0,0,1,0,22726,8.4,356,68,23215,1,5,9,4,29,10,0,0,0,0,0,0,0,1,1,1,1,0,0,0,0,0,0,0,0,0,1,0,0,1,1,1
27429,9.2,373,86,26365,1,12,6,15,67,14,1,0,1,0,0,1,0,0,0,1,24583,9.0,413,66,27267,0,6,12,5,27,12,0,0,1,0,0,1,0,1,1,0,0,0,0,0,0,0,0,0,1,0,0,0,0,0,1,0
22542,8.2,288,72,15856,0,5,15,12,35,13,0,0,0,0,0,0,0,0,0,1,28047,8.6,362,90,24192,1,15,5,23,33,12,1,0,1,1,0,0,0,1,2,0,0,0,0,0,0,0,0,1,0,1,0,0,0,1,0,0
28516,9.2,364,79,27594,0,15,2,19,34,16,1,0,1,0,0,1,0,0,0,1,20966,8.4,341,72,18069,1,2,15,4,35,8,0,0,0,0,0,0,0,1,1,0,0,0,0,0,0,0,0,1,0,0,0,0,0,1,1,1
24605,8.6,319,73,29505,1,12,11,16,29,9,0,0,0,0,0,0,0,1,2,1,27067,8.6,312,83,26169,0,11,12,15,93,7,1,0,1,0,1,0,0,0,0,0,1,1,0,0,0,0,0,0,0,0,0,0,0,1,0,0
27990,9.0,394,81,29075,1,13,6,13,58,10,1,0,1,0,0,1,0,1,1,1,22810,8.6,365,74,27441,0,6,13,5,29,10,0,0,0,0,0,0,0,0,0,0,0,0,0,0,1,0,0,0,0,0,0,0,0,0,1,0
24261,8.4,343,63,25900,0,7,9,8,34,13,0,0,0,0,0,0,0,0,0,0,26702,9.0,370,77,22737,1,9,7,6,36,9,1,0,2,1,0,1,0,1,1,1,0,0,0,0,0,0,0,1,0,0,0,0,0,1,0,0
26349,8.6,354,88,24385,0,11,14,12,30,11,0,0,0,0,0,0,0,0,0,1,26784,8.8,349,81,30415,1,14,11,21,36,8,0,0,0,0,0,0,0,1,1,0,0,0,0,0,0,0,0,0,0,0,0,1,0,1,0,0
25064,8.8,357,80,27261,0,6,4,10,46,13,0,0,0,0,0,0,0,0,0,1,22028,8.4,339,78,18974,1,4,6,3,40,13,0,0,0,0,0,0,0,0,0,0,0,0,0,0,0,0,0,0,0,0,0,0,0,0,1,0
23977,8.6,350,87,25284,0,6,16,11,22,8,1,0,1,0,0,1,0,0,0,0,28542,9.2,387,57,28387,1,16,6,19,43,5,0,0,1,0,0,1,0,1,1,1,0,0,0,0,0,0,1,0,0,0,0,0,0,1,0,0
23326,8.8,356,69,22041,1,6,12,3,22,3,1,0,1,0,1,0,0,1,1,1,26542,9.2,371,85,28847,0,12,6,21,19,8,0,0,0,0,0,0,0,0,1,0,0,0,0,1,0,0,1,0,0,0,0,0,0,1,0,0
25851,8.6,336,56,30244,1,12,10,14,31,8,0,0,0,0,0,0,0,0,0,0,24927,8.6,378,63,29167,0,10,12,10,28,11,0,0,0,0,0,0,0,1,2,1,0,0,0,0,0,0,1,0,0,1,0,0,0,1,0,0
24735,8.6,338,64,26729,1,10,6,14,35,7,0,0,0,0,0,0,0,0,0,0,22965,8.2,341,68,25864,0,6,10,10,30,8,0,0,0,0,0,0,0,1,1,1,0,0,0,0,0,0,0,0,0,1,0,0,0,0,1,0
23560,8.8,342,77,20778,0,5,12,7,34,9,0,0,0,0,0,0,0,1,2,0,29530,9.4,421,82,30972,1,12,5,11,31,20,1,0,2,1,0,1,0,0,0,1,0,0,1,0,0,1,0,0,0,0,0,0,0,1,0,0
27509,8.8,322,76,31565,0,13,16,18,31,8,0,0,0,0,0,0,0,0,0,0,27920,8.4,331,60,27127,1,16,13,25,32,12,1,0,1,0,0,1,0,1,1,1,0,0,0,0,0,0,1,0,0,0,0,0,0,1,0,0
26384,8.8,350,71,29066,0,7,16,8,51,11,0,0,1,0,1,0,0,0,0,1,29942,9.4,350,67,27870,1,16,7,20,34,7,1,0,2,1,0,1,0,1,1,0,0,0,0,0,0,0,0,0,0,0,0,1,0,1,0,0
24568,8.2,344,58,25481,1,7,9,11,28,11,1,0,1,0,1,0,0,0,0,1,25218,8.6,358,80,26588,0,9,7,9,125,10,0,0,1,0,0,1,0,1,1,0,0,0,0,0,0,0,0,0,0,0,1,0,0,0,0,1
26804,8.2,301,74,26683,1,13,13,18,25,11,0,0,0,0,0,0,0,0,0,1,26846,8.8,368,57,25600,0,13,13,11,30,8,0,0,0,0,0,0,0,1,2,0,0,0,0,0,0,0,0,0,0,1,1,0,0,1,0,0
24113,8.2,345,57,24353,0,9,11,13,24,8,0,0,0,0,0,0,0,0,0,0,27181,8.8,346,82,28617,1,11,9,13,30,5,1,0,1,0,1,0,0,0,0,1,0,0,0,0,0,0,0,0,0,0,0,0,0,1,0,0
25392,8.6,324,52,26391,1,13,10,18,42,10,0,0,0,0,0,0,0,0,0,1,26097,8.6,376,66,25437,0,10,13,11,27,12,0,0,0,0,0,0,0,0,0,0,0,0,0,0,0,0,0,0,0,0,0,0,0,1,0,0
28627,9.0,366,75,33807,1,15,15,29,26,7,0,0,0,0,0,0,0,0,0,1,28293,9.0,366,68,31793,0,15,15,29,34,4,0,0,0,0,0,0,0,1,1,0,0,0,0,0,0,0,0,0,0,0,1,0,0,1,1,1
26928,9.0,378,82,31194,1,10,11,17,31,7,0,0,0,0,0,0,0,0,0,1,26985,9.0,393,80,29340,0,11,10,14,28,14,1,0,1,1,0,0,0,1,1,0,0,0,0,0,0,0,0,0,0,0,0,1,0,1,0,0
29662,9.4,393,75,26810,1,17,3,21,35,10,1,0,1,0,1,0,0,1,2,1,22517,8.4,390,69,21468,0,3,17,4,27,14,0,0,0,0,0,0,0,0,0,0,0,0,1,1,0,0,0,0,0,0,0,0,0,1,1,1
25643,9.0,366,65,25349,1,10,9,13,33,7,0,0,0,0,0,0,0,0,0,0,25757,8.8,375,61,28050,0,9,10,16,28,8,0,0,0,0,0,0,0,0,0,1,0,0,0,0,0,0,0,0,0,0,0,0,0,0,1,0
27777,9.4,374,84,22401,1,12,11,15,27,9,1,0,1,1,0,0,0,0,0,1,26071,8.6,377,66,26260,0,11,12,10,29,7,0,0,1,0,0,1,0,1,1,0,0,0,0,0,0,0,0,0,0,0,1,0,0,1,1,1
23758,8.6,340,67,27158,0,6,5,7,30,10,1,0,1,0,1,0,0,0,0,1,23596,8.6,368,69,26050,1,5,6,9,31,9,0,0,0,0,0,0,0,1,2,0,0,0,0,0,0,0,1,0,0,1,0,0,0,1,0,0
32387,8.4,291,60,30964,1,19,14,27,30,5,1,0,1,1,0,0,0,0,0,1,24839,8.2,293,74,30675,0,14,19,22,34,8,0,0,1,0,0,1,0,1,1,0,0,0,0,0,0,0,0,0,0,0,0,1,0,0,1,0
29145,9.0,331,68,37715,0,20,12,25,33,11,0,0,0,0,0,0,0,1,1,0,25377,8.2,305,72,33392,1,12,20,8,54,5,1,0,1,0,1,0,0,0,0,1,0,0,0,1,0,0,0,0,0,0,0,0,0,1,1,1
27039,9.0,360,102,35068,1,11,13,9,42,5,0,0,0,0,0,0,0,1,1,0,27077,9.2,335,59,34440,0,13,11,20,31,8,0,0,0,0,0,0,0,0,0,1,0,0,0,0,0,1,0,0,0,0,0,0,0,1,0,0
24350,9.0,357,64,25700,1,10,11,11,23,5,0,0,0,0,0,0,0,0,0,1,27103,9.2,378,91,26120,0,11,10,10,19,3,1,0,1,1,0,0,0,1,1,0,0,0,0,0,0,0,0,1,0,0,0,0,0,1,0,0
25839,9.0,334,76,23968,1,9,7,17,32,10,0,0,0,0,0,0,0,0,0,1,24559,9.0,367,76,25579,0,7,9,5,37,9,1,0,2,0,0,2,0,1,2,0,0,0,0,0,0,0,0,0,1,0,0,1,0,1,1,1
24347,8.4,326,52,21798,1,8,10,8,45,11,0,0,0,0,0,0,0,0,0,1,24202,8.8,375,64,26091,0,10,8,16,39,15,0,0,0,0,0,0,0,1,1,0,0,0,0,0,0,0,0,1,0,0,0,0,0,1,0,0
24756,8.6,368,72,22772,1,7,7,14,38,8,1,0,1,0,0,1,0,1,2,0,26224,9.2,395,67,20026,0,7,7,11,32,11,0,0,1,0,0,1,0,0,0,1,0,0,0,1,1,0,0,0,0,0,0,0,0,0,1,0
26745,8.6,305,77,39038,0,12,7,21,31,8,1,0,1,0,0,1,0,1,1,1,21853,8.4,320,70,25641,1,7,12,6,31,12,0,0,0,0,0,0,0,0,0,0,0,0,0,1,0,0,0,0,0,0,0,0,0,1,1,1
28160,9.0,336,68,27621,1,12,7,12,51,2,1,0,2,1,0,1,0,0,0,1,25199,9.0,358,92,26977,0,7,12,7,59,9,0,0,1,0,1,0,0,1,1,0,0,0,0,0,0,0,0,0,0,0,1,0,0,1,1,1
25040,8.4,332,88,18075,1,7,8,6,36,16,1,0,2,0,2,0,0,1,2,1,23514,8.6,342,60,26287,0,8,7,8,34,9,0,0,1,0,0,1,0,0,0,0,0,1,0,0,0,1,0,0,0,0,0,0,0,0,1,0
25112,9.0,349,72,28294,1,12,8,16,29,12,0,0,0,0,0,0,0,1,1,0,27353,9.2,368,75,26261,0,8,12,6,43,5,1,0,2,1,0,1,0,0,0,1,1,0,0,0,0,0,0,0,0,0,0,0,0,1,0,0
25615,8.6,328,76,28805,1,11,12,12,22,11,0,0,0,0,0,0,0,0,0,1,25255,9.0,373,79,31776,0,12,11,12,31,5,0,0,0,0,0,0,0,1,2,0,0,0,0,0,0,0,1,0,1,0,0,0,0,1,0,0
23654,8.8,405,85,14181,0,4,3,6,22,12,0,0,0,0,0,0,0,1,1,0,22269,8.4,357,87,10863,1,3,4,5,34,4,0,0,0,0,0,0,0,0,1,1,1,0,0,0,0,0,0,0,0,0,1,0,0,1,1,1
24693,8.2,344,60,24225,0,10,19,12,26,6,0,0,0,0,0,0,0,0,0,0,32060,9.2,341,79,32839,1,19,10,18,26,7,1,0,2,1,1,0,0,1,1,1,0,0,0,0,0,0,1,0,0,0,0,0,0,1,0,0
26538,8.8,378,99,28324,1,10,7,20,35,6,0,0,0,0,0,0,0,0,1,1,24388,9.0,384,72,22234,0,7,10,7,36,8,0,0,0,0,0,0,0,1,1,0,0,0,0,0,0,1,1,0,0,0,0,0,0,1,1,1
25667,8.6,332,89,20502,1,8,6,14,22,13,0,0,0,0,0,0,0,0,0,1,23126,8.4,334,73,21367,0,6,8,7,66,9,0,0,0,0,0,0,0,1,1,0,0,0,0,0,0,0,0,0,0,0,1,0,0,0,1,0
26440,9.0,389,72,20771,1,11,6,20,30,16,0,0,0,0,0,0,0,1,1,0,26254,9.0,389,92,18075,0,6,11,6,39,13,1,0,1,0,1,0,0,0,1,1,0,1,0,0,0,0,1,0,0,0,0,0,0,1,1,1
25909,8.6,376,60,30423,0,13,6,8,37,10,1,0,1,0,1,0,0,0,0,1,22554,8.2,307,65,24966,1,6,13,11,36,13,0,0,0,0,0,0,0,1,1,0,0,0,0,0,0,0,0,0,0,0,1,0,0,1,1,1
22529,8.6,337,81,20736,0,7,11,8,31,13,0,0,0,0,0,0,0,1,1,0,28045,9.0,353,95,30817,1,11,7,12,65,9,1,0,1,1,0,0,0,0,0,1,0,0,0,0,1,0,0,0,0,0,0,0,0,1,0,0
29847,9.4,394,69,32680,0,17,8,29,36,13,1,0,1,0,0,1,0,1,2,0,24165,8.4,338,74,25863,1,8,17,12,30,9,0,0,0,0,0,0,0,0,0,1,0,0,0,1,1,0,0,0,0,0,0,0,0,1,1,1
22858,8.2,296,72,25131,1,8,11,13,31,9,0,0,0,0,0,0,0,1,1,1,27436,9.2,406,67,26621,0,11,8,7,59,15,1,0,1,0,0,1,0,0,0,0,0,0,1,0,0,0,0,0,0,0,0,0,0,1,0,0
26500,9.2,363,91,25916,0,11,14,16,31,11,0,0,0,0,0,0,0,1,1,0,29138,9.2,387,76,28699,1,14,11,17,31,7,1,0,1,0,0,1,0,0,0,1,0,1,0,0,0,0,0,0,0,0,0,0,0,1,0,0
23115,8.2,317,52,23146,0,10,23,9,18,6,0,0,0,0,0,0,0,0,0,1,33935,9.4,363,86,43160,1,23,10,30,26,4,1,0,3,1,1,1,0,1,1,0,0,0,0,0,0,0,0,0,0,0,1,0,0,1,0,0
25443,8.6,362,69,27774,0,10,14,13,16,3,0,0,0,0,0,0,0,1,1,0,28210,8.8,354,73,30831,1,14,10,15,26,3,1,0,1,1,0,0,0,0,0,1,0,1,0,0,0,0,0,0,0,0,0,0,0,0,0,1
21055,8.6,345,76,19916,0,2,12,4,26,4,0,0,0,0,0,0,0,0,0,0,26302,9.0,333,76,24152,1,12,2,21,19,7,1,0,1,0,0,1,0,1,2,1,0,0,0,0,0,0,1,0,1,0,0,0,0,1,0,0
25810,8.8,352,82,24906,0,9,6,14,33,14,1,0,1,0,0,1,0,0,0,1,25961,8.8,371,73,22284,1,6,9,9,34,12,0,0,1,0,1,0,0,1,1,0,0,0,0,0,0,0,1,0,0,0,0,0,0,0,1,0
24002,8.6,338,64,24244,1,11,9,14,28,13,0,0,0,0,0,0,0,1,2,0,25893,8.6,350,76,30552,0,9,11,13,28,10,0,0,0,0,0,0,0,0,0,1,1,0,0,1,0,0,0,0,0,0,0,0,0,0,0,1
24040,8.2,299,67,26774,0,10,19,11,33,13,0,0,0,0,0,0,0,0,0,0,30602,9.2,381,67,34444,1,19,10,14,32,19,1,0,1,0,0,1,0,1,2,1,0,0,0,0,0,0,0,1,0,1,0,0,0,1,0,0
27472,8.8,332,70,28739,1,15,6,20,25,6,0,0,0,0,0,0,0,1,1,0,22385,8.2,273,69,22490,0,6,15,7,75,6,0,0,0,0,0,0,0,0,0,1,0,1,0,0,0,0,0,0,0,0,0,0,0,1,1,1
26754,8.6,365,87,20862,1,9,14,12,36,7,0,0,2,0,2,0,0,0,0,1,28671,8.8,375,56,28561,0,14,9,21,32,10,1,0,2,0,0,2,0,1,1,0,0,0,0,0,0,0,0,0,1,0,0,0,0,0,0,1
25359,8.6,316,72,23329,0,9,12,13,275,6,1,0,1,0,1,0,0,0,0,1,27099,8.8,378,91,27406,1,12,9,18,48,12,0,0,0,0,0,0,0,1,1,0,0,0,0,0,0,0,0,0,0,0,0,1,0,0,0,1
24480,8.6,404,69,16407,1,5,4,5,37,17,1,0,1,0,1,0,0,1,1,1,22693,8.6,353,75,18468,0,4,5,3,36,19,0,0,0,0,0,0,0,0,1,0,0,0,1,0,0,0,1,0,0,0,0,0,0,1,1,1
27114,8.8,356,72,27461,1,14,10,11,28,13,0,0,0,0,0,0,0,0,0,0,24880,8.6,353,75,26581,0,10,14,8,39,10,0,0,0,0,0,0,0,1,1,1,0,0,0,0,0,0,1,0,0,0,0,0,0,0,1,0
24777,8.2,316,63,26116,0,9,13,10,39,9,1,0,1,0,1,0,0,1,1,1,26534,8.6,361,66,31154,1,13,9,16,27,6,0,0,0,0,0,0,0,0,1,0,0,0,1,0,0,0,0,0,0,0,0,1,0,1,0,0
33038,9.4,361,84,41608,0,20,8,22,41,8,0,0,2,1,1,0,0,0,1,1,22550,8.0,317,76,29983,1,8,20,4,24,7,1,0,1,0,0,1,0,1,1,0,0,0,1,0,0,0,0,0,0,0,1,0,0,1,1,1
27290,8.8,372,83,18281,1,10,3,14,33,11,0,0,0,0,0,0,0,1,1,1,21620,8.2,363,62,15834,0,3,10,4,33,16,1,0,1,0,1,0,0,0,0,0,1,0,0,0,0,0,0,0,0,0,0,0,0,1,1,1
33126,9.2,367,56,40533,1,24,12,27,35,8,1,0,1,0,0,1,0,1,1,1,25525,8.2,349,64,35151,0,12,24,17,28,11,0,0,0,0,0,0,0,0,1,0,0,0,0,0,0,1,0,1,0,0,0,0,0,1,1,1
29733,8.2,281,80,34717,0,16,12,25,41,8,1,0,2,0,1,1,0,0,0,1,24593,7.4,262,82,26853,1,12,16,29,33,6,0,0,0,0,0,0,0,1,1,0,0,0,0,0,0,0,0,0,0,1,0,0,0,1,1,1
23211,8.8,349,86,18448,1,4,5,5,66,12,0,0,0,0,0,0,0,0,1,0,24002,8.8,376,85,23682,0,5,4,5,38,11,0,0,0,0,0,0,0,1,1,1,0,0,0,0,0,1,0,1,0,0,0,0,0,1,0,0
25669,8.2,334,72,22311,0,9,14,13,28,11,0,0,1,1,0,0,0,0,0,1,31167,8.8,385,72,32138,1,14,9,23,31,6,1,0,3,1,1,1,0,1,2,0,0,0,0,0,0,0,0,0,1,1,0,0,0,1,0,0
24443,8.6,346,67,27306,0,9,12,9,31,7,0,0,0,0,0,0,0,1,1,0,26724,8.8,305,68,24771,1,12,9,14,39,8,1,0,1,0,0,1,0,0,0,1,1,0,0,0,0,0,0,0,0,0,0,0,0,0,0,1
27025,9.0,341,90,26012,0,12,13,20,29,6,1,0,1,0,1,0,0,0,0,1,25154,8.6,332,56,23860,1,13,12,14,27,9,0,0,0,0,0,0,0,1,2,0,0,0,0,0,0,0,1,0,0,1,0,0,0,0,1,0
24328,9.0,343,68,26479,0,7,13,13,29,12,0,0,0,0,0,0,0,0,0,1,29979,9.2,403,70,35037,1,13,7,16,28,10,1,0,1,1,0,0,0,0,0,0,0,0,0,0,0,0,0,0,0,0,0,0,0,1,0,0
26463,8.6,278,87,27290,1,14,14,13,37,5,1,0,2,0,2,0,0,0,0,1,28068,8.4,322,56,31367,0,14,14,15,28,10,0,0,1,0,0,1,0,1,2,0,0,0,0,0,0,0,1,0,0,0,0,1,0,0,1,0
28472,9.0,373,74,28378,1,14,14,13,48,11,1,0,1,0,1,0,0,0,0,1,26789,9.2,343,85,32709,0,14,14,7,50,13,0,0,0,0,0,0,0,1,1,0,0,0,0,0,0,0,0,0,1,0,0,0,0,1,1,1
26067,8.6,372,76,22485,0,9,6,10,56,9,0,0,0,0,0,0,0,0,0,1,23041,8.6,310,64,24542,1,6,9,7,31,7,1,0,1,0,1,0,0,0,0,0,0,0,0,0,0,0,0,0,0,0,0,0,0,1,1,1
23848,8.0,291,80,24522,0,8,18,14,30,7,0,0,0,0,0,0,0,0,0,1,29012,9.2,361,88,35188,1,18,8,26,25,11,0,0,0,0,0,0,0,1,1,0,0,0,0,0,0,0,0,0,1,0,0,0,0,1,0,0
25082,8.8,336,57,31543,0,11,10,15,30,8,0,0,0,0,0,0,0,0,0,0,26454,9.0,350,82,31915,1,10,11,12,27,10,0,0,0,0,0,0,0,1,2,1,0,0,0,0,0,0,1,1,0,0,0,0,0,1,0,0
25300,9.0,369,80,19183,1,8,7,10,31,19,0,0,0,0,0,0,0,0,0,1,23804,8.8,368,87,21836,0,7,8,5,63,10,0,0,0,0,0,0,0,1,1,0,0,0,0,0,0,0,0,0,1,0,0,0,0,1,1,1
27361,8.8,394,80,30615,1,9,9,7,42,9,1,0,1,0,0,1,0,1,1,0,24878,9.2,382,60,23041,0,9,9,7,26,10,0,0,0,0,0,0,0,0,1,1,0,0,1,0,0,0,0,1,0,0,0,0,0,1,1,1
25738,8.6,329,70,24509,1,10,12,10,56,8,1,0,1,0,1,0,0,0,0,1,26983,9.0,342,93,30410,0,12,10,17,30,13,0,0,0,0,0,0,0,1,2,0,0,0,0,0,0,0,0,1,1,0,0,0,0,1,0,0
25737,8.6,307,63,28359,1,11,8,19,37,11,0,0,0,0,0,0,0,0,0,1,22717,8.8,322,75,20807,0,8,11,10,29,8,0,0,0,0,0,0,0,1,1,0,0,0,0,0,0,0,0,1,0,0,0,0,0,1,1,1
24343,8.4,343,60,33571,0,8,20,11,30,2,0,0,0,0,0,0,0,0,0,0,31606,9.4,385,82,36263,1,20,8,24,27,7,1,0,2,1,0,1,0,1,2,1,0,0,0,0,0,0,1,0,1,0,0,0,0,1,0,0
28599,9.4,350,89,27003,0,14,5,15,41,9,0,0,0,0,0,0,0,0,0,1,21037,8.0,318,61,24682,1,5,14,4,30,8,0,0,0,0,0,0,0,1,1,0,0,0,0,0,0,0,0,0,0,0,1,0,0,1,1,1
27265,9.0,379,96,23984,1,10,7,13,31,6,1,0,1,0,0,1,0,1,1,1,24138,8.8,333,77,24626,0,7,10,12,30,12,0,0,0,0,0,0,0,0,0,0,0,0,0,0,1,0,0,0,0,0,0,0,0,1,1,1
26795,8.6,378,52,29029,1,13,6,12,29,13,1,0,1,0,1,0,0,0,0,0,21038,8.2,313,62,24153,0,6,13,8,33,6,0,0,0,0,0,0,0,1,1,0,0,0,0,0,0,0,0,1,0,0,0,0,0,1,1,1
25667,8.8,367,60,25869,1,10,8,7,25,10,0,0,0,0,0,0,0,0,0,1,22963,8.8,366,79,26055,0,8,10,4,32,6,1,0,1,1,0,0,0,1,1,0,0,0,0,0,0,0,0,1,0,0,0,0,0,0,1,0
24201,9.0,369,64,30224,0,6,9,9,65,7,0,0,0,0,0,0,0,1,1,0,25627,8.8,347,64,22757,1,9,6,12,22,38,0,0,0,0,0,0,0,0,0,1,0,1,0,0,0,0,0,0,0,0,0,0,0,1,0,0
26434,8.6,343,68,35562,1,12,20,19,42,11,0,0,0,0,0,0,0,0,0,1,29609,8.6,376,72,37222,0,20,12,26,33,20,0,0,0,0,0,0,0,1,2,0,0,0,0,0,0,0,1,0,0,0,0,1,0,1,0,0
23275,8.6,398,56,17594,0,6,8,7,29,12,0,0,0,0,0,0,0,0,0,0,26348,9.4,387,120,21202,1,8,6,11,30,11,0,0,0,0,0,0,0,1,2,1,0,0,0,0,0,0,0,1,0,1,0,0,0,1,0,0
28967,9.4,429,86,21304,1,12,5,19,40,17,1,0,1,0,0,1,0,1,2,0,26099,8.8,398,72,20697,0,5,12,7,33,15,0,0,1,1,0,0,0,0,0,1,1,0,1,0,0,0,0,0,0,0,0,0,0,1,1,1
20090,8.0,300,59,24197,1,4,22,6,25,5,0,0,0,0,0,0,0,0,0,0,32443,9.4,387,63,39175,0,22,4,25,30,8,1,0,3,1,0,2,0,1,1,1,0,0,0,0,0,0,1,0,0,0,0,0,0,1,0,0
25727,8.6,339,91,23487,0,7,5,17,47,12,0,0,1,0,0,1,0,1,1,1,23596,8.6,373,60,18160,1,5,7,6,41,15,1,0,1,0,1,0,0,0,0,0,0,1,0,0,0,0,0,0,0,0,0,0,0,0,1,0
29368,9.4,366,83,25912,0,16,5,23,38,13,1,0,1,0,0,1,0,0,0,1,24209,8.8,389,89,26482,1,5,16,5,62,9,0,0,0,0,0,0,0,1,1,0,0,0,0,0,0,0,0,0,0,0,0,1,0,1,1,1
22639,8.8,362,83,15645,0,4,5,6,31,15,0,0,0,0,0,0,0,0,0,1,23767,8.8,371,84,19947,1,5,4,8,41,11,0,0,0,0,0,0,0,1,1,0,0,0,0,0,0,0,0,0,1,0,0,0,0,1,0,0
23096,9.0,370,72,24844,0,6,10,10,65,8,0,0,0,0,0,0,0,0,0,0,26157,9.0,362,76,29373,1,10,6,6,37,22,0,0,0,0,0,0,0,1,1,1,0,0,0,0,0,0,1,0,0,0,0,0,0,1,0,0
25262,8.4,322,64,26362,0,10,12,16,17,8,0,0,0,0,0,0,0,0,0,0,27496,8.4,307,67,32425,1,12,10,19,30,7,1,0,2,0,1,1,0,1,2,1,0,0,0,0,0,0,1,0,0,0,0,1,0,1,0,0
26326,9.6,351,68,30673,0,14,6,14,34,10,0,0,0,0,0,0,0,0,1,1,23714,8.4,334,68,20625,1,6,14,6,40,11,0,0,0,0,0,0,0,1,1,0,0,0,0,0,1,0,0,0,0,1,0,0,0,0,1,0
24140,8.4,301,72,28338,0,10,12,13,43,7,0,0,1,0,1,0,0,0,0,1,27489,8.8,360,71,27460,1,12,10,14,26,12,1,0,1,1,0,0,0,1,1,0,0,0,0,0,0,0,0,0,0,0,1,0,0,1,0,0
21388,8.0,324,68,23694,1,5,23,6,32,8,0,0,0,0,0,0,0,1,1,0,33545,9.4,391,92,40177,0,23,5,29,33,10,1,0,3,2,1,0,0,0,1,1,0,0,0,0,1,0,0,0,1,0,0,0,0,1,0,0
25767,8.8,379,59,29891,0,7,12,4,33,4,0,0,0,0,0,0,0,0,0,1,24892,8.4,331,51,25387,1,12,7,17,29,10,1,0,1,0,1,0,0,1,1,0,0,0,0,0,0,0,1,0,0,0,0,0,0,0,0,1
27197,8.4,342,64,29354,1,11,10,11,35,9,1,0,1,0,1,0,0,0,0,1,23356,8.2,303,75,25489,0,10,11,15,33,5,0,0,0,0,0,0,0,1,1,0,0,0,0,0,0,0,0,0,0,0,0,1,0,1,1,1
23469,8.8,350,71,23158,0,8,14,11,24,14,0,0,0,0,0,0,0,1,1,1,26780,9.4,397,68,28382,1,14,8,16,30,7,0,0,0,0,0,0,0,0,0,0,0,0,1,0,0,0,0,0,0,0,0,0,0,1,0,0
25222,8.4,353,64,24361,1,9,11,14,26,10,0,0,0,0,0,0,0,0,0,1,26082,8.4,324,60,34598,0,11,9,16,28,14,1,0,1,0,0,1,0,0,0,0,0,0,0,0,0,0,0,0,0,0,0,0,0,1,0,0
28721,9.0,375,60,23295,0,13,10,7,33,5,1,0,2,1,1,0,0,1,1,0,25503,8.8,320,80,30117,1,10,13,6,33,6,0,0,0,0,0,0,0,0,0,1,0,0,0,0,1,0,0,0,0,0,0,0,0,1,1,1
25491,8.4,362,68,28401,1,9,16,14,29,13,0,0,0,0,0,0,0,0,0,0,30939,9.0,364,68,31820,0,16,9,22,32,10,1,0,2,0,1,1,0,1,1,1,0,0,0,0,0,0,0,0,0,0,1,0,0,1,0,0
27777,9.4,379,87,25622,0,10,7,17,55,9,1,0,1,0,1,0,0,0,0,0,24372,8.8,390,60,19196,1,7,10,9,26,5,0,0,0,0,0,0,0,0,0,1,0,0,0,0,0,0,0,0,0,0,0,0,0,1,1,1
24161,8.4,311,82,22490,0,9,7,8,24,10,0,0,0,0,0,0,0,0,1,1,25681,9.0,405,58,21637,1,7,9,6,36,7,1,0,1,0,0,1,0,1,1,0,0,0,0,1,0,0,1,0,0,0,0,0,0,1,0,0
26052,8.2,300,67,27999,0,10,15,13,40,3,1,0,1,1,0,0,0,0,0,1,29197,8.6,364,53,32844,1,15,10,25,24,6,0,0,1,0,1,0,0,0,0,0,0,0,0,0,0,0,0,0,0,0,0,0,0,1,0,0
25840,8.4,305,62,27846,0,14,9,22,38,8,0,0,0,0,0,0,0,1,1,0,27095,9.0,377,81,25871,1,9,14,9,26,6,1,0,1,0,1,0,0,0,0,1,1,0,0,0,0,0,0,0,0,0,0,0,0,0,0,1
25673,9.0,364,88,27358,1,9,7,7,30,5,0,0,0,0,0,0,0,0,0,1,24133,9.0,377,87,20868,0,7,9,4,25,9,0,0,0,0,0,0,0,1,1,0,0,0,0,0,0,0,0,0,0,1,0,0,0,0,1,0
26008,9.0,370,100,18926,1,7,6,5,25,14,0,0,0,0,0,0,0,0,0,0,25978,8.8,354,64,20786,0,6,7,5,37,5,1,0,2,0,2,0,0,1,1,1,0,0,0,0,0,0,0,0,0,0,1,0,0,1,0,0
26437,8.8,336,73,24487,0,12,9,9,34,12,0,0,0,0,0,0,0,0,0,1,26466,8.8,370,74,29234,1,9,12,7,38,7,1,0,1,0,1,0,0,1,1,0,0,0,0,0,0,0,0,1,0,0,0,0,0,0,0,1
23070,8.8,373,68,24316,0,4,6,1,56,8,0,0,0,0,0,0,0,0,0,1,23465,9.0,362,68,23022,1,6,4,4,42,10,0,0,0,0,0,0,0,1,1,0,0,0,0,0,0,0,0,0,0,1,0,0,0,1,0,0
23026,8.8,377,92,13825,0,4,4,6,30,12,0,0,0,0,0,0,0,0,0,1,23987,8.8,390,84,19786,1,4,4,10,41,6,0,0,0,0,0,0,0,1,2,0,0,0,0,0,0,0,1,0,0,0,0,1,0,0,0,1
23167,8.6,348,72,21043,0,3,9,4,40,13,0,0,1,0,1,0,0,0,0,1,26212,8.8,384,80,21414,1,9,3,13,36,6,1,0,1,0,0,1,0,1,2,0,0,0,0,0,0,0,0,1,0,0,0,1,0,1,0,0
23162,8.4,352,64,23596,0,6,12,5,33,10,0,0,0,0,0,0,0,1,1,1,25979,8.8,371,60,28440,1,12,6,18,52,14,0,0,0,0,0,0,0,0,0,0,0,0,0,0,1,0,0,0,0,0,0,0,0,1,0,0
24373,8.6,374,84,19769,0,4,6,6,36,11,1,0,1,0,0,1,0,1,2,1,24086,9.2,374,84,19408,1,6,4,5,26,13,0,0,0,0,0,0,0,0,0,0,0,0,0,0,1,1,0,0,0,0,0,0,0,1,1,1
23511,9.0,366,62,24775,1,8,7,10,32,10,0,0,0,0,0,0,0,1,1,0,25704,8.6,379,74,20338,0,7,8,8,36,6,1,0,1,1,0,0,0,0,0,1,1,0,0,0,0,0,0,0,0,0,0,0,0,0,0,1
26634,9.0,373,74,26473,1,10,4,11,33,7,1,0,1,0,0,1,0,1,2,1,22658,8.6,372,64,23286,0,4,10,4,26,10,0,0,0,0,0,0,0,0,0,0,0,0,1,0,1,0,0,0,0,0,0,0,0,1,1,1
25798,9.2,406,85,19533,1,5,3,7,42,16,1,0,1,0,0,1,0,1,1,1,22157,9.0,370,70,15288,0,3,5,3,63,14,0,0,0,0,0,0,0,0,0,0,0,0,1,0,0,0,0,0,0,0,0,0,0,1,1,1
27638,8.8,333,58,30291,0,12,12,15,38,8,1,0,1,0,0,1,0,1,2,1,26684,8.8,361,68,25827,1,12,12,18,34,7,0,0,0,0,0,0,0,0,0,0,1,1,0,0,0,0,0,0,0,0,0,0,0,0,0,1
32715,8.8,356,68,35660,1,23,9,25,32,16,1,0,2,0,1,1,0,0,0,1,25065,8.2,349,60,25221,0,9,23,7,40,15,0,0,0,0,0,0,0,0,0,0,0,0,0,0,0,0,0,0,0,0,0,0,0,1,1,1
24270,8.2,325,68,26645,0,10,12,14,31,12,0,0,0,0,0,0,0,0,0,1,27006,8.6,346,64,23311,1,12,10,15,36,11,1,0,2,0,0,2,0,1,1,0,0,0,0,0,0,0,0,1,0,0,0,0,0,1,0,0
24428,8.6,318,57,24746,1,10,9,13,29,3,0,0,0,0,0,0,0,0,0,0,26632,8.6,329,76,32046,0,9,10,12,63,7,1,0,2,1,0,1,0,1,1,1,0,0,0,0,0,0,1,0,0,0,0,0,0,1,0,0
30093,9.2,393,76,26699,1,16,6,21,20,6,1,0,1,0,0,1,0,0,1,1,22711,8.6,348,68,22812,0,6,16,7,39,6,0,0,0,0,0,0,0,1,1,0,0,1,0,0,0,0,0,0,0,1,0,0,0,1,1,1
20696,8.4,350,81,17202,0,1,7,0,84,12,0,0,0,0,0,0,0,0,0,0,26603,9.2,406,78,22351,1,7,1,9,33,21,1,0,1,0,0,1,0,1,1,1,0,0,0,0,0,0,0,0,0,0,1,0,0,1,0,0
28180,8.8,391,55,27040,1,13,9,13,30,11,1,0,1,0,0,1,0,0,0,1,23643,8.6,359,67,19010,0,9,13,10,32,8,0,0,0,0,0,0,0,0,0,0,0,0,0,0,0,0,0,0,0,0,0,0,0,1,1,1
25884,9.0,344,83,27368,0,12,10,11,34,10,0,0,0,0,0,0,0,1,2,1,25267,9.2,352,68,29361,1,10,12,12,34,13,0,0,0,0,0,0,0,0,0,0,1,0,0,0,1,0,0,0,0,0,0,0,0,0,1,0
27145,8.8,331,76,29902,0,16,7,12,105,26,0,0,0,0,0,0,0,1,2,0,25186,8.4,341,84,27179,1,7,16,12,59,7,1,0,1,0,0,1,0,0,0,1,0,0,1,0,1,0,0,0,0,0,0,0,0,1,1,1
24881,9.2,358,88,21378,0,9,4,11,94,13,0,0,0,0,0,0,0,1,1,0,22453,8.6,378,64,16321,1,4,9,3,30,11,0,0,0,0,0,0,0,0,0,1,1,0,0,0,0,0,0,0,0,0,0,0,0,1,1,1
23303,8.0,265,50,31179,1,10,21,10,33,8,0,0,0,0,0,0,0,1,1,0,30754,8.8,297,87,33298,0,21,10,17,45,9,1,0,2,1,1,0,0,0,0,1,0,0,0,0,1,0,0,0,0,0,0,0,0,1,0,0
25919,8.6,358,84,34181,1,12,17,9,38,7,0,0,0,0,0,0,0,0,0,1,27352,9.2,350,80,28770,0,17,12,18,23,9,0,0,0,0,0,0,0,1,1,0,0,0,0,0,0,0,0,1,0,0,0,0,0,1,0,0
26245,8.8,348,76,31218,0,12,14,10,26,6,0,0,1,0,1,0,0,1,1,0,27703,9.0,316,72,25082,1,14,12,20,23,11,1,0,1,0,0,1,0,0,1,1,0,0,0,0,0,1,0,0,0,1,0,0,0,1,0,0
23994,8.6,376,54,21619,1,10,13,9,38,12,0,0,0,0,0,0,0,0,0,1,25490,8.8,358,68,30380,0,13,10,11,33,16,0,0,0,0,0,0,0,1,1,0,0,0,0,0,0,0,1,0,0,0,0,0,0,0,0,1
25552,8.6,378,81,17008,1,5,9,6,37,11,0,0,1,0,1,0,0,1,1,1,24229,8.4,365,60,16558,0,9,5,7,46,11,1,0,2,0,1,1,0,0,0,0,0,0,0,0,1,0,0,0,0,0,0,0,0,0,1,0
28477,9.0,361,38,32673,0,17,7,23,47,10,0,0,0,0,0,0,0,0,0,1,23095,8.0,337,69,23675,1,7,17,7,23,11,1,0,1,0,1,0,0,1,1,0,0,0,0,0,0,0,0,0,0,0,1,0,0,1,1,1
31925,9.0,365,56,38550,1,27,8,29,34,16,0,0,0,0,0,0,0,0,1,1,24297,8.4,309,71,27677,0,8,27,5,34,14,1,0,1,0,0,1,0,1,1,0,0,0,1,0,0,0,0,0,0,0,1,0,0,1,1,1
23943,8.6,370,67,18779,0,5,10,5,106,11,0,0,0,0,0,0,0,0,0,0,27588,9.0,404,88,22032,1,10,5,7,64,34,1,0,1,0,0,1,0,1,1,1,0,0,0,0,0,0,0,0,1,0,0,0,0,1,0,0
25066,7.8,269,64,24860,0,13,12,22,53,8,0,0,0,0,0,0,0,0,0,1,27683,8.4,357,74,22192,1,12,13,18,26,7,1,0,1,0,0,1,0,1,2,0,0,0,0,0,0,0,1,1,0,0,0,0,0,1,0,0
25208,8.8,370,85,22700,1,10,9,14,35,12,0,0,0,0,0,0,0,1,2,0,25123,8.4,347,57,20926,0,9,10,14,29,9,1,0,1,0,0,1,0,0,0,1,0,0,0,1,1,0,0,0,0,0,0,0,0,1,1,1
24138,8.6,336,80,29489,0,9,21,11,22,8,0,0,0,0,0,0,0,1,1,0,31320,9.0,376,76,35679,1,21,9,29,31,6,1,0,1,1,0,0,0,0,1,1,0,1,0,0,0,0,1,0,0,0,0,0,0,1,0,0
24049,8.6,364,61,20275,1,7,7,8,36,9,0,0,0,0,0,0,0,1,2,1,24212,8.6,391,70,20580,0,7,7,8,46,11,0,0,0,0,0,0,0,0,0,0,0,0,1,0,0,1,0,0,0,0,0,0,0,0,0,1
23235,8.6,360,92,18468,0,5,13,9,34,12,0,0,0,0,0,0,0,0,1,0,29659,8.8,365,64,20056,1,13,5,22,36,9,1,0,2,0,1,1,0,1,1,1,0,0,1,0,0,0,0,0,0,0,0,1,0,1,0,0
28575,8.6,349,72,23492,0,13,7,17,28,6,1,0,2,1,0,1,0,1,1,1,22608,8.2,311,62,25607,1,7,13,8,38,4,0,0,0,0,0,0,0,0,0,0,0,0,1,0,0,0,0,0,0,0,0,0,0,1,1,1
28466,9.2,363,70,31852,0,13,8,18,36,8,1,0,1,1,0,0,0,0,0,1,22216,8.6,315,55,20226,1,8,13,7,38,6,0,0,0,0,0,0,0,1,2,0,0,0,0,0,0,0,0,1,0,0,1,0,0,1,1,1
25335,8.8,387,76,25121,0,10,8,15,31,10,0,0,0,0,0,0,0,1,1,1,24768,8.8,354,63,25548,1,8,10,10,41,7,0,0,0,0,0,0,0,0,0,0,0,0,0,1,0,0,0,0,0,0,0,0,0,1,1,1
27824,9.2,354,76,29590,1,12,7,20,38,4,0,0,1,0,1,0,0,0,0,1,24132,8.6,332,79,20144,0,7,12,5,30,3,1,0,1,0,0,1,0,1,1,0,0,0,0,0,0,0,1,0,0,0,0,0,0,1,1,1
28170,9.0,391,71,26468,1,11,6,11,30,6,1,0,1,0,0,1,0,0,0,0,23036,8.4,350,80,17273,0,6,11,7,23,12,0,0,0,0,0,0,0,1,1,1,0,0,0,0,0,0,0,0,1,0,0,0,0,1,1,1
26259,9.0,387,85,21071,1,9,7,8,29,9,0,0,0,0,0,0,0,0,0,1,23498,9.0,384,75,24017,0,7,9,10,22,8,0,0,0,0,0,0,0,1,1,0,0,0,0,0,0,0,0,0,1,0,0,0,0,0,1,0
25194,8.6,339,72,25992,1,9,16,9,31,8,0,0,0,0,0,0,0,0,0,1,27798,9.0,364,72,30168,0,16,9,14,24,14,0,0,0,0,0,0,0,1,2,0,0,0,0,0,0,0,0,0,0,0,1,1,0,1,0,0
36086,9.0,366,92,29187,1,16,5,23,35,3,1,0,5,2,1,2,0,1,2,1,20342,8.0,287,60,15112,0,5,16,4,16,8,0,0,1,0,1,0,0,0,0,0,1,1,0,0,0,0,0,0,0,0,0,0,0,1,1,1
22338,7.6,254,63,22799,1,9,18,13,179,5,0,0,0,0,0,0,0,0,0,0,32808,8.8,374,80,31546,0,18,9,26,26,8,1,0,2,0,1,1,0,1,2,1,0,0,0,0,0,0,0,1,1,0,0,0,0,1,0,0
27847,8.8,317,76,41166,1,15,10,29,37,9,0,0,0,0,0,0,0,1,2,0,24921,8.4,285,68,35241,0,10,15,18,31,8,0,0,0,0,0,0,0,0,0,1,1,1,0,0,0,0,0,0,0,0,0,0,0,1,1,1
24233,8.4,336,48,26397,0,8,20,8,38,7,0,0,0,0,0,0,0,1,1,0,30008,9.2,343,63,32790,1,20,8,21,34,22,1,0,1,1,0,0,0,0,0,1,0,0,0,1,0,0,0,0,0,0,0,0,0,1,0,0
29504,9.0,346,71,30636,1,15,8,21,65,13,1,0,1,1,0,0,0,0,0,1,23444,8.6,348,64,29210,0,8,15,10,29,10,0,0,0,0,0,0,0,0,0,0,0,0,0,0,0,0,0,0,0,0,0,0,0,1,1,1
32003,9.4,376,99,38155,0,21,9,34,46,10,1,0,1,1,0,0,0,0,1,1,23360,8.6,326,70,22224,1,9,21,13,26,9,0,0,1,0,1,0,0,1,1,0,0,1,0,0,0,0,0,0,0,0,0,1,0,1,1,1
29338,9.0,352,63,33335,1,21,7,18,63,8,0,0,0,0,0,0,0,0,1,1,23507,8.6,363,69,25320,0,7,21,7,25,12,0,0,0,0,0,0,0,1,1,0,1,0,0,0,0,0,0,0,0,0,0,1,0,1,1,1
22754,8.2,325,56,25495,0,6,20,6,34,7,0,0,0,0,0,0,0,0,0,1,31738,9.0,379,64,37840,1,20,6,32,27,14,1,0,3,2,0,1,0,1,1,0,0,0,0,0,0,0,0,0,1,0,0,0,0,1,0,0
24437,8.8,317,64,31305,1,9,11,10,46,12,0,0,0,0,0,0,0,0,0,1,25142,8.6,330,80,24932,0,11,9,12,31,9,0,0,0,0,0,0,0,1,1,0,0,0,0,0,0,0,0,1,0,0,0,0,0,1,0,0
27620,8.8,370,59,27958,1,11,14,11,33,5,1,0,1,0,1,0,0,0,0,1,26903,8.6,331,62,24146,0,14,11,27,90,8,0,0,1,0,0,1,0,0,0,0,0,0,0,0,0,0,0,0,0,0,0,0,0,1,0,0
26584,9.0,344,72,25014,1,10,6,13,34,10,0,0,0,0,0,0,0,0,0,1,24179,8.8,367,72,23078,0,6,10,6,34,9,1,0,1,0,0,1,0,1,1,0,0,0,0,0,0,0,0,1,0,0,0,0,0,0,1,0
26855,9.0,370,68,19972,0,11,11,12,22,5,1,0,2,0,2,0,0,1,1,1,29118,9.2,402,107,29498,1,11,11,10,28,12,0,0,2,1,0,1,0,0,1,0,1,0,0,0,0,0,0,1,0,0,0,0,0,0,0,1
24673,8.8,354,76,25125,1,8,12,9,27,8,1,0,1,0,0,1,0,1,1,0,25734,8.6,343,72,24554,0,12,8,17,23,9,0,0,0,0,0,0,0,0,1,1,0,0,1,0,0,0,1,0,0,0,0,0,0,1,0,0
25684,8.4,326,52,23681,0,14,9,19,28,8,0,0,0,0,0,0,0,1,1,0,23385,8.2,300,56,29413,1,9,14,8,21,10,1,0,1,0,1,0,0,0,0,1,0,0,0,0,1,0,0,0,0,0,0,0,0,1,1,1
28828,9.0,322,85,30113,1,17,9,17,27,10,0,0,0,0,0,0,0,1,1,1,24083,8.6,336,54,29081,0,9,17,9,49,8,1,0,1,1,0,0,0,0,0,0,0,0,0,1,0,0,0,0,0,0,0,0,0,1,1,1
25407,9.0,368,83,17990,0,7,7,8,49,16,0,0,0,0,0,0,0,0,0,1,24810,9.2,415,87,23640,1,7,7,12,33,10,0,0,0,0,0,0,0,1,2,0,0,0,0,0,0,0,1,1,0,0,0,0,0,1,0,0
25727,8.8,333,88,26598,1,12,10,12,39,7,0,0,0,0,0,0,0,0,1,1,25361,9.2,375,76,24217,0,10,12,7,26,8,1,0,1,0,1,0,0,1,1,0,0,0,0,0,0,1,0,0,0,1,0,0,0,1,0,0
27197,9.0,362,76,26568,1,13,5,21,28,9,1,0,1,0,0,1,0,1,2,1,23481,8.8,348,76,22772,0,5,13,7,30,5,0,0,0,0,0,0,0,0,0,0,0,1,0,0,1,0,0,0,0,0,0,0,0,1,1,1
25500,8.6,322,75,29355,0,9,10,11,26,5,1,0,1,1,0,0,0,0,0,1,24935,8.6,331,64,25574,1,10,9,14,23,12,0,0,0,0,0,0,0,1,2,0,0,0,0,0,0,0,1,0,1,0,0,0,0,1,1,1
30669,9.2,343,60,40888,1,29,6,38,24,6,0,0,0,0,0,0,0,1,1,1,22911,8.4,280,92,30896,0,6,29,4,21,5,0,0,0,0,0,0,0,0,0,0,1,0,0,0,0,0,0,0,0,0,0,0,0,1,1,1
21162,8.2,351,60,23055,0,3,17,4,25,9,0,0,0,0,0,0,0,0,0,0,33663,9.4,404,105,27260,1,17,3,17,53,8,1,0,3,1,1,1,0,0,0,1,0,0,0,0,0,0,0,0,0,0,0,0,0,1,0,0
26674,9.2,381,84,26950,1,7,2,17,27,8,1,0,2,1,0,1,0,1,2,1,19860,8.4,355,64,22607,0,2,7,1,29,2,0,0,0,0,0,0,0,0,0,0,0,0,1,0,0,1,0,0,0,0,0,0,0,1,1,1
27236,9.2,414,105,28309,0,8,5,7,33,7,0,0,2,1,0,1,0,0,1,0,23985,8.8,343,86,20742,1,5,8,7,25,6,1,0,1,0,1,0,0,1,1,1,0,1,0,0,0,0,0,0,1,0,0,0,0,1,1,1
25309,8.0,317,68,28242,1,9,19,9,33,10,0,0,0,0,0,0,0,0,0,1,27926,9.0,285,80,27513,0,19,9,20,27,13,1,0,1,0,0,1,0,1,2,0,0,0,0,0,0,0,0,1,0,0,0,1,0,1,0,0
21822,8.4,373,86,16870,0,2,6,3,29,7,0,0,0,0,0,0,0,0,0,0,24591,8.8,349,81,17226,1,6,2,8,35,7,1,0,2,0,0,2,0,1,1,1,0,0,0,0,0,0,1,0,0,0,0,0,0,1,0,0
21332,8.4,352,72,20466,0,4,8,6,32,9,0,0,0,0,0,0,0,0,0,0,26948,9.2,381,83,25679,1,8,4,18,37,16,1,0,1,1,0,0,0,1,1,1,0,0,0,0,0,0,0,1,0,0,0,0,0,1,0,0
22284,8.8,363,63,24712,0,6,13,7,19,11,0,0,0,0,0,0,0,0,0,1,27455,9.2,377,75,31983,1,13,6,13,27,9,0,0,0,0,0,0,0,1,2,0,0,0,0,0,0,0,0,0,1,1,0,0,0,1,0,0
24896,8.8,356,64,22070,1,10,12,13,37,9,0,0,0,0,0,0,0,1,2,0,27386,9.0,373,87,29237,0,12,10,10,27,6,0,0,0,0,0,0,0,0,0,1,0,1,0,0,0,1,0,0,0,0,0,0,0,1,0,0
27379,8.2,333,72,26722,0,11,14,13,29,11,1,0,1,0,0,1,0,1,2,1,28317,8.6,364,55,29383,1,14,11,23,33,7,0,0,3,1,1,1,0,0,0,0,0,0,0,1,1,0,0,0,0,0,0,0,0,0,0,1
24344,8.4,326,76,22504,1,9,16,10,25,6,0,0,0,0,0,0,0,0,0,0,27854,9.0,343,82,32906,0,16,9,22,35,8,0,0,0,0,0,0,0,1,1,1,0,0,0,0,0,0,1,0,0,0,0,0,0,1,0,0
22935,8.8,322,66,26063,0,6,13,7,87,7,0,0,0,0,0,0,0,1,1,0,29156,9.2,368,70,26901,1,13,6,16,56,7,1,0,2,0,0,2,0,0,0,1,0,0,0,0,0,1,0,0,0,0,0,0,0,1,0,0
23781,9.0,339,67,22253,0,9,15,10,23,10,0,0,0,0,0,0,0,0,1,0,28655,9.0,364,57,31260,1,15,9,21,27,8,1,0,1,0,0,1,0,1,1,1,0,0,1,0,0,0,0,0,0,1,0,0,0,1,0,0
20652,8.2,312,63,22644,0,5,18,3,26,9,0,0,0,0,0,0,0,0,0,0,30706,9.0,355,93,32859,1,18,5,27,31,8,1,0,2,1,0,1,0,1,2,1,0,0,0,0,0,0,0,1,0,0,0,1,0,1,0,0
21996,8.4,385,80,14926,1,2,3,5,60,14,0,0,0,0,0,0,0,0,0,0,22705,9.0,401,72,16634,0,3,2,7,36,32,0,0,0,0,0,0,0,1,2,1,0,0,0,0,0,0,1,0,0,0,1,0,0,1,0,0
28778,9.4,382,88,27545,1,16,3,18,31,13,0,0,0,0,0,0,0,1,2,1,21516,8.4,354,88,18204,0,3,16,2,34,14,1,0,1,1,0,0,0,0,0,0,1,0,1,0,0,0,0,0,0,0,0,0,0,1,1,1
26114,8.6,323,84,34039,0,13,12,12,35,13,0,0,0,0,0,0,0,1,1,0,26045,8.6,344,68,28991,1,12,13,4,28,8,1,0,1,0,1,0,0,0,0,1,0,0,1,0,0,0,0,0,0,0,0,0,0,0,0,1
25318,9.0,366,70,27166,0,9,10,10,41,29,0,0,0,0,0,0,0,1,1,0,25289,9.0,363,75,27118,1,10,9,9,73,8,0,0,0,0,0,0,0,0,0,1,0,0,1,0,0,0,0,0,0,0,0,0,0,1,1,1
23350,8.4,343,71,18477,0,4,16,6,36,12,0,0,0,0,0,0,0,0,0,1,29876,9.2,414,61,31924,1,16,4,22,28,12,1,0,1,0,1,0,0,1,2,0,0,0,0,0,0,0,0,1,0,0,1,0,0,1,0,0
27432,8.6,372,64,26889,1,11,10,18,24,12,1,0,1,0,0,1,0,0,1,1,25504,8.6,339,76,24608,0,10,11,21,33,8,0,0,0,0,0,0,0,1,1,0,0,0,0,1,0,0,0,0,0,0,0,1,0,1,1,1
25240,8.4,357,76,25875,0,9,12,10,29,11,0,0,0,0,0,0,0,1,1,0,26450,8.6,302,86,22330,1,12,9,17,58,8,1,0,1,0,0,1,0,0,1,1,0,0,0,0,1,0,0,0,0,0,0,1,0,0,0,1
27586,8.8,379,71,28807,1,12,16,16,32,6,0,0,0,0,0,0,0,1,1,0,27759,8.8,358,63,33426,0,16,12,19,34,4,1,0,1,0,1,0,0,0,0,1,0,0,0,0,1,0,0,0,0,0,0,0,0,1,0,0
26971,9.4,364,104,27268,0,12,11,21,30,17,0,0,0,0,0,0,0,1,2,0,26470,9.0,331,76,27825,1,11,12,16,36,10,0,0,0,0,0,0,0,0,0,1,1,0,1,0,0,0,0,0,0,0,0,0,0,1,1,1
24966,8.6,409,82,14567,1,3,7,4,31,9,1,0,1,0,1,0,0,1,1,1,23511,8.6,355,72,15507,0,7,3,13,29,12,0,0,0,0,0,0,0,0,1,0,1,0,0,0,0,0,0,0,0,0,1,0,0,1,1,1
24724,8.8,367,84,27981,0,8,10,14,30,7,0,0,0,0,0,0,0,0,0,0,26580,9.0,389,84,19991,1,10,8,4,27,9,1,0,1,0,1,0,0,1,1,1,0,0,0,0,0,0,1,0,0,0,0,0,0,1,0,0
24960,8.6,382,75,22877,0,7,17,5,36,9,0,0,0,0,0,0,0,0,0,0,28999,9.4,372,67,32259,1,17,7,24,42,15,1,0,1,0,0,1,0,1,1,1,0,0,0,0,0,0,0,1,0,0,0,0,0,1,0,0
28055,8.8,344,79,27121,0,13,11,13,36,6,0,0,0,0,0,0,0,0,0,1,25545,9.2,385,100,23408,1,11,13,13,29,9,0,0,0,0,0,0,0,1,1,0,0,0,0,0,0,0,0,0,1,0,0,0,0,1,1,1
26655,8.8,342,76,30208,1,13,9,16,33,11,0,0,0,0,0,0,0,0,0,0,26697,8.8,352,60,21164,0,9,13,11,31,10,1,0,1,0,1,0,0,1,1,1,0,0,0,0,0,0,0,0,0,0,0,1,0,0,1,0
25721,8.6,367,73,23295,1,9,4,13,26,12,1,0,1,0,0,1,0,1,2,0,22056,8.2,357,68,18692,0,4,9,10,33,6,0,0,0,0,0,0,0,0,0,1,0,1,0,0,1,0,0,0,0,0,0,0,0,1,1,1
25180,8.6,331,64,31793,0,11,18,14,25,7,0,0,0,0,0,0,0,0,0,0,29274,9.0,311,76,29851,1,18,11,15,25,5,1,0,2,1,1,0,0,1,2,1,0,0,0,0,0,0,1,0,0,0,1,0,0,1,0,0
21022,7.8,277,58,21643,0,5,24,2,21,9,0,0,0,0,0,0,0,0,0,0,35029,9.8,405,93,37332,1,24,5,21,57,8,1,0,5,2,1,2,0,0,0,0,0,0,0,0,0,0,0,0,0,0,0,0,0,1,0,0
26835,9.0,366,68,29865,1,14,7,15,32,9,0,0,0,0,0,0,0,0,1,0,23681,8.4,364,64,24893,0,7,14,7,34,9,0,0,0,0,0,0,0,1,1,1,0,0,0,1,0,0,0,0,0,0,0,1,0,1,1,1
26716,8.8,330,84,26792,0,17,14,16,177,10,0,0,0,0,0,0,0,1,1,1,27339,9.0,352,48,28527,1,14,17,14,26,9,0,0,0,0,0,0,0,0,0,0,0,0,0,1,0,0,0,0,0,0,0,0,0,1,1,1
24868,8.6,342,73,20451,0,9,17,11,33,12,1,0,1,0,0,1,0,1,2,0,27833,9.0,342,74,26249,1,17,9,15,36,12,0,0,1,0,1,0,0,0,0,1,1,0,1,0,0,0,0,0,0,0,0,0,0,1,0,0
22522,8.4,350,63,25206,0,7,13,10,26,9,0,0,0,0,0,0,0,1,1,0,28359,9.0,367,71,32735,1,13,7,21,38,10,1,0,2,0,0,2,0,0,0,1,0,0,0,0,1,0,0,0,0,0,0,0,0,1,0,0
22733,8.8,363,92,18598,0,4,7,5,26,8,0,0,0,0,0,0,0,0,1,1,25603,9.4,410,83,27323,1,7,4,10,42,9,0,0,0,0,0,0,0,1,1,0,0,1,0,0,0,0,0,0,0,0,1,0,0,1,0,0
32415,9.2,358,64,43544,1,25,10,30,28,9,1,0,1,0,1,0,0,1,2,1,23820,8.2,323,67,32446,0,10,25,12,28,4,0,0,0,0,0,0,0,0,0,0,0,1,0,0,1,0,0,0,0,0,0,0,0,1,1,1
26213,8.8,353,87,29038,0,11,8,23,29,12,0,0,0,0,0,0,0,1,2,1,23525,8.4,332,76,20827,1,8,11,11,32,10,0,0,0,0,0,0,0,0,0,0,1,0,0,0,0,1,0,0,0,0,0,0,0,1,1,1
25121,8.8,369,60,21657,0,6,12,4,30,7,1,0,1,0,1,0,0,0,0,1,26543,9.0,345,76,21039,1,12,6,21,36,15,0,0,1,0,0,1,0,1,2,0,0,0,0,0,0,0,0,1,1,0,0,0,0,0,0,1
26808,9.0,369,86,22765,1,8,6,11,32,13,1,0,1,0,1,0,0,1,1,1,23538,8.6,387,75,19234,0,6,8,7,64,10,0,0,0,0,0,0,0,0,1,0,1,0,0,0,0,0,0,0,1,0,0,0,0,1,1,1
25044,8.2,342,58,25262,1,10,10,17,64,9,0,0,0,0,0,0,0,1,1,1,24521,8.2,351,61,22217,0,10,10,15,29,17,0,0,0,0,0,0,0,0,0,0,0,0,1,0,0,0,0,0,0,0,0,0,0,0,1,0
23333,8.2,295,68,27948,0,9,14,13,32,8,0,0,0,0,0,0,0,0,0,0,27922,9.0,359,80,28403,1,14,9,11,24,2,1,0,1,1,0,0,0,1,1,1,0,0,0,0,0,0,0,1,0,0,0,0,0,1,0,0
23585,8.6,376,80,22148,0,4,10,4,27,9,0,0,0,0,0,0,0,0,0,1,25855,9.0,364,60,23230,1,10,4,16,27,6,1,0,1,0,0,1,0,1,1,0,0,0,0,0,0,0,0,0,1,0,0,0,0,1,0,0
24520,8.4,332,79,19155,1,7,17,7,21,5,0,0,0,0,0,0,0,0,0,1,28343,9.0,328,70,28039,0,17,7,23,36,11,1,0,2,0,1,1,0,1,2,0,0,0,0,0,0,0,0,1,0,1,0,0,0,1,0,0
25665,8.8,331,76,26028,1,12,9,18,27,5,0,0,0,0,0,0,0,0,0,0,26263,8.6,353,71,29991,0,9,12,12,22,11,1,0,2,2,0,0,0,1,2,1,0,0,0,0,0,0,1,0,0,1,0,0,0,1,0,0
26763,9.0,388,76,22162,0,8,7,11,22,12,1,0,2,0,2,0,0,0,0,1,23688,8.8,304,80,22685,1,7,8,15,28,7,0,0,1,0,0,1,0,1,2,0,0,0,0,0,0,0,0,0,1,1,0,0,0,1,1,1
23001,8.8,379,75,18344,0,3,9,4,41,11,0,0,0,0,0,0,0,0,0,1,25839,9.0,388,80,26318,1,9,3,11,38,6,0,0,0,0,0,0,0,1,1,0,0,0,0,0,0,0,1,0,0,0,0,0,0,0,0,1
22712,8.4,346,64,20216,1,6,9,6,35,11,0,0,0,0,0,0,0,0,0,0,25408,9.0,397,72,22438,0,9,6,7,32,8,0,0,0,0,0,0,0,1,2,1,0,0,0,0,0,0,0,0,0,0,1,1,0,1,0,0
28147,8.6,328,80,28693,0,16,13,17,47,9,1,0,1,0,1,0,0,1,1,1,27413,8.6,364,62,29239,1,13,16,13,25,16,0,0,1,0,0,1,0,0,0,0,0,0,1,0,0,0,0,0,0,0,0,0,0,1,1,1
24727,8.8,376,62,21704,0,6,11,9,34,7,1,0,1,0,1,0,0,0,0,1,27250,9.0,379,80,23730,1,11,6,17,35,13,0,0,1,0,0,1,0,1,2,0,0,0,0,0,0,0,0,0,0,0,1,1,0,1,0,0
25393,8.6,297,79,26670,0,12,11,18,30,5,0,0,0,0,0,0,0,1,1,0,27230,8.4,340,58,23779,1,11,12,11,29,6,1,0,2,1,0,1,0,0,1,1,0,0,0,0,0,1,0,0,0,1,0,0,0,1,0,0
22801,8.6,345,108,23064,0,5,13,5,29,6,0,0,0,0,0,0,0,1,1,0,27434,9.2,338,68,30132,1,13,5,18,23,11,1,0,1,0,0,1,0,0,0,1,0,0,0,0,0,1,0,0,0,0,0,0,0,1,0,0
22769,8.8,376,68,21472,0,6,12,4,29,9,0,0,0,0,0,0,0,0,0,0,26914,9.0,376,64,26119,1,12,6,10,24,7,1,0,1,0,1,0,0,0,0,1,0,0,0,0,0,0,0,0,0,0,0,0,0,1,0,0
25683,9.0,367,75,27365,1,9,15,13,32,8,0,0,0,0,0,0,0,0,0,0,27675,8.8,360,72,28144,0,15,9,13,30,7,1,0,1,0,0,1,0,1,2,1,0,0,0,0,0,0,0,0,0,1,0,1,0,1,0,0
21053,8.6,374,75,19251,0,1,13,2,31,11,0,0,0,0,0,0,0,0,0,0,29418,9.4,410,77,26475,1,13,1,15,35,17,1,0,2,0,1,1,0,1,2,1,0,0,0,0,0,0,1,0,0,1,0,0,0,1,0,0
25691,8.8,362,71,24621,0,11,8,12,22,11,1,0,1,0,1,0,0,0,0,1,23731,9.0,333,80,26245,1,8,11,6,30,4,0,0,0,0,0,0,0,1,2,0,0,0,0,0,0,0,0,0,1,0,1,0,0,0,1,0
23781,8.4,348,58,21270,1,9,9,15,47,10,0,0,0,0,0,0,0,1,1,0,26937,8.6,346,92,24200,0,9,9,13,53,17,1,0,1,0,0,1,0,0,1,1,0,0,0,0,0,1,0,0,1,0,0,0,0,1,0,0
24870,9.2,407,76,21372,1,7,7,9,31,9,0,0,0,0,0,0,0,0,0,1,22083,9.0,362,79,17500,0,7,7,4,41,10,0,0,0,0,0,0,0,1,1,0,0,0,0,0,0,0,0,0,0,0,1,0,0,1,1,1
25096,8.8,307,79,32703,1,12,8,16,39,10,0,0,0,0,0,0,0,1,1,1,25321,8.8,363,68,32299,0,8,12,6,35,6,1,0,1,0,1,0,0,0,0,0,0,0,0,1,0,0,0,0,0,0,0,0,0,1,1,1
25094,9.2,425,82,22616,0,7,7,4,32,11,0,0,0,0,0,0,0,0,1,1,23626,9.0,393,77,26348,1,7,7,5,24,13,0,0,0,0,0,0,0,1,1,0,0,0,0,0,0,1,0,0,0,1,0,0,0,1,1,1
23440,8.4,321,71,23538,0,8,14,9,30,6,0,0,0,0,0,0,0,0,0,1,29138,9.2,379,95,30224,1,14,8,24,24,7,1,0,1,0,0,1,0,1,1,0,0,0,0,0,0,0,0,0,0,0,0,1,0,1,0,0
24077,8.4,376,74,16769,1,5,5,5,36,11,0,0,1,0,1,0,0,1,1,1,23152,8.4,339,85,21042,0,5,5,6,65,11,1,0,1,0,0,1,0,0,1,0,0,0,0,1,0,0,0,0,1,0,0,0,0,1,1,1
23687,8.4,343,83,17215,1,9,6,6,37,15,0,0,0,0,0,0,0,1,1,0,23856,8.6,393,72,19440,0,6,9,6,48,7,0,0,0,0,0,0,0,0,0,1,0,0,0,0,0,1,0,0,0,0,0,0,0,1,0,0
27104,8.2,332,44,30838,1,11,15,13,28,9,0,0,0,0,0,0,0,0,0,1,25711,8.4,312,48,30564,0,15,11,19,44,8,1,0,1,0,1,0,0,0,0,0,0,0,0,0,0,0,0,0,0,0,0,0,0,1,1,1
27479,9.0,338,63,31093,0,11,14,11,30,6,1,0,1,0,0,1,0,0,0,1,26736,9.2,361,84,27255,1,14,11,9,27,9,0,0,0,0,0,0,0,1,2,0,0,0,0,0,0,0,1,0,1,0,0,0,0,0,0,1
25674,8.6,313,60,26813,1,13,12,17,31,6,0,0,0,0,0,0,0,1,1,0,28374,8.8,359,62,30780,0,12,13,10,29,9,1,0,2,0,1,1,0,0,0,1,0,1,0,0,0,0,0,0,0,0,0,0,0,0,0,1
23604,8.4,366,80,18959,0,6,10,7,25,11,0,0,0,0,0,0,0,0,0,0,26493,8.8,334,80,24143,1,10,6,16,31,6,1,0,1,0,0,1,0,1,2,1,0,0,0,0,0,0,0,0,0,1,0,1,0,1,0,0
28557,9.0,372,80,32820,0,14,10,21,59,3,1,0,1,1,0,0,0,1,2,0,25800,8.2,321,68,26987,1,10,14,13,20,10,0,0,1,0,0,1,0,0,0,1,0,1,1,0,0,0,0,0,0,0,0,0,0,1,1,1
25515,8.4,335,72,33039,0,11,17,14,32,11,0,0,1,0,0,1,0,0,0,0,30776,9.0,369,60,36659,1,17,11,26,29,8,1,0,2,1,1,0,0,1,1,1,0,0,0,0,0,0,1,0,0,0,0,0,0,1,0,0
19570,8.2,304,38,21859,0,4,16,3,23,4,0,0,0,0,0,0,0,0,0,0,29973,9.6,374,88,26047,1,16,4,16,58,5,1,0,1,0,0,1,0,1,1,1,0,0,0,0,0,0,0,1,0,0,0,0,0,1,0,0
28609,9.0,346,84,31270,0,13,14,23,53,7,1,0,1,1,0,0,0,1,1,0,26022,8.4,324,61,26829,1,14,13,18,36,9,0,0,0,0,0,0,0,0,0,1,1,0,0,0,0,0,0,0,0,0,0,0,0,1,1,1
25641,8.8,375,68,30206,0,9,17,7,33,9,0,0,0,0,0,0,0,1,1,1,26953,9.4,317,56,28214,1,17,9,14,86,16,0,0,0,0,0,0,0,0,0,0,0,0,0,1,0,0,0,0,0,0,0,0,0,1,0,0
30307,9.0,361,72,29901,1,20,6,15,31,6,0,0,2,1,0,1,0,0,0,1,22136,8.2,317,75,24693,0,6,20,7,33,4,1,0,1,0,1,0,0,1,1,0,0,0,0,0,0,0,0,0,1,0,0,0,0,1,1,1
24810,8.2,342,66,23046,0,7,12,9,39,11,1,0,1,0,1,0,0,0,0,1,26655,8.4,331,74,25147,1,12,7,23,35,11,0,0,1,0,0,1,0,1,2,0,0,0,0,0,0,0,1,0,0,1,0,0,0,0,0,1
35099,9.2,361,59,37311,1,26,8,32,30,6,0,0,2,2,0,0,0,1,1,1,22752,8.2,276,60,23676,0,8,26,7,27,6,1,0,2,0,1,1,0,0,0,0,1,0,0,0,0,0,0,0,0,0,0,0,0,1,1,1
27825,9.0,384,84,23456,1,10,14,15,52,15,1,0,1,0,1,0,0,1,2,0,25875,8.6,340,60,22713,0,14,10,20,46,17,0,0,0,0,0,0,0,0,0,1,1,1,0,0,0,0,0,0,0,0,0,0,0,1,1,1
27108,8.8,345,75,24804,1,10,6,16,31,10,1,0,1,1,0,0,0,0,0,1,24346,8.6,363,80,26949,0,6,10,9,26,11,0,0,0,0,0,0,0,1,2,0,0,0,0,0,0,0,0,0,1,1,0,0,0,1,1,1
27435,8.6,353,72,23422,0,9,13,13,36,8,0,0,0,0,0,0,0,0,0,0,25471,8.4,339,72,24863,1,13,9,11,27,3,0,0,0,0,0,0,0,1,1,1,0,0,0,0,0,0,0,1,0,0,0,0,0,1,0,0
28171,9.4,390,76,37869,1,17,9,21,37,9,0,0,0,0,0,0,0,1,1,0,25702,8.8,369,68,32204,0,9,17,18,33,12,0,0,0,0,0,0,0,0,0,1,0,0,0,1,0,0,0,0,0,0,0,0,0,1,1,1
23740,8.6,380,76,26135,1,5,9,3,34,9,0,0,0,0,0,0,0,1,2,0,22841,8.2,304,68,25530,0,9,5,13,28,5,0,0,0,0,0,0,0,0,0,1,1,0,1,0,0,0,0,0,0,0,0,0,0,1,1,1
29171,9.0,380,77,33987,0,14,12,17,88,14,0,0,0,0,0,0,0,0,0,1,27035,8.8,358,86,25884,1,12,14,13,37,11,1,0,1,1,0,0,0,1,2,0,0,0,0,0,0,0,0,0,1,0,1,0,0,0,0,1
26684,9.0,361,80,25255,1,13,6,17,37,7,0,0,0,0,0,0,0,1,1,1,23969,8.6,377,72,22456,0,6,13,7,27,7,0,0,0,0,0,0,0,0,1,0,0,0,0,0,1,0,0,0,0,1,0,0,0,0,1,0
22159,8.4,339,48,19715,0,5,13,7,21,7,0,0,0,0,0,0,0,0,0,0,27612,9.0,378,82,23804,1,13,5,11,39,8,1,0,1,0,0,1,0,1,2,1,0,0,0,0,0,0,1,0,0,0,0,1,0,1,0,0
20827,8.6,319,79,21615,0,3,13,2,29,5,0,0,0,0,0,0,0,0,0,0,28577,9.2,357,91,27062,1,13,3,20,33,6,1,0,1,0,0,1,0,1,2,1,0,0,0,0,0,0,0,1,0,0,1,0,0,1,0,0
27329,9.8,397,92,23947,1,13,5,16,27,8,0,0,0,0,0,0,0,0,1,1,23051,8.8,397,71,23216,0,5,13,7,30,6,0,0,0,0,0,0,0,1,1,0,0,0,0,0,1,0,0,0,0,1,0,0,0,1,1,1
26649,9.0,353,84,25651,0,10,7,10,31,11,0,0,0,0,0,0,0,1,2,1,22522,8.6,312,75,22239,1,7,10,9,32,11,0,0,0,0,0,0,0,0,0,0,0,0,1,0,0,1,0,0,0,0,0,0,0,1,1,1
29914,9.0,347,60,39597,1,16,6,21,32,30,1,0,1,0,0,1,0,1,1,1,22727,8.8,369,74,24619,0,6,16,4,65,4,0,0,0,0,0,0,0,0,0,0,0,0,0,0,1,0,0,0,0,0,0,0,0,1,1,1
32699,9.0,342,76,41088,1,22,11,27,25,4,0,0,2,1,1,0,0,1,2,0,23492,8.0,255,54,28902,0,11,22,22,18,3,1,0,1,0,0,1,0,0,0,1,1,0,0,0,0,1,0,0,0,0,0,0,0,1,1,1
23496,8.2,321,67,20361,0,8,13,13,32,7,0,0,0,0,0,0,0,0,0,1,28590,8.8,369,72,31517,1,13,8,20,42,11,1,0,1,0,0,1,0,1,1,0,0,0,0,0,0,0,1,0,0,0,0,0,0,1,0,0
30554,9.4,396,102,29471,1,14,10,12,32,8,0,0,1,0,1,0,0,0,1,1,24148,8.8,342,88,23000,0,10,14,7,28,7,1,0,1,0,1,0,0,1,1,0,0,0,0,0,0,1,1,0,0,0,0,0,0,1,1,1
26268,9.0,352,84,27297,0,12,6,12,125,9,0,0,0,0,0,0,0,0,1,1,21997,8.6,337,60,21820,1,6,12,6,35,5,0,0,0,0,0,0,0,1,1,0,1,0,0,0,0,0,0,0,1,0,0,0,0,1,1,1
23230,8.8,334,95,26412,0,6,9,7,40,8,0,0,0,0,0,0,0,0,0,1,25088,8.8,339,80,28934,1,9,6,15,45,13,0,0,0,0,0,0,0,1,2,0,0,0,0,0,0,0,1,0,1,0,0,0,0,1,0,0
26900,8.6,367,78,23611,1,10,11,19,39,15,0,0,0,0,0,0,0,1,1,0,27519,8.8,373,82,25891,0,11,10,21,31,17,1,0,2,0,1,1,0,0,1,1,0,0,1,0,0,0,0,0,0,1,0,0,0,1,0,0
27971,9.2,359,78,25164,0,14,6,19,38,6,0,0,0,0,0,0,0,0,0,1,23153,8.4,378,68,21789,1,6,14,14,23,16,0,0,0,0,0,0,0,1,1,0,0,0,0,0,0,0,1,0,0,0,0,0,0,1,1,1
25776,8.2,314,68,26907,1,13,17,16,32,0,0,0,0,0,0,0,0,1,1,0,29381,8.4,310,70,33516,0,17,13,24,40,9,1,0,1,0,0,1,0,0,1,1,1,0,0,0,0,0,0,0,0,1,0,0,0,1,0,0
26557,8.4,316,66,26152,0,12,11,15,40,8,1,0,1,0,0,1,0,1,2,1,25654,8.6,319,77,25728,1,11,12,15,71,10,0,0,0,0,0,0,0,0,0,0,0,0,0,1,1,0,0,0,0,0,0,0,0,0,1,0
25014,8.4,293,71,30996,0,9,22,8,31,10,0,0,0,0,0,0,0,0,0,0,28869,8.6,290,64,41001,1,22,9,24,34,9,0,0,0,0,0,0,0,1,2,1,0,0,0,0,0,0,0,0,0,1,1,0,0,1,0,0
24390,8.6,374,66,26125,1,7,6,11,49,10,0,0,0,0,0,0,0,1,1,0,24508,8.8,384,72,20791,0,6,7,8,31,8,0,0,0,0,0,0,0,0,0,1,0,0,0,0,0,1,0,0,0,0,0,0,0,0,0,1
24651,8.8,330,66,27222,0,11,19,10,45,11,0,0,0,0,0,0,0,0,0,0,30904,8.8,319,89,33893,1,19,11,22,42,11,1,0,2,1,0,1,0,1,2,1,0,0,0,0,0,0,0,0,1,1,0,0,0,1,0,0
25309,8.8,406,56,18965,1,9,8,10,26,8,0,0,0,0,0,0,0,0,0,0,24573,9.0,370,74,23688,0,8,9,11,42,10,1,0,1,0,0,1,0,1,1,1,0,0,0,0,0,0,0,0,0,0,1,0,0,0,0,1
25555,8.8,321,88,24979,0,11,12,11,40,15,0,0,0,0,0,0,0,0,0,1,27088,9.0,384,72,28487,1,12,11,14,34,11,1,0,1,0,0,1,0,1,1,0,0,0,0,0,0,0,0,1,0,0,0,0,0,1,0,0
22768,8.4,319,76,25223,1,6,9,6,47,5,0,0,0,0,0,0,0,1,1,1,27142,9.2,376,98,25692,0,9,6,12,56,15,0,0,0,0,0,0,0,0,1,0,0,0,1,0,0,0,0,0,0,1,0,0,0,0,0,1
21319,9.0,346,76,10764,0,2,11,1,23,4,0,0,0,0,0,0,0,0,0,0,26238,9.0,362,88,19353,1,11,2,10,41,8,1,0,1,0,1,0,0,0,0,1,0,0,0,0,0,0,0,0,0,0,0,0,0,1,0,0
28639,9.0,374,60,32574,1,14,7,21,29,8,0,0,0,0,0,0,0,1,1,1,23155,8.8,348,63,24020,0,7,14,8,31,11,1,0,1,0,1,0,0,0,0,0,0,0,0,1,0,0,0,0,0,0,0,0,0,1,1,1
27789,9.0,358,65,35815,1,11,15,14,38,15,0,0,0,0,0,0,0,0,0,1,27031,9.2,357,84,28992,0,15,11,14,33,7,1,0,1,0,0,1,0,1,1,0,0,0,0,0,0,0,0,0,0,1,0,0,0,1,0,0
26433,8.4,352,83,25898,1,9,11,10,38,10,1,0,1,0,0,1,0,0,0,1,25081,9.0,346,80,24004,0,11,9,10,161,14,0,0,0,0,0,0,0,1,1,0,0,0,0,0,0,0,0,0,0,0,0,1,0,0,0,1
27591,8.8,349,67,21124,0,13,13,14,41,11,0,0,0,0,0,0,0,1,2,1,27758,9.0,360,91,26451,1,13,13,11,31,14,1,0,2,0,1,1,0,0,0,0,1,1,0,0,0,0,0,0,0,0,0,0,0,0,0,1
28837,9.4,382,73,30414,1,13,13,8,67,12,1,0,1,1,0,0,0,0,0,1,25034,8.4,300,69,30542,0,13,13,25,42,24,0,0,1,0,1,0,0,1,1,0,0,0,0,0,0,0,0,0,1,0,0,0,0,1,1,1
27212,8.8,327,68,21737,1,14,7,14,34,8,1,0,1,0,0,1,0,1,1,1,25166,8.6,359,66,24233,0,7,14,12,36,9,0,0,0,0,0,0,0,0,0,0,0,1,0,0,0,0,0,0,0,0,0,0,0,1,1,1
27971,9.0,368,60,27454,0,12,12,11,31,9,0,0,0,0,0,0,0,0,0,1,25453,8.6,353,75,25165,1,12,12,15,28,10,1,0,1,0,1,0,0,1,1,0,0,0,0,0,0,0,0,0,0,1,0,0,0,1,1,1
27179,9.0,376,69,29725,0,10,9,13,33,6,1,0,1,0,0,1,0,1,1,1,24268,8.6,396,62,19361,1,9,10,11,21,9,0,0,0,0,0,0,0,0,0,0,0,0,0,1,0,0,0,0,0,0,0,0,0,1,1,1
24545,8.6,361,56,21717,0,7,7,8,42,12,0,0,0,0,0,0,0,0,0,1,23189,9.0,372,84,26378,1,7,7,8,27,9,0,0,0,0,0,0,0,1,2,0,0,0,0,0,0,0,1,1,0,0,0,0,0,1,0,0
26367,8.8,331,63,29010,1,14,10,11,29,6,0,0,0,0,0,0,0,0,0,1,25025,8.8,353,68,32167,0,10,14,8,60,5,0,0,0,0,0,0,0,1,1,0,0,0,0,0,0,0,0,0,0,1,0,0,0,1,1,1
23085,9.0,389,76,16152,0,3,9,3,27,11,0,0,0,0,0,0,0,0,0,0,27632,9.4,420,76,21312,1,9,3,12,30,10,1,0,1,0,0,1,0,1,2,1,0,0,0,0,0,0,1,0,1,0,0,0,0,1,0,0
26470,8.8,323,80,20349,0,12,9,24,60,11,0,0,1,0,0,1,0,0,0,0,25870,8.4,385,58,24767,1,9,12,12,68,16,1,0,1,0,1,0,0,1,2,1,0,0,0,0,0,0,0,0,1,0,1,0,0,0,1,0
24491,8.8,340,87,17861,0,8,10,11,93,10,0,0,0,0,0,0,0,0,0,0,27410,9.2,411,78,22369,1,10,8,11,31,9,0,0,0,0,0,0,0,1,2,1,0,0,0,0,0,0,1,0,0,0,0,1,0,1,0,0
22138,8.8,391,68,15977,1,4,13,3,27,5,0,0,0,0,0,0,0,1,1,0,28324,9.2,376,72,26178,0,13,4,26,31,14,1,0,1,0,0,1,0,0,0,1,1,0,0,0,0,0,0,0,0,0,0,0,0,1,0,0
23053,9.4,401,80,18248,0,5,5,7,26,9,0,0,0,0,0,0,0,1,1,0,23133,9.0,368,72,17223,1,5,5,5,25,5,0,0,0,0,0,0,0,0,0,1,0,0,0,0,1,0,0,0,0,0,0,0,0,1,0,0
26633,9.2,397,90,23861,0,13,5,9,30,9,0,0,0,0,0,0,0,1,2,0,23865,8.8,356,87,17118,1,5,13,4,29,10,0,0,0,0,0,0,0,0,0,1,0,0,0,1,1,0,0,0,0,0,0,0,0,1,1,1
21427,8.4,358,58,21156,0,3,13,5,30,11,0,0,0,0,0,0,0,0,0,0,28936,9.2,411,80,24881,1,13,3,15,30,15,1,0,1,1,0,0,0,1,1,1,0,0,0,0,0,0,0,0,0,0,1,0,0,1,0,0
25681,8.6,325,77,24069,0,8,14,9,22,6,1,0,1,0,1,0,0,0,0,1,28121,8.8,385,66,27250,1,14,8,18,37,9,0,0,1,0,0,1,0,1,2,0,0,0,0,0,0,0,1,0,1,0,0,0,0,1,0,0
24287,8.4,326,83,18584,0,8,20,14,20,14,0,0,0,0,0,0,0,0,0,0,31538,9.0,384,80,27526,1,20,8,34,34,7,1,0,2,0,1,1,0,1,1,1,0,0,0,0,0,0,0,0,0,0,0,1,0,1,0,0
24813,9.2,332,67,28870,1,15,7,9,33,14,0,0,0,0,0,0,0,0,0,0,24730,8.8,359,75,25225,0,7,15,6,134,10,0,0,0,0,0,0,0,1,1,1,0,0,0,0,0,0,1,0,0,0,0,0,0,1,1,1
20910,8.4,343,60,20499,1,4,14,8,28,4,0,0,0,0,0,0,0,0,0,0,28697,9.2,369,73,29494,0,14,4,15,36,10,1,0,1,0,0,1,0,1,2,1,0,0,0,0,0,0,1,0,0,1,0,0,0,1,0,0
26993,8.8,358,68,31643,0,13,6,20,29,9,1,0,1,0,0,1,0,0,0,1,21885,8.6,338,79,27866,1,6,13,6,38,11,0,0,0,0,0,0,0,1,2,0,0,0,0,0,0,0,1,0,0,0,0,1,0,0,1,0
28375,8.8,317,68,30663,0,19,8,23,42,17,0,0,0,0,0,0,0,1,1,1,25002,8.8,342,92,29540,1,8,19,17,32,9,0,0,0,0,0,0,0,0,0,0,0,0,1,0,0,0,0,0,0,0,0,0,0,0,1,0
26749,9.0,362,62,33866,0,15,14,11,66,18,0,0,0,0,0,0,0,0,0,0,26418,9.0,290,75,29359,1,14,15,22,71,13,0,0,0,0,0,0,0,1,2,1,0,0,0,0,0,0,1,0,0,1,0,0,0,1,0,0
23813,8.8,334,80,21051,0,9,11,11,56,14,0,0,0,0,0,0,0,0,1,1,26744,8.4,374,68,27788,1,11,9,9,32,11,1,0,1,0,0,1,0,1,1,0,0,0,0,1,0,0,1,0,0,0,0,0,0,1,0,0
25725,9.0,346,82,18274,1,12,4,10,29,8,0,0,0,0,0,0,0,1,1,1,22003,8.6,393,65,20871,0,4,12,4,24,7,0,0,0,0,0,0,0,0,0,0,1,0,0,0,0,0,0,0,0,0,0,0,0,0,1,0
26769,9.0,364,72,29367,0,12,6,18,27,9,0,0,0,0,0,0,0,0,0,0,22950,8.6,360,60,24567,1,6,12,6,27,4,0,0,0,0,0,0,0,1,1,1,0,0,0,0,0,0,0,1,0,0,0,0,0,1,1,1
21252,8.0,336,68,19497,0,4,14,4,37,8,0,0,0,0,0,0,0,0,0,0,30557,9.4,394,82,30707,1,14,4,9,32,15,1,0,3,2,0,1,0,1,1,1,0,0,0,0,0,0,0,0,0,0,0,1,0,1,0,0
25808,8.6,353,60,24469,1,8,9,9,29,10,1,0,1,0,0,1,0,0,0,1,23407,8.6,331,66,23181,0,9,8,11,29,9,0,0,0,0,0,0,0,1,1,0,0,0,0,0,0,0,0,1,0,0,0,0,0,1,1,1
25844,8.6,386,52,21210,0,9,8,15,28,10,1,0,1,0,1,0,0,0,0,1,24412,8.8,358,92,23668,1,8,9,6,32,8,0,0,0,0,0,0,0,1,1,0,0,0,0,0,0,0,0,0,0,0,1,0,0,0,1,0
26244,8.8,369,58,27892,1,15,4,15,39,8,0,0,0,0,0,0,0,1,1,1,21655,8.4,353,44,20368,0,4,15,4,31,16,0,0,0,0,0,0,0,0,0,0,0,1,0,0,0,0,0,0,0,0,0,0,0,1,1,1
27158,8.2,340,64,28577,1,11,7,10,38,16,1,0,1,0,0,1,0,0,0,1,23128,8.8,345,74,24338,0,7,11,10,37,14,0,0,1,0,1,0,0,1,1,0,0,0,0,0,0,0,0,0,0,0,0,1,0,1,1,1
25809,9.0,298,96,36404,1,11,15,17,24,9,0,0,0,0,0,0,0,1,1,0,27043,9.0,322,75,28907,0,15,11,25,28,5,0,0,0,0,0,0,0,0,0,1,0,0,0,1,0,0,0,0,0,0,0,0,0,1,0,0
28136,9.0,374,70,34694,1,14,7,22,29,9,1,0,1,0,0,1,0,0,1,1,22199,8.4,299,86,24534,0,7,14,10,26,9,0,0,0,0,0,0,0,1,1,0,1,0,0,0,0,0,0,0,0,1,0,0,0,1,1,1
26990,8.8,352,80,19923,1,11,12,15,35,9,1,0,1,0,0,1,0,1,1,1,27069,9.2,400,92,21130,0,12,11,15,32,9,0,0,0,0,0,0,0,0,1,0,0,0,0,0,0,1,0,1,0,0,0,0,0,1,0,0
25101,8.4,318,84,29024,1,8,12,9,38,2,1,0,1,0,0,1,0,0,0,1,25590,9.0,380,79,27234,0,12,8,14,29,10,0,0,0,0,0,0,0,1,1,0,0,0,0,0,0,0,0,0,0,0,0,1,0,1,0,0
26698,8.8,339,71,27277,1,11,13,10,39,12,1,0,1,1,0,0,0,1,1,1,25972,9.0,339,72,22420,0,13,11,9,48,15,0,0,0,0,0,0,0,0,0,0,0,0,0,1,0,0,0,0,0,0,0,0,0,0,1,0
25405,8.8,361,84,21821,0,8,6,10,24,17,0,0,0,0,0,0,0,0,0,1,24690,8.8,381,90,20169,1,6,8,9,31,9,0,0,0,0,0,0,0,1,2,0,0,0,0,0,0,0,1,1,0,0,0,0,0,0,0,1
27804,8.8,381,76,31194,1,13,9,18,31,8,0,0,0,0,0,0,0,0,0,1,24393,8.8,356,80,18909,0,9,13,10,34,8,0,0,0,0,0,0,0,1,1,0,0,0,0,0,0,0,1,0,0,0,0,0,0,1,1,1
26129,9.0,370,60,23741,1,10,6,14,27,14,1,0,1,0,1,0,0,0,0,1,22179,8.6,380,50,20642,0,6,10,5,30,12,0,0,0,0,0,0,0,1,1,0,0,0,0,0,0,0,0,0,0,0,0,1,0,0,1,0
30580,9.0,365,76,33794,1,18,12,23,60,13,1,0,1,0,0,1,0,1,1,0,25872,8.8,333,67,34608,0,12,18,12,35,14,0,0,0,0,0,0,0,0,0,1,0,1,0,0,0,0,0,0,0,0,0,0,0,1,1,1
21571,8.2,330,72,21640,0,6,13,9,25,6,0,0,0,0,0,0,0,0,0,0,28544,8.8,359,83,28438,1,13,6,19,37,9,1,0,1,0,0,1,0,1,1,1,0,0,0,0,0,0,0,0,0,0,0,1,0,1,0,0
25340,8.8,323,84,25327,1,10,13,18,46,7,0,0,0,0,0,0,0,1,1,0,27212,9.0,355,84,29320,0,13,10,19,25,8,0,0,0,0,0,0,0,0,1,1,0,0,0,0,0,1,0,1,0,0,0,0,0,1,0,0
25752,8.8,347,83,18169,0,8,11,9,27,4,0,0,2,0,2,0,0,0,0,1,28318,8.8,398,76,28706,1,11,8,18,30,11,1,0,2,0,0,2,0,1,1,0,0,0,0,0,0,0,0,0,0,0,1,0,0,1,0,0
27374,8.8,303,74,33029,0,19,14,23,22,9,0,0,0,0,0,0,0,1,1,0,28748,8.4,319,56,34990,1,14,19,22,28,4,1,0,2,0,1,1,0,0,0,1,0,0,1,0,0,0,0,0,0,0,0,0,0,0,0,1
22971,9.0,366,71,26589,1,4,2,8,34,8,0,0,0,0,0,0,0,0,0,0,22652,8.8,367,80,17739,0,2,4,4,69,12,1,0,1,0,1,0,0,1,1,1,0,0,0,0,0,0,0,0,1,0,0,0,0,1,0,0
29989,8.8,334,60,35225,1,19,8,18,53,9,0,0,0,0,0,0,0,1,1,1,24197,8.6,327,80,26177,0,8,19,12,26,10,1,0,1,0,0,1,0,0,0,0,0,0,0,1,0,0,0,0,0,0,0,0,0,0,1,0
25026,9.0,344,108,20994,1,4,8,1,37,8,1,0,2,0,2,0,0,0,0,1,24652,9.2,384,78,24411,0,8,4,12,24,10,0,0,0,0,0,0,0,1,1,0,0,0,0,0,0,0,0,0,0,0,1,0,0,1,0,0
29826,9.4,380,95,30348,1,17,4,22,57,14,1,0,1,0,1,0,0,1,1,1,22137,8.6,343,68,21862,0,4,17,5,30,7,0,0,0,0,0,0,0,0,0,0,0,0,0,0,1,0,0,0,0,0,0,0,0,1,1,1
22489,8.4,292,64,30070,0,8,19,12,35,3,0,0,0,0,0,0,0,0,0,0,31167,9.0,377,68,32758,1,19,8,18,25,8,1,0,2,1,0,1,0,1,1,1,0,0,0,0,0,0,1,0,0,0,0,0,0,1,0,0
23505,9.0,327,75,23384,0,10,9,11,90,11,0,0,0,0,0,0,0,0,0,0,27606,9.4,357,88,26973,1,9,10,8,99,15,1,0,1,1,0,0,0,1,1,1,0,0,0,0,0,0,1,0,0,0,0,0,0,1,0,0
24446,8.8,383,95,25242,0,7,9,8,28,9,0,0,0,0,0,0,0,0,0,1,25275,8.8,393,67,22752,1,9,7,13,34,7,0,0,0,0,0,0,0,1,1,0,0,0,0,0,0,0,0,1,0,0,0,0,0,1,0,0
