,gameId,blueWins,blueTotalGolds,blueCurrentGolds,blueTotalLevel,blueAvgLevel,blueTotalMinionKills,blueTotalJungleMinionKills,blueTotalDamageToChampion,blueFirstBlood,blueKill,blueDeath,blueAssist,blueWardPlaced,blueWardKills,blueFirstTower,blueFirstInhibitor,blueFirstTowerLane,blueTowerKills,blueMidTowerKills,blueTopTowerKills,blueBotTowerKills,blueInhibitor,blueFirstDragon,blueDragonType,blueDragon,blueRiftHeralds,redWins,redTotalGolds,redCurrentGolds,redTotalLevel,redAvgLevel,redTotalMinionKills,redTotalJungleMinionKills,redTotalDamageToChampion,redFirstBlood,redKill,redDeath,redAssist,redWardPlaced,redWardKills,redFirstTower,redFirstInhibitor,redFirstTowerLane,redTowerKills,redMidTowerKills,redTopTowerKills,redBotTowerKills,redInhibitor,redFirstDragon,redDragonType,redDragon,redRiftHeralds,matchMin
0,KR_6400270132,False,23189,2829,43,8.6,270,56,23112,0,11,13,7,28,3,0,0,,0,0,0,0,0,0,,0,1,True,25267,3247,45,9.0,269,68,23114,1,13,11,11,33,5,1,0,BOT_LANE,1,0,0,1,0,0,,0,0,31
1,KR_6400678211,False,23919,1954,44,8.8,271,54,23837,1,12,14,8,52,3,0,0,,0,0,0,0,0,0,,0,1,True,25805,3925,44,8.8,311,87,23547,0,14,12,8,22,21,0,0,,0,0,0,0,0,1,AIR_DRAGON,1,0,33
2,KR_6434123783,False,23863,2218,44,8.8,333,76,23422,0,8,7,4,33,3,0,0,,0,0,0,0,0,0,,0,1,True,22364,3984,42,8.4,284,80,17574,1,7,8,7,16,1,0,0,,0,0,0,0,0,1,HEXTECH_DRAGON,1,0,35
3,KR_6421409228,True,25215,4010,45,9.0,350,84,24889,1,9,4,4,33,6,1,0,TOP_LANE,1,0,1,0,0,1,WATER_DRAGON,1,0,False,22825,2900,42,8.4,314,80,17807,0,4,9,6,24,3,0,0,,1,0,0,1,0,0,,0,1,26
4,KR_6443193198,True,23868,2803,45,9.0,281,64,29181,0,11,16,6,29,3,0,0,,0,0,0,0,0,1,HEXTECH_DRAGON,1,0,False,27067,5667,44,8.8,278,88,26914,1,16,11,4,13,3,1,0,TOP_LANE,3,0,2,1,0,0,,0,1,37
5,KR_6374567599,True,26824,6229,46,9.2,316,84,29498,1,12,3,11,0,5,1,0,TOP_LANE,1,0,1,0,0,1,FIRE_DRAGON,1,0,False,20244,1349,42,8.4,319,54,23272,0,3,12,3,0,3,0,0,,0,0,0,0,0,0,,0,0,27
6,KR_6380967316,False,22981,1666,43,8.6,283,80,20360,1,7,17,6,57,3,0,0,,0,0,0,0,0,0,,0,1,True,27727,6007,46,9.2,305,79,28344,0,17,7,13,26,20,1,0,BOT_LANE,2,0,1,1,0,1,CHEMTECH_DRAGON,1,0,34
7,KR_6443740150,False,22145,2160,42,8.4,311,76,21790,0,8,14,4,23,2,0,0,,0,0,0,0,0,0,,0,0,True,26514,3339,42,8.4,266,60,26943,1,14,8,16,323,9,1,0,BOT_LANE,1,0,0,1,0,1,"EARTH_DRAGON,AIR_DRAGON",2,1,30
8,KR_6446521118,False,25797,2902,43,8.6,280,79,28760,0,15,15,5,16,4,1,0,TOP_LANE,1,0,1,0,0,0,,0,0,True,24991,2466,41,8.2,269,68,22374,1,15,15,14,18,5,0,0,,0,0,0,0,0,1,CHEMTECH_DRAGON,1,1,31
9,KR_6443054346,True,24305,1500,43,8.6,302,68,21543,0,10,9,12,28,6,1,0,MID_LANE,1,1,0,0,0,1,HEXTECH_DRAGON,1,0,False,23952,3362,43,8.6,310,64,19041,1,9,10,6,27,4,0,0,,1,0,1,0,0,0,,0,1,36
10,KR_6365060999,True,29005,2685,47,9.4,300,79,30831,0,17,7,17,0,9,0,0,,1,1,0,0,0,1,"WATER_DRAGON,HEXTECH_DRAGON",2,1,False,21163,2798,42,8.4,291,48,14554,1,7,17,3,0,3,1,0,BOT_LANE,1,0,0,1,0,0,,0,0,19
11,KR_6438998041,False,22500,2245,44,8.8,271,100,20554,0,8,10,5,22,4,0,0,,0,0,0,0,0,1,CHEMTECH_DRAGON,1,0,True,24758,3453,44,8.8,273,80,22894,1,10,8,12,26,4,1,0,BOT_LANE,1,0,0,1,0,0,,0,1,28
12,KR_6445896284,False,25284,6195,45,9.0,287,76,27476,0,11,5,9,138,10,1,0,TOP_LANE,1,0,1,0,0,0,,0,1,True,20434,1724,41,8.2,245,76,21080,1,5,11,4,22,8,0,0,,0,0,0,0,0,1,WATER_DRAGON,1,0,41
13,KR_6411033992,True,27646,2835,47,9.4,319,64,24928,0,15,10,12,26,9,0,0,,1,0,0,1,0,1,AIR_DRAGON,1,0,False,24695,3595,44,8.8,296,84,26135,1,10,15,7,21,5,1,0,MID_LANE,1,1,0,0,0,0,,0,1,21
14,KR_6371668953,True,25556,2596,44,8.8,278,63,24894,0,14,12,12,0,4,0,0,,0,0,0,0,0,0,,0,0,False,25042,2967,43,8.6,310,68,28842,1,12,14,10,0,10,0,0,,0,0,0,0,0,1,AIR_DRAGON,1,0,40
15,KR_6431794830,False,25676,5946,42,8.4,284,67,32162,0,16,17,16,60,0,0,0,,0,0,0,0,0,0,,0,0,True,26015,4736,44,8.8,256,68,25866,1,17,16,14,27,30,0,0,,0,0,0,0,0,1,FIRE_DRAGON,1,1,25
16,KR_6411440499,False,21369,3568,41,8.2,257,40,22697,1,7,11,8,39,33,0,0,,0,0,0,0,0,1,CHEMTECH_DRAGON,1,1,True,24690,2410,45,9.0,313,91,24618,0,11,7,9,83,6,0,0,,0,0,0,0,0,0,WATER_DRAGON,1,0,26
17,KR_6418778272,False,20120,1555,40,8.0,302,48,19440,0,4,20,3,15,4,0,0,,0,0,0,0,0,0,,0,0,True,30176,3046,45,9.0,293,78,28648,1,20,4,17,22,1,1,0,TOP_LANE,2,0,1,1,0,0,,0,1,18
18,KR_6393232087,True,27157,3297,44,8.8,279,68,32888,0,19,10,22,25,4,0,0,,0,0,0,0,0,0,,0,0,False,22608,3948,42,8.4,236,60,24204,1,10,19,14,181,5,0,0,,0,0,0,0,0,0,,0,1,23
19,KR_6446671997,True,20340,2325,42,8.4,240,60,19400,0,7,8,6,26,3,0,0,,0,0,0,0,0,1,FIRE_DRAGON,1,1,False,20745,3490,40,8.0,252,60,16134,1,8,7,7,32,3,0,0,,0,0,0,0,0,0,,0,0,21
20,KR_6383486639,False,21315,2720,44,8.8,265,68,15181,1,6,9,5,27,5,0,0,,0,0,0,0,0,0,,0,0,True,25355,2950,45,9.0,330,75,23208,0,9,6,9,25,6,1,0,BOT_LANE,1,0,0,1,0,1,HEXTECH_DRAGON,1,1,49
21,KR_6381851141,False,21661,2551,44,8.8,270,96,23373,0,8,9,4,22,6,0,0,,0,0,0,0,0,0,,0,0,True,24539,6868,46,9.2,296,84,28241,1,9,8,4,21,7,1,0,MID_LANE,1,1,0,0,0,1,FIRE_DRAGON,1,1,32
22,KR_6438780671,False,23081,3896,41,8.2,266,64,22485,0,10,13,9,17,4,0,0,,0,0,0,0,0,1,CHEMTECH_DRAGON,1,1,True,24401,2791,43,8.6,277,96,18386,1,13,10,3,36,3,1,0,BOT_LANE,1,0,0,1,0,0,,0,0,40
23,KR_6336592151,False,25515,1634,45,9.0,353,82,26692,1,12,10,8,201,3,0,0,,0,0,0,0,0,1,EARTH_DRAGON,1,0,True,26195,3885,46,9.2,288,79,25201,0,10,12,7,25,1,1,0,BOT_LANE,1,0,0,1,0,0,,0,1,42
24,KR_6422763554,False,20206,1686,42,8.4,318,68,18875,0,3,13,8,16,4,0,0,,0,0,0,0,0,0,,0,0,True,26257,3087,45,9.0,352,79,21897,1,13,3,27,23,9,0,0,,0,0,0,0,0,1,EARTH_DRAGON,1,1,30
25,KR_6362257688,False,22945,3965,42,8.4,251,44,23841,1,10,11,13,0,9,0,0,,0,0,0,0,0,0,,0,0,True,24949,2879,44,8.8,296,56,29557,0,11,10,10,0,7,0,0,,0,0,0,0,0,0,,0,0,22
26,KR_6434708070,True,28853,3723,47,9.4,350,72,33162,1,18,3,10,30,6,1,0,BOT_LANE,1,0,0,1,0,1,HEXTECH_DRAGON,1,0,False,18811,2016,42,8.4,273,48,13557,0,3,18,3,29,5,0,0,,0,0,0,0,0,0,,0,0,23
27,KR_6402578597,False,23078,3148,42,8.4,253,76,25077,1,10,15,9,16,6,0,0,,0,0,0,0,0,0,,0,0,True,26235,4880,45,9.0,285,64,31864,0,15,10,9,25,2,1,0,MID_LANE,1,1,0,0,0,0,,0,0,35
28,KR_6425419215,False,19916,1786,43,8.6,279,81,16421,0,3,9,1,21,3,0,0,,0,0,0,0,0,0,,0,0,True,25232,4372,44,8.8,332,72,15337,1,9,3,9,22,7,1,0,BOT_LANE,1,0,0,1,0,1,CHEMTECH_DRAGON,1,1,30
29,KR_6412900889,True,25731,2351,45,9.0,290,63,23452,0,9,5,10,29,24,1,0,BOT_LANE,1,0,0,1,0,1,FIRE_DRAGON,1,1,False,21101,3331,43,8.6,311,71,19419,1,5,9,6,61,4,0,0,,1,1,0,0,0,0,,0,0,32
30,KR_6386989148,True,26354,3759,42,8.4,271,63,29102,0,16,14,18,21,7,0,0,,0,0,0,0,0,0,,0,0,False,25704,3329,42,8.4,289,72,29021,1,14,16,15,32,3,0,0,,0,0,0,0,0,1,FIRE_DRAGON,1,0,42
31,KR_6446702800,False,22752,3192,42,8.4,240,64,22327,1,11,16,9,24,2,0,0,,0,0,0,0,0,1,"CHEMTECH_DRAGON,FIRE_DRAGON",2,1,True,27894,4039,44,8.8,250,70,34968,0,16,11,14,95,3,1,0,BOT_LANE,2,0,1,1,0,0,,0,0,32
32,KR_6446800930,True,24714,5414,42,8.4,265,56,28975,0,14,10,6,26,9,1,0,MID_LANE,1,1,0,0,0,0,,0,0,False,22091,2046,40,8.0,200,52,22808,1,10,14,9,25,4,0,0,,0,0,0,0,0,0,,0,1,23
33,KR_6368115837,True,25501,3456,45,9.0,283,79,26511,0,13,9,14,0,2,0,0,,0,0,0,0,0,1,AIR_DRAGON,1,0,False,22268,1453,40,8.0,230,58,22823,1,9,13,5,0,2,1,0,TOP_LANE,1,0,1,0,0,0,,0,1,32
34,KR_6446228479,False,22370,1305,42,8.4,303,84,18352,1,4,9,4,32,3,0,0,,0,0,0,0,0,1,AIR_DRAGON,1,1,True,21428,4272,44,8.8,267,60,21059,0,9,4,12,25,5,0,0,,0,0,0,0,0,0,,0,0,45
35,KR_6445547854,True,25483,4273,42,8.4,247,60,27716,1,16,12,17,64,0,0,0,,0,0,0,0,0,0,,0,1,False,23493,5108,42,8.4,282,56,28811,0,12,16,13,228,6,1,0,TOP_LANE,1,0,1,0,0,1,"HEXTECH_DRAGON,EARTH_DRAGON",2,0,33
36,KR_6441036607,False,20863,1153,40,8.0,255,64,17841,0,7,14,8,25,6,0,0,,0,0,0,0,0,0,,0,0,True,27250,3080,44,8.8,344,72,26449,1,14,7,15,40,8,1,0,TOP_LANE,1,0,1,0,0,1,"CHEMTECH_DRAGON,EARTH_DRAGON",2,0,23
37,KR_6433109730,False,24887,2187,42,8.4,273,66,31650,0,12,19,7,22,5,0,0,,0,0,0,0,0,1,WATER_DRAGON,1,0,True,27793,3478,43,8.6,279,80,30371,1,19,12,10,22,3,1,0,MID_LANE,1,1,0,0,0,0,HEXTECH_DRAGON,1,1,34
38,KR_6383509724,True,25463,6873,45,9.0,315,63,28430,0,15,8,14,22,9,0,0,,0,0,0,0,0,1,EARTH_DRAGON,1,0,False,20290,2995,42,8.4,224,72,25075,1,8,15,7,25,1,0,0,,0,0,0,0,0,0,,0,0,36
39,KR_6443768809,True,27016,3126,44,8.8,294,88,23484,1,13,4,14,25,4,1,0,MID_LANE,1,1,0,0,0,1,FIRE_DRAGON,1,1,False,19805,3100,41,8.2,279,64,17727,0,4,13,6,20,2,0,0,,0,0,0,0,0,0,,0,0,28
40,KR_6443196868,False,24296,2861,43,8.6,287,84,23160,0,12,6,11,22,6,0,0,,0,0,0,0,0,0,,0,1,True,21591,3576,43,8.6,309,64,19150,1,6,12,4,27,6,0,0,,0,0,0,0,0,1,CHEMTECH_DRAGON,1,0,31
41,KR_6446337642,False,19498,2483,41,8.2,249,60,21357,0,7,10,5,140,4,0,0,,0,0,0,0,0,0,,0,0,True,24663,4928,43,8.6,269,48,23318,1,10,7,9,44,3,1,0,BOT_LANE,1,0,0,1,0,1,FIRE_DRAGON,1,1,27
42,KR_6446785652,False,26226,2490,43,8.6,312,64,26377,1,15,16,7,40,2,1,0,TOP_LANE,1,0,1,0,0,0,,0,0,True,24287,1851,42,8.4,223,68,27654,0,16,15,8,35,3,0,0,,0,0,0,0,0,1,EARTH_DRAGON,1,0,22
43,KR_6432242610,True,24463,4023,43,8.6,256,44,29566,0,14,16,8,14,3,1,0,BOT_LANE,1,0,0,1,0,0,,0,1,False,26050,1445,46,9.2,324,80,31094,1,16,14,12,22,4,0,0,,0,0,0,0,0,1,AIR_DRAGON,1,0,31
44,KR_6442925455,False,26006,2055,43,8.6,256,68,27174,1,15,13,11,30,7,0,0,,0,0,0,0,0,0,,0,1,True,26673,3552,44,8.8,339,84,24535,0,13,15,14,28,11,1,0,MID_LANE,1,1,0,0,0,0,,0,0,38
45,KR_6446690565,True,22757,3542,43,8.6,297,51,20285,0,8,8,10,27,8,0,0,,0,0,0,0,0,0,,0,0,False,22901,2206,43,8.6,331,68,20492,1,8,8,7,26,7,0,0,,0,0,0,0,0,1,EARTH_DRAGON,1,1,39
46,KR_6334756283,True,21780,4355,43,8.6,268,64,21782,1,8,11,3,23,25,0,0,,0,0,0,0,0,0,,0,0,False,23321,3228,44,8.8,271,68,25474,0,11,8,8,62,10,1,0,BOT_LANE,1,0,0,1,0,1,AIR_DRAGON,1,1,37
47,KR_6411732882,False,27035,3550,45,9.0,293,62,30656,1,17,15,14,37,6,0,0,,0,0,0,0,0,0,,0,0,True,24717,3647,44,8.8,289,40,34554,0,15,17,16,27,2,0,0,,0,0,0,0,0,0,,0,1,38
48,KR_6441234757,False,22624,5299,41,8.2,194,76,20961,1,9,12,14,28,3,0,0,,0,0,0,0,0,0,,0,1,True,25857,4262,43,8.6,292,66,33177,0,12,9,15,24,9,1,0,BOT_LANE,1,0,0,1,0,1,AIR_DRAGON,1,0,34
49,KR_6434451209,False,23903,3703,40,8.0,259,79,21377,0,10,17,11,20,1,0,0,,0,0,0,0,0,0,,0,1,True,28976,8011,46,9.2,334,72,28868,1,17,10,15,25,3,1,0,TOP_LANE,2,0,1,1,0,0,,0,0,34
50,KR_6441996018,False,21589,2594,43,8.6,318,83,20474,0,4,12,2,21,3,0,0,,0,0,0,0,0,0,,0,1,True,22869,2654,43,8.6,277,76,23032,1,12,4,14,39,3,0,0,,0,0,0,0,0,1,FIRE_DRAGON,1,0,34
51,KR_6393269736,True,24958,5253,43,8.6,344,50,23582,1,11,12,12,24,1,0,0,,0,0,0,0,0,1,CHEMTECH_DRAGON,1,1,False,22790,2792,42,8.4,269,70,24376,0,12,11,17,62,8,0,0,,0,0,0,0,0,0,HEXTECH_DRAGON,1,0,42
52,KR_6442876731,True,28451,1716,44,8.8,302,59,38102,1,22,14,14,18,1,1,0,TOP_LANE,1,0,1,0,0,0,,0,1,False,24924,2591,41,8.2,208,60,30489,0,14,22,12,19,3,0,0,,0,0,0,0,0,1,CHEMTECH_DRAGON,1,0,29
53,KR_6410723961,False,19571,3701,41,8.2,247,56,16742,1,4,17,2,18,2,0,0,,0,0,0,0,0,0,,0,0,True,28331,2396,45,9.0,339,88,27190,0,17,4,9,28,2,1,0,TOP_LANE,1,0,1,0,0,1,AIR_DRAGON,1,1,24
54,KR_6402422798,False,23068,4278,45,9.0,314,83,15697,0,6,13,6,23,2,0,0,,0,0,0,0,0,0,,0,0,True,25848,4042,45,9.0,336,70,26803,1,13,6,12,22,6,0,0,,0,0,0,0,0,1,HEXTECH_DRAGON,1,1,28
55,KR_6381352248,False,20791,2846,42,8.4,265,60,24166,0,8,17,7,17,4,0,0,,0,0,0,0,0,1,EARTH_DRAGON,1,0,True,27466,3436,46,9.2,293,90,29191,1,17,8,11,30,1,1,0,TOP_LANE,1,0,1,0,0,0,,0,0,27
56,KR_6428954110,False,21900,1716,41,8.2,264,60,23384,0,5,12,8,27,7,1,0,BOT_LANE,1,0,0,1,0,0,,0,0,True,24420,5440,42,8.4,276,67,26189,1,12,5,9,28,9,0,0,,1,0,1,0,0,0,,0,0,27
57,KR_6444868860,False,23817,2342,44,8.8,352,86,22024,0,6,12,4,20,5,1,0,TOP_LANE,1,0,1,0,0,0,,0,1,True,23605,4015,42,8.4,292,66,22408,1,12,6,18,24,1,0,0,,0,0,0,0,0,1,WATER_DRAGON,1,0,20
58,KR_6443770144,False,20345,3215,42,8.4,274,80,23037,1,5,8,2,22,4,0,0,,0,0,0,0,0,0,,0,1,True,21048,2593,41,8.2,301,44,21618,0,8,5,9,43,4,0,0,,0,0,0,0,0,1,WATER_DRAGON,1,0,41
59,KR_6413441186,True,23537,4462,43,8.6,279,92,24850,0,10,13,8,18,1,0,0,,0,0,0,0,0,0,,0,0,False,26430,3960,44,8.8,243,76,22977,1,13,10,8,22,4,1,0,BOT_LANE,2,1,0,1,0,1,EARTH_DRAGON,1,1,29
60,KR_6422889287,False,21178,4274,44,8.8,342,58,16623,0,4,10,3,22,5,0,0,,0,0,0,0,0,0,,0,0,True,23504,1429,44,8.8,269,76,18637,1,10,4,12,26,4,0,0,,0,0,0,0,0,1,AIR_DRAGON,1,1,40
61,KR_6434293936,True,23666,2851,41,8.2,241,76,23887,1,11,11,15,22,6,0,0,,0,0,0,0,0,0,,0,1,False,25075,3190,44,8.8,283,68,22505,0,11,11,8,25,2,0,0,,0,0,0,0,0,1,CHEMTECH_DRAGON,1,0,24
62,KR_6411974824,False,23860,2210,44,8.8,262,76,25761,1,11,10,7,34,6,0,0,,0,0,0,0,0,0,CHEMTECH_DRAGON,1,0,True,21987,4377,42,8.4,254,56,22192,0,10,11,7,27,2,0,0,,0,0,0,0,0,1,WATER_DRAGON,1,1,47
63,KR_6370199566,True,25780,3705,47,9.4,318,76,26436,1,14,2,9,0,7,0,0,,0,0,0,0,0,1,"WATER_DRAGON,CHEMTECH_DRAGON",2,0,False,17927,3257,43,8.6,288,72,15819,0,2,14,1,0,2,0,0,,0,0,0,0,0,0,,0,0,18
64,KR_6437548317,True,25437,3322,45,9.0,340,96,23647,1,13,7,6,23,5,1,0,TOP_LANE,1,0,1,0,0,1,"HEXTECH_DRAGON,CHEMTECH_DRAGON",2,1,False,22783,4063,42,8.4,280,76,19482,0,7,13,6,23,9,0,0,,0,0,0,0,0,0,,0,0,28
65,KR_6432031382,True,24164,6483,41,8.2,232,60,25114,1,13,10,13,42,6,1,0,BOT_LANE,1,0,0,1,0,1,HEXTECH_DRAGON,1,1,False,23968,3808,43,8.6,275,68,26003,0,10,13,8,25,6,0,0,,0,0,0,0,0,0,,0,0,32
66,KR_6427303460,True,23559,3239,44,8.8,276,80,30175,1,13,15,16,22,0,0,0,,0,0,0,0,0,0,HEXTECH_DRAGON,1,0,False,24843,5243,44,8.8,252,67,29902,0,15,13,19,37,0,0,0,,0,0,0,0,0,1,FIRE_DRAGON,1,0,28
67,KR_6446641755,True,24470,5186,43,8.6,250,63,31552,0,12,17,15,22,2,0,0,,0,0,0,0,0,1,FIRE_DRAGON,1,0,False,24593,5398,45,9.0,268,60,30475,1,17,12,7,21,3,0,0,,0,0,0,0,0,0,,0,0,29
68,KR_6425668233,False,23401,3671,43,8.6,286,79,16899,1,6,11,7,23,4,1,0,BOT_LANE,1,0,0,1,0,0,,0,1,True,23807,4102,43,8.6,295,76,19614,0,11,6,14,19,6,0,0,,0,0,0,0,0,1,"HEXTECH_DRAGON,WATER_DRAGON",2,0,28
69,KR_6402374526,True,21974,3714,43,8.6,260,58,23455,1,9,7,5,21,22,0,0,,0,0,0,0,0,0,,0,0,False,22598,3651,43,8.6,287,57,23198,0,7,9,4,60,5,1,0,BOT_LANE,1,0,0,1,0,1,WATER_DRAGON,1,0,35
70,KR_6361450658,False,21824,1609,43,8.6,243,84,22035,1,7,14,8,0,3,0,0,,0,0,0,0,0,1,CHEMTECH_DRAGON,1,0,True,26139,5274,45,9.0,324,71,22805,0,14,7,13,0,1,1,0,BOT_LANE,1,0,0,1,0,0,,0,1,31
71,KR_6446748839,True,23285,3335,43,8.6,325,72,22354,0,8,15,4,19,4,0,0,,0,0,0,0,0,0,,0,1,False,25074,3789,45,9.0,297,79,28109,1,15,8,13,25,3,0,0,,0,0,0,0,0,1,FIRE_DRAGON,1,0,41
72,KR_6443201426,False,23100,2220,42,8.4,271,76,23204,0,10,13,3,34,1,0,0,,0,0,0,0,0,0,,0,0,True,24093,1803,42,8.4,279,56,28369,1,13,10,10,19,5,0,0,,0,0,0,0,0,1,AIR_DRAGON,1,1,46
73,KR_6398647221,False,25228,2198,41,8.2,264,60,31314,0,13,23,11,22,6,0,0,,0,0,0,0,0,0,,0,0,True,28753,2330,43,8.6,276,61,34060,1,23,13,20,22,6,1,0,TOP_LANE,1,0,1,0,0,0,,0,1,24
74,KR_6434329673,True,28249,5109,44,8.8,279,62,35335,1,19,6,21,30,1,1,0,MID_LANE,2,2,0,0,0,1,CHEMTECH_DRAGON,1,1,False,21024,1719,40,8.0,243,74,23242,0,6,19,5,22,6,0,0,,0,0,0,0,0,0,,0,0,30
75,KR_6323721187,True,25061,2955,44,8.8,339,60,24864,0,12,10,11,27,6,0,0,,0,0,0,0,0,0,AIR_DRAGON,1,0,False,23446,1606,44,8.8,294,73,22572,1,10,12,5,27,3,0,0,,0,0,0,0,0,1,CHEMTECH_DRAGON,1,1,39
76,KR_6446303389,True,24515,4835,43,8.6,310,72,25869,1,10,12,12,19,4,0,0,,0,0,0,0,0,1,AIR_DRAGON,1,1,False,23211,2951,43,8.6,293,66,22050,0,12,10,10,21,3,0,0,,0,0,0,0,0,0,,0,0,30
77,KR_6357395445,True,31019,7064,46,9.2,341,60,26096,1,16,3,13,0,6,1,0,BOT_LANE,3,0,2,1,0,0,,0,1,False,19652,2707,42,8.4,279,60,16526,0,3,16,3,0,2,0,0,,0,0,0,0,0,0,,0,0,22
78,KR_6355620101,False,24615,3585,44,8.8,264,52,30212,1,11,10,15,0,4,0,0,,0,0,0,0,0,0,,0,1,True,23522,2687,44,8.8,317,68,26279,0,10,11,5,0,2,0,0,,0,0,0,0,0,1,EARTH_DRAGON,1,0,36
79,KR_6432408969,False,23651,4741,42,8.4,260,80,21215,1,10,16,12,21,3,0,0,,0,0,0,0,0,0,,0,0,True,27259,3569,45,9.0,312,64,32942,0,16,10,12,27,6,1,0,BOT_LANE,1,0,0,1,0,1,HEXTECH_DRAGON,1,0,33
80,KR_6445602593,False,22628,2948,42,8.4,252,64,25412,1,13,11,16,25,6,0,0,,0,0,0,0,0,0,,0,0,True,23577,4482,41,8.2,266,40,29589,0,11,13,14,322,4,0,0,,0,0,0,0,0,0,,0,1,41
81,KR_6433075341,False,21357,4872,41,8.2,245,64,21302,0,7,10,8,42,5,0,0,,0,0,0,0,0,0,,0,0,True,25627,1867,45,9.0,343,76,24891,1,10,7,6,23,11,1,0,TOP_LANE,2,1,1,0,0,1,CHEMTECH_DRAGON,1,1,48
82,KR_6379179881,False,23052,3542,42,8.4,269,60,23151,0,11,18,5,34,3,0,0,,0,0,0,0,0,1,HEXTECH_DRAGON,1,0,True,28521,3931,45,9.0,311,84,24062,1,18,11,16,30,13,1,0,TOP_LANE,1,0,1,0,0,0,FIRE_DRAGON,1,1,27
83,KR_6329266639,False,22074,2249,42,8.4,278,76,23104,0,8,16,6,44,5,0,0,,0,0,0,0,0,1,CHEMTECH_DRAGON,1,0,True,26225,3275,47,9.4,305,80,27197,1,16,8,9,25,7,1,0,TOP_LANE,1,0,1,0,0,0,,0,0,37
84,KR_6428871538,True,23821,2541,42,8.4,296,64,24094,0,10,14,12,27,9,0,0,,0,0,0,0,0,0,,0,0,False,26847,3497,43,8.6,297,72,25781,1,14,10,8,29,6,1,0,TOP_LANE,1,0,1,0,0,0,,0,1,36
85,KR_6419453157,True,24305,1950,43,8.6,296,76,25406,1,13,4,13,26,7,0,0,,0,0,0,0,0,1,HEXTECH_DRAGON,1,0,False,20562,2067,42,8.4,277,56,19843,0,4,13,3,25,8,0,0,,0,0,0,0,0,0,,0,0,21
86,KR_6410354305,True,24853,1563,42,8.4,240,72,21254,1,16,6,19,26,9,0,0,,0,0,0,0,0,0,,0,1,False,21817,3512,43,8.6,296,63,21807,0,6,16,5,60,8,0,0,,0,0,0,0,0,1,EARTH_DRAGON,1,0,43
87,KR_6392236974,False,24174,2149,44,8.8,276,52,28794,1,12,15,10,17,30,0,0,,0,0,0,0,0,0,,0,0,True,25694,7609,45,9.0,280,68,29020,0,15,12,10,161,5,0,0,,0,0,0,0,0,0,,0,0,33
88,KR_6439631596,True,31739,3709,44,8.8,270,72,30143,1,23,7,22,33,9,1,0,BOT_LANE,2,0,1,1,0,1,"HEXTECH_DRAGON,EARTH_DRAGON",2,1,False,21613,1838,41,8.2,271,54,18221,0,7,23,4,33,5,0,0,,0,0,0,0,0,0,,0,0,22
89,KR_6445951372,True,26969,5214,46,9.2,300,91,25994,1,14,3,10,24,3,1,0,BOT_LANE,1,0,0,1,0,1,FIRE_DRAGON,1,1,False,20227,1977,41,8.2,283,60,15113,0,3,14,2,20,4,0,0,,0,0,0,0,0,0,,0,0,25
90,KR_6445625253,True,25019,3094,45,9.0,365,79,20966,1,8,4,5,25,5,1,0,MID_LANE,1,1,0,0,0,0,,0,0,False,20347,2857,41,8.2,307,53,13372,0,4,8,5,23,2,0,0,,0,0,0,0,0,0,,0,0,20
91,KR_6446584173,False,24975,3180,44,8.8,265,76,29945,1,13,14,8,20,29,1,0,TOP_LANE,1,0,1,0,0,0,,0,1,True,25032,2873,43,8.6,275,52,35015,0,14,13,15,521,2,0,0,,0,0,0,0,0,1,"CHEMTECH_DRAGON,EARTH_DRAGON",2,0,34
92,KR_6369828859,False,22366,6201,44,8.8,314,68,21381,0,8,6,2,0,3,0,0,,0,0,0,0,0,0,,0,0,True,20528,2698,42,8.4,239,74,20118,1,6,8,4,0,2,0,0,,0,0,0,0,0,0,,0,0,37
93,KR_6329177494,True,27102,11247,46,9.2,340,60,23120,1,11,5,11,24,3,1,0,TOP_LANE,3,1,2,0,0,0,EARTH_DRAGON,1,0,False,19355,3135,40,8.0,240,60,20792,0,5,11,2,278,4,0,0,,1,0,1,0,0,1,AIR_DRAGON,1,1,17
94,KR_6422419621,True,25397,3026,44,8.8,316,80,29111,0,15,6,14,16,7,0,0,,0,0,0,0,0,0,,0,1,False,19899,4084,40,8.0,251,52,23134,1,6,15,3,17,8,0,0,,0,0,0,0,0,1,EARTH_DRAGON,1,0,18
95,KR_6446725206,True,22720,4680,43,8.6,310,68,21735,1,8,5,9,56,3,0,0,,0,0,0,0,0,1,AIR_DRAGON,1,1,False,20888,3988,44,8.8,307,56,18896,0,5,8,5,24,17,0,0,,0,0,0,0,0,0,,0,0,40
96,KR_6441394241,True,31252,2997,44,8.8,267,103,34396,1,21,4,26,65,5,1,0,BOT_LANE,3,1,1,1,0,0,,0,0,False,18538,3038,40,8.0,278,32,21887,0,4,21,4,20,0,0,0,,0,0,0,0,0,0,,0,0,17
97,KR_6446753313,False,20246,2446,39,7.8,243,60,25060,0,5,20,3,80,7,0,0,,0,0,0,0,0,0,,0,0,True,29037,3197,47,9.4,305,64,29833,1,20,5,15,25,32,1,0,BOT_LANE,1,0,0,1,0,1,AIR_DRAGON,1,1,30
98,KR_6434407198,True,25884,3179,44,8.8,317,64,22377,0,13,10,13,30,3,1,0,TOP_LANE,1,0,1,0,0,1,"FIRE_DRAGON,WATER_DRAGON",2,0,False,25614,4174,43,8.6,310,92,20498,1,10,13,12,24,6,0,0,,0,0,0,0,0,0,,0,1,28
99,KR_6433710256,False,22087,4042,42,8.4,227,56,25166,0,12,11,9,18,4,0,0,,0,0,0,0,0,1,CHEMTECH_DRAGON,1,0,True,26213,3443,41,8.2,264,48,27396,1,11,12,14,26,2,1,0,MID_LANE,1,1,0,0,0,0,,0,1,29
100,KR_6412265036,True,24968,4918,46,9.2,322,76,27536,1,13,10,9,26,5,0,0,,0,0,0,0,0,0,,0,0,False,22531,4186,43,8.6,284,72,27685,0,10,13,7,22,4,0,0,,0,0,0,0,0,1,FIRE_DRAGON,1,1,32
101,KR_6397212111,False,17704,3809,37,7.4,193,78,12273,0,4,14,2,8,2,0,0,,0,0,0,0,0,0,,0,1,True,28699,1224,45,9.0,312,73,19617,1,14,4,13,17,2,1,0,BOT_LANE,3,0,1,2,0,0,,0,0,20
102,KR_6396371220,True,22000,1265,43,8.6,291,51,23610,1,8,7,7,13,2,0,0,,0,0,0,0,0,0,,0,0,False,21617,3017,43,8.6,278,76,20572,0,7,8,4,18,1,1,0,TOP_LANE,1,0,1,0,0,0,,0,1,36
103,KR_6428894921,True,28099,4339,43,8.6,298,80,29453,1,20,13,18,20,4,0,0,,0,0,0,0,0,1,EARTH_DRAGON,1,0,False,25476,4506,43,8.6,257,50,28982,0,13,20,15,21,3,0,0,,0,0,0,0,0,0,,0,1,36
104,KR_6432537909,False,24544,3439,43,8.6,247,79,25228,0,10,15,5,167,9,0,0,,0,0,0,0,0,1,FIRE_DRAGON,1,1,True,26830,3290,43,8.6,325,47,27732,1,15,10,17,28,1,1,0,TOP_LANE,1,0,1,0,0,0,,0,0,34
105,KR_6385682398,True,25008,2878,46,9.2,356,72,18570,1,10,5,6,130,9,0,0,,0,0,0,0,0,0,,0,0,False,21053,2613,44,8.8,298,96,17651,0,5,10,4,41,6,0,0,,0,0,0,0,0,1,EARTH_DRAGON,1,0,22
106,KR_6344811389,True,24632,5804,45,9.0,280,71,30711,1,14,9,4,24,3,0,0,,0,0,0,0,0,1,EARTH_DRAGON,1,0,False,21137,2382,42,8.4,219,72,22763,0,9,14,5,21,3,0,0,,0,0,0,0,0,0,,0,0,21
107,KR_6353781302,False,23922,2482,41,8.2,215,48,28645,1,14,19,17,0,6,0,0,,0,0,0,0,0,0,,0,0,True,29053,3283,45,9.0,305,60,33797,0,19,14,24,0,7,1,0,TOP_LANE,1,0,1,0,0,0,,0,1,35
108,KR_6446735149,True,26558,2453,42,8.4,336,60,23698,1,14,9,17,32,8,0,0,,1,0,0,1,0,1,"AIR_DRAGON,FIRE_DRAGON",2,1,False,25291,4141,43,8.6,346,60,23891,0,9,14,10,30,6,1,0,TOP_LANE,1,0,1,0,0,0,,0,0,30
109,KR_6443388507,False,23296,931,41,8.2,259,57,23688,1,11,16,7,16,3,1,0,TOP_LANE,1,0,1,0,0,0,,0,0,True,26643,4008,41,8.2,263,75,28064,0,16,11,19,28,3,0,0,,1,0,0,1,0,1,EARTH_DRAGON,1,1,38
110,KR_6432611343,True,27738,1723,45,9.0,318,68,28868,0,16,12,13,32,5,0,0,,0,0,0,0,0,0,,0,0,False,23624,1764,44,8.8,294,52,24342,1,12,16,9,22,6,0,0,,0,0,0,0,0,1,AIR_DRAGON,1,1,27
111,KR_6394210857,True,26327,2367,43,8.6,288,66,24312,1,13,10,17,23,5,0,0,,1,1,0,0,0,0,,0,1,False,24873,2553,43,8.6,314,40,22642,0,10,13,8,24,6,1,0,TOP_LANE,1,0,1,0,0,0,,0,0,29
112,KR_6444321440,False,24840,4460,39,7.8,212,44,27867,0,16,17,16,30,5,0,0,,0,0,0,0,0,0,,0,0,True,28426,3436,42,8.4,292,68,28878,1,17,16,15,37,4,1,0,TOP_LANE,1,0,1,0,0,0,,0,1,29
113,KR_6445631734,False,23258,2083,42,8.4,324,72,20656,1,7,5,10,42,3,0,0,,0,0,0,0,0,1,CHEMTECH_DRAGON,1,1,True,20872,5877,42,8.4,285,60,19210,0,5,7,6,22,3,0,0,,0,0,0,0,0,0,,0,0,44
114,KR_6431302033,True,26585,4525,45,9.0,324,68,32951,1,16,13,15,28,6,0,0,,0,0,0,0,0,1,FIRE_DRAGON,1,0,False,24757,2032,43,8.6,271,51,24500,0,13,16,11,21,5,0,0,,0,0,0,0,0,0,,0,0,43
115,KR_6444056136,True,24452,2352,47,9.4,350,68,23869,1,12,10,7,28,7,0,0,,0,0,0,0,0,0,,0,0,False,22324,3494,42,8.4,274,76,24396,0,10,12,5,27,6,0,0,,0,0,0,0,0,1,WATER_DRAGON,1,1,35
116,KR_6326758538,False,25101,5566,47,9.4,346,67,31603,1,13,9,12,33,4,0,0,,0,0,0,0,0,0,,0,0,True,21303,4088,44,8.8,301,75,23955,0,9,13,5,19,4,0,0,,0,0,0,0,0,1,FIRE_DRAGON,1,0,27
117,KR_6438320696,True,29007,5792,44,8.8,294,64,37671,0,19,12,16,29,8,1,0,BOT_LANE,1,0,0,1,0,0,,0,0,False,25266,2181,41,8.2,305,64,25127,1,12,19,13,22,2,0,0,,0,0,0,0,0,0,,0,0,27
118,KR_6443715596,True,25521,5381,43,8.6,251,75,23795,1,14,8,11,30,8,0,0,,0,0,0,0,0,1,HEXTECH_DRAGON,1,1,False,22701,1706,40,8.0,273,64,22609,0,8,14,8,27,10,1,0,TOP_LANE,1,0,1,0,0,0,,0,0,30
119,KR_6421832980,True,26096,1871,43,8.6,339,52,29728,1,14,4,4,25,5,1,0,BOT_LANE,1,0,0,1,0,1,EARTH_DRAGON,1,1,False,20540,3275,41,8.2,293,71,19307,0,4,14,4,20,3,0,0,,0,0,0,0,0,0,,0,0,29
120,KR_6446432693,False,26069,2834,44,8.8,240,80,29301,1,16,11,12,19,2,1,0,MID_LANE,1,1,0,0,0,0,,0,0,True,23027,2872,42,8.4,272,68,28655,0,11,16,11,20,6,0,0,,0,0,0,0,0,1,AIR_DRAGON,1,0,26
121,KR_6372409394,False,23396,3006,43,8.6,300,60,21007,0,9,9,10,0,6,0,0,,0,0,0,0,0,0,,0,1,True,23447,3676,45,9.0,300,88,25833,1,9,9,5,0,5,0,0,,0,0,0,0,0,1,FIRE_DRAGON,1,0,36
122,KR_6436629907,True,22928,3568,43,8.6,264,74,24129,0,13,7,6,32,6,0,0,,0,0,0,0,0,0,,0,0,False,21941,3396,42,8.4,243,84,21149,1,7,13,0,30,7,0,0,,0,0,0,0,0,1,EARTH_DRAGON,1,1,46
123,KR_6419232687,False,23023,4892,46,9.2,281,91,25777,1,12,7,4,27,4,0,0,,0,0,0,0,0,1,EARTH_DRAGON,1,0,True,22506,2491,42,8.4,264,68,24401,0,7,12,6,18,7,0,0,,0,0,0,0,0,0,,0,1,32
124,KR_6419497583,True,27741,4196,45,9.0,329,89,25490,1,13,13,3,18,1,1,0,TOP_LANE,3,1,2,0,0,0,,0,1,False,24925,4235,44,8.8,238,70,26392,0,13,13,18,25,2,0,0,,0,0,0,0,0,0,,0,0,38
125,KR_6446760993,True,22633,2222,43,8.6,290,77,25230,0,7,10,5,279,4,0,0,,0,0,0,0,0,0,,0,1,False,22715,4885,44,8.8,306,34,18619,1,10,7,10,17,10,0,0,,0,0,0,0,0,0,,0,0,34
126,KR_6430607833,False,22694,4694,42,8.4,269,84,26032,0,6,17,10,21,2,0,0,,0,0,0,0,0,0,,0,0,True,26845,2050,44,8.8,297,64,30843,1,17,6,18,23,5,0,0,,0,0,0,0,0,1,WATER_DRAGON,1,1,22
127,KR_6446701518,True,25659,2539,43,8.6,277,56,26364,0,17,9,15,24,8,0,0,,0,0,0,0,0,1,"HEXTECH_DRAGON,EARTH_DRAGON",2,1,False,23447,2332,44,8.8,299,56,23329,1,9,17,7,32,7,0,0,,0,0,0,0,0,0,,0,0,34
128,KR_6442315417,False,24538,3918,42,8.4,239,62,27154,1,11,11,10,24,4,1,0,TOP_LANE,1,0,1,0,0,0,,0,1,True,23188,1873,43,8.6,264,69,24033,0,11,11,8,26,3,0,0,,0,0,0,0,0,0,,0,0,36
129,KR_6423154907,True,24829,4479,41,8.2,312,44,21919,1,11,15,12,67,1,0,0,,0,0,0,0,0,1,CHEMTECH_DRAGON,1,0,False,24507,4442,43,8.6,260,64,27415,0,15,11,12,15,22,1,0,TOP_LANE,1,0,1,0,0,0,,0,1,31
130,KR_6443711874,False,25425,5240,43,8.6,293,70,25000,0,13,13,10,17,3,1,0,TOP_LANE,1,0,1,0,0,1,FIRE_DRAGON,1,1,True,24759,3094,43,8.6,287,56,27021,1,13,13,8,28,3,0,0,,0,0,0,0,0,0,,0,0,28
131,KR_6406815590,False,22967,3101,42,8.4,264,56,22079,0,10,17,12,17,3,0,0,,0,0,0,0,0,1,FIRE_DRAGON,1,0,True,29476,2506,46,9.2,327,84,29867,1,17,10,7,24,2,1,0,TOP_LANE,2,0,2,0,0,0,,0,1,22
132,KR_6421817558,False,20683,3563,44,8.8,292,56,17917,0,7,11,3,15,2,0,0,,0,0,0,0,0,1,"FIRE_DRAGON,EARTH_DRAGON",2,0,True,26764,3444,45,9.0,343,84,20738,1,11,7,10,18,4,1,0,TOP_LANE,1,0,1,0,0,0,,0,1,23
133,KR_6412329925,True,23626,3156,43,8.6,267,64,31341,0,12,17,10,35,2,0,0,,0,0,0,0,0,1,CHEMTECH_DRAGON,1,0,False,27495,3350,44,8.8,252,76,29766,1,17,12,16,21,0,1,0,TOP_LANE,1,0,1,0,0,0,,0,0,35
134,KR_6446778461,True,24816,1896,42,8.4,248,60,27365,0,13,10,11,26,3,1,0,MID_LANE,1,1,0,0,0,1,HEXTECH_DRAGON,1,0,False,21978,1803,41,8.2,240,58,25356,1,10,13,7,17,3,0,0,,0,0,0,0,0,0,,0,0,23
135,KR_6443884753,True,23250,3450,44,8.8,328,84,23106,0,9,8,10,337,5,0,0,,0,0,0,0,0,1,FIRE_DRAGON,1,0,False,22503,1468,43,8.6,321,52,21055,1,8,9,8,24,3,0,0,,0,0,0,0,0,0,,0,1,36
136,KR_6445720973,True,24031,2511,42,8.4,283,64,30530,1,10,14,10,25,4,0,0,,0,0,0,0,0,1,CHEMTECH_DRAGON,1,1,False,25172,4337,45,9.0,277,66,22713,0,14,10,10,21,2,0,0,,0,0,0,0,0,0,,0,0,44
137,KR_6433586029,True,25926,3136,45,9.0,316,68,26879,1,15,6,26,22,8,0,0,,0,0,0,0,0,1,EARTH_DRAGON,1,0,False,22371,4251,42,8.4,282,87,18536,0,6,15,8,28,7,0,0,,0,0,0,0,0,0,,0,1,23
138,KR_6445102294,True,25533,2763,43,8.6,305,55,26369,1,14,12,16,28,6,0,0,,0,0,0,0,0,0,,0,0,False,24449,2194,42,8.4,243,80,22272,0,12,14,9,50,4,0,0,,0,0,0,0,0,0,,0,1,24
139,KR_6380964007,False,23055,4525,42,8.4,284,74,28101,0,10,21,7,15,4,0,0,,0,0,0,0,0,0,,0,0,True,28270,2805,45,9.0,327,56,30743,1,21,10,20,17,2,1,0,MID_LANE,1,1,0,0,0,1,AIR_DRAGON,1,1,30
140,KR_6421432081,True,26235,4495,43,8.6,253,62,31490,0,18,20,17,19,7,0,0,,0,0,0,0,0,0,,0,0,False,27327,1987,41,8.2,251,40,36603,1,20,18,28,24,4,1,0,BOT_LANE,1,0,0,1,0,1,WATER_DRAGON,1,1,35
141,KR_6439979607,False,22682,3182,41,8.2,255,59,25627,0,7,12,6,42,4,1,0,TOP_LANE,1,0,1,0,0,0,,0,1,True,22692,5077,41,8.2,277,32,23501,1,12,7,15,22,4,0,0,,0,0,0,0,0,0,,0,0,34
142,KR_6439712725,False,23772,2647,43,8.6,312,56,21236,1,11,11,9,23,4,0,0,,0,0,0,0,0,0,,0,1,True,23619,2389,45,9.0,261,76,21618,0,11,11,9,84,5,0,0,,0,0,0,0,0,1,HEXTECH_DRAGON,1,0,35
143,KR_6437687248,True,25443,1738,44,8.8,288,76,23410,0,13,14,15,66,6,0,0,,0,0,0,0,0,0,,0,0,False,27720,5220,46,9.2,300,72,26407,1,14,13,9,18,28,1,0,BOT_LANE,1,0,0,1,0,0,,0,1,40
144,KR_6430840688,False,21959,5019,43,8.6,235,76,26162,0,9,16,8,20,4,0,0,,0,0,0,0,0,0,,0,0,True,27688,7703,44,8.8,304,56,33689,1,16,9,15,21,5,1,0,MID_LANE,1,1,0,0,0,0,,0,1,46
145,KR_6446492938,True,22640,3085,43,8.6,293,76,20364,1,8,6,5,21,7,0,0,,0,0,0,0,0,0,,0,1,False,21191,3001,42,8.4,261,64,20409,0,6,8,12,188,8,0,0,,0,0,0,0,0,1,EARTH_DRAGON,1,0,35
146,KR_6338767966,False,24887,3932,46,9.2,274,80,19721,0,12,9,14,13,6,1,0,BOT_LANE,1,0,0,1,0,1,AIR_DRAGON,1,0,True,23071,1965,44,8.8,320,80,22193,1,9,12,2,37,3,0,0,,0,0,0,0,0,0,,0,0,39
147,KR_6441761606,False,24501,1750,43,8.6,274,56,31247,1,13,18,10,39,3,0,0,,0,0,0,0,0,1,AIR_DRAGON,1,0,True,29666,5661,44,8.8,307,76,35352,0,18,13,14,29,9,1,0,MID_LANE,1,1,0,0,0,0,,0,1,27
148,KR_6403564692,True,30841,2231,44,8.8,277,42,30465,0,25,17,23,23,3,1,0,BOT_LANE,1,0,0,1,0,0,,0,0,False,28340,3555,43,8.6,275,96,31132,1,17,25,21,42,2,0,0,,0,0,0,0,0,1,AIR_DRAGON,1,1,31
149,KR_6435991470,False,22872,1937,46,9.2,285,88,19739,1,10,7,9,30,3,0,0,,0,0,0,0,0,0,,0,0,True,23261,4041,45,9.0,324,68,23426,0,7,10,3,19,4,0,0,,0,0,0,0,0,0,,0,0,33
150,KR_6446782236,True,21655,2510,43,8.6,301,80,22880,0,7,5,8,19,5,0,0,,0,0,0,0,0,0,,0,0,False,20775,2445,42,8.4,290,64,16850,1,5,7,3,27,4,0,0,,0,0,0,0,0,0,,0,0,30
151,KR_6445997904,True,23856,2111,45,9.0,279,91,25914,1,14,4,6,24,4,0,0,,0,0,0,0,0,1,FIRE_DRAGON,1,1,False,21520,2320,44,8.8,301,68,24225,0,4,14,0,24,5,1,0,TOP_LANE,1,0,1,0,0,0,,0,0,37
152,KR_6440888508,True,22118,3138,43,8.6,251,66,23516,1,9,12,10,16,1,0,0,,0,0,0,0,0,1,EARTH_DRAGON,1,0,False,24467,3712,45,9.0,303,57,23965,0,12,9,9,33,1,0,0,,0,0,0,0,0,0,,0,1,31
153,KR_6348819136,False,22829,4680,43,8.6,303,60,22499,0,7,12,4,22,3,0,0,,0,0,0,0,0,0,,0,0,True,26463,4398,43,8.6,323,56,21458,1,12,7,11,20,4,1,0,TOP_LANE,2,0,2,0,0,1,FIRE_DRAGON,1,1,38
154,KR_6446752382,True,23272,2742,42,8.4,252,32,27624,1,11,8,13,27,6,0,0,,0,0,0,0,0,0,WATER_DRAGON,1,1,False,21674,1694,43,8.6,252,63,22690,0,8,11,7,185,11,0,0,,0,0,0,0,0,1,AIR_DRAGON,1,0,29
155,KR_6405378512,True,30445,2765,45,9.0,359,84,32349,1,18,3,13,25,1,1,0,TOP_LANE,3,0,2,1,0,1,CHEMTECH_DRAGON,1,1,False,18942,1477,41,8.2,239,68,17114,0,3,18,3,12,1,0,0,,0,0,0,0,0,0,,0,0,17
156,KR_6425395596,False,21167,3933,44,8.8,295,72,26847,1,4,10,2,27,1,0,0,,0,0,0,0,0,1,AIR_DRAGON,1,0,True,23901,2121,45,9.0,257,87,28672,0,10,4,12,98,6,0,0,,0,0,0,0,0,0,,0,1,28
157,KR_6423390473,False,20971,4455,42,8.4,217,68,20697,0,9,8,7,22,5,0,0,,0,0,0,0,0,0,FIRE_DRAGON,1,0,True,25855,4390,44,8.8,319,72,20914,1,8,9,6,23,3,1,0,TOP_LANE,3,2,1,0,0,1,WATER_DRAGON,1,1,29
158,KR_6422663035,True,24381,3231,43,8.6,301,40,25981,0,10,9,10,31,7,0,0,,0,0,0,0,0,0,,0,1,False,22119,1784,42,8.4,293,64,18693,1,9,10,13,23,3,0,0,,0,0,0,0,0,0,,0,0,38
159,KR_6438530256,True,28145,4140,45,9.0,327,64,32129,1,17,9,16,28,5,1,0,MID_LANE,1,1,0,0,0,1,HEXTECH_DRAGON,1,1,False,22069,2869,40,8.0,233,64,26012,0,9,17,12,23,6,0,0,,0,0,0,0,0,0,,0,0,21
160,KR_6383073372,False,24054,2424,44,8.8,257,64,25988,1,12,16,7,21,5,0,0,,0,0,0,0,0,0,,0,0,True,25783,1253,44,8.8,313,68,29678,0,16,12,10,28,6,0,0,,0,0,0,0,0,1,WATER_DRAGON,1,1,42
161,KR_6329071538,False,25865,2445,45,9.0,278,44,24479,1,18,9,16,20,1,0,0,,0,0,0,0,0,0,,0,1,True,22466,713,43,8.6,301,48,27669,0,9,18,6,37,7,0,0,,0,0,0,0,0,0,,0,0,32
162,KR_6392849364,False,21064,669,43,8.6,287,64,14524,0,7,8,3,35,4,0,0,,0,0,0,0,0,0,,0,1,True,26042,5767,46,9.2,324,64,22722,1,8,7,7,24,2,1,0,BOT_LANE,3,1,0,2,0,1,HEXTECH_DRAGON,1,0,26
163,KR_6338699071,False,27261,3006,45,9.0,297,55,25796,0,15,4,15,26,5,0,0,,0,0,0,0,0,0,,0,1,True,21312,3564,41,8.2,307,64,21042,1,4,15,2,129,4,1,0,MID_LANE,2,1,0,1,0,1,CHEMTECH_DRAGON,1,0,34
164,KR_6401481753,True,28240,5600,45,9.0,298,84,25529,1,17,10,20,17,31,0,0,,0,0,0,0,0,1,"EARTH_DRAGON,WATER_DRAGON",2,0,False,25742,2747,43,8.6,325,76,27222,0,10,17,8,66,4,1,0,TOP_LANE,1,0,1,0,0,0,,0,1,40
165,KR_6409286740,True,24298,3658,44,8.8,264,68,22136,1,12,2,9,26,4,1,0,TOP_LANE,1,0,1,0,0,1,HEXTECH_DRAGON,1,0,False,21235,2900,42,8.4,292,98,17747,0,2,12,0,23,4,0,0,,0,0,0,0,0,0,,0,1,42
166,KR_6446498649,True,27897,7012,45,9.0,296,74,27619,1,16,8,12,20,5,1,0,MID_LANE,1,1,0,0,0,1,"FIRE_DRAGON,CHEMTECH_DRAGON",2,1,False,20552,777,41,8.2,264,54,22231,0,8,16,5,20,4,0,0,,1,0,0,1,0,0,,0,0,26
167,KR_6375243358,False,20635,2445,41,8.2,309,59,22814,0,5,12,6,0,3,0,0,,0,0,0,0,0,0,,0,0,True,23434,4759,44,8.8,260,68,24579,1,12,5,12,0,4,0,0,,0,0,0,0,0,1,HEXTECH_DRAGON,1,0,36
168,KR_6385780562,True,25819,2784,44,8.8,243,48,24156,1,18,14,18,26,10,0,0,,0,0,0,0,0,1,AIR_DRAGON,1,0,False,25943,2193,43,8.6,268,68,27311,0,14,18,12,29,7,0,0,,0,0,0,0,0,0,,0,1,30
169,KR_6421683550,True,24779,5699,44,8.8,292,79,27212,0,13,12,9,29,2,0,0,,0,0,0,0,0,1,AIR_DRAGON,1,0,False,25074,6624,43,8.6,263,60,19701,1,12,13,10,21,4,1,0,BOT_LANE,1,0,0,1,0,0,,0,1,39
170,KR_6434765670,False,23191,2116,43,8.6,254,76,28127,1,11,14,8,15,1,0,0,,0,0,0,0,0,0,,0,0,True,26751,4781,44,8.8,308,52,32130,0,14,11,5,20,4,1,0,TOP_LANE,2,0,2,0,0,0,,0,1,37
171,KR_6400199185,False,26602,5362,40,8.0,249,66,28070,0,15,11,20,20,21,1,0,TOP_LANE,1,0,1,0,0,1,AIR_DRAGON,1,1,True,25105,1550,42,8.4,293,54,28733,1,11,15,11,60,4,0,0,,1,0,1,0,0,0,,0,0,38
172,KR_6444188805,True,25467,3467,42,8.4,280,68,22792,1,12,12,11,28,11,0,0,,0,0,0,0,0,0,,0,1,False,22441,3773,38,7.6,219,54,20278,0,12,12,12,128,8,1,0,TOP_LANE,1,0,1,0,0,0,,0,0,35
173,KR_6410947279,False,27505,4255,43,8.6,293,84,28755,1,13,10,15,44,7,1,0,TOP_LANE,2,0,2,0,0,1,EARTH_DRAGON,1,1,True,24124,4629,44,8.8,318,72,23975,0,10,13,10,24,5,0,0,,0,0,0,0,0,0,,0,0,28
174,KR_6433735969,True,25302,4397,46,9.2,331,64,25727,0,15,10,8,26,2,0,0,,0,0,0,0,0,0,,0,1,False,24238,2263,43,8.6,321,64,24950,1,10,15,4,22,4,0,0,,0,0,0,0,0,0,,0,0,39
175,KR_6443142709,False,20174,1754,41,8.2,225,56,20057,0,7,11,11,24,9,0,0,,0,0,0,0,0,0,,0,1,True,24901,1896,43,8.6,319,76,22001,1,11,7,10,36,6,1,0,BOT_LANE,1,0,0,1,0,1,EARTH_DRAGON,1,0,32
176,KR_6446313447,False,21913,3693,44,8.8,285,56,25313,0,7,12,3,16,4,0,0,,0,0,0,0,0,0,,0,0,True,22809,2369,41,8.2,248,52,23365,1,12,7,13,21,4,0,0,,0,0,0,0,0,1,AIR_DRAGON,1,1,40
177,KR_6446581054,False,24142,2492,41,8.2,239,56,21249,0,8,7,11,24,5,1,0,MID_LANE,1,1,0,0,0,0,,0,1,True,20481,2866,42,8.4,271,72,21074,1,7,8,6,45,8,0,0,,0,0,0,0,0,1,CHEMTECH_DRAGON,1,0,32
178,KR_6420160971,False,21574,489,42,8.4,238,78,23483,0,8,18,5,13,2,0,0,,0,0,0,0,0,0,,0,1,True,25921,4956,44,8.8,265,78,36357,1,18,8,14,31,6,0,0,,0,0,0,0,0,1,FIRE_DRAGON,1,0,20
179,KR_6417300491,True,26208,4788,43,8.6,235,59,32715,1,19,15,15,26,5,0,0,,0,0,0,0,0,1,AIR_DRAGON,1,1,False,25389,2334,41,8.2,263,67,29214,0,15,19,21,15,5,0,0,,0,0,0,0,0,0,,0,0,28
180,KR_6341925746,True,25260,6550,45,9.0,286,54,25896,1,13,7,14,42,4,0,0,,0,0,0,0,0,1,HEXTECH_DRAGON,1,0,False,23692,2662,44,8.8,285,74,24720,0,7,13,6,27,4,1,0,TOP_LANE,1,0,1,0,0,0,,0,1,27
181,KR_6446776275,False,23769,3639,41,8.2,295,52,24535,0,10,15,12,22,1,0,0,,0,0,0,0,0,0,,0,0,True,25265,4691,43,8.6,240,62,31831,1,15,10,20,152,9,0,0,,0,0,0,0,0,1,AIR_DRAGON,1,1,38
182,KR_6429997033,False,23078,4338,43,8.6,276,71,21457,0,9,14,7,26,29,0,0,,0,0,0,0,0,0,,0,1,True,27363,4973,44,8.8,348,67,32539,1,14,9,14,62,7,1,0,BOT_LANE,1,0,0,1,0,1,AIR_DRAGON,1,0,25
183,KR_6385176665,False,20642,2872,43,8.6,278,75,19230,0,5,12,8,22,4,0,0,,0,0,0,0,0,1,CHEMTECH_DRAGON,1,0,True,25733,3698,44,8.8,352,68,24311,1,12,5,16,22,4,0,0,,0,0,0,0,0,0,,0,1,39
184,KR_6446559394,False,22447,3077,41,8.2,249,52,24142,0,9,13,13,294,4,0,0,,0,0,0,0,0,0,,0,0,True,25190,2570,44,8.8,260,68,31616,1,13,9,17,26,2,0,0,,0,0,0,0,0,0,,0,1,28
185,KR_6446578478,True,23576,2966,44,8.8,309,59,23130,1,10,8,10,24,4,0,0,,0,0,0,0,0,1,CHEMTECH_DRAGON,1,0,False,21875,2281,42,8.4,286,55,22166,0,8,10,8,159,5,0,0,,0,0,0,0,0,0,,0,1,43
186,KR_6379880832,True,27366,3316,44,8.8,322,65,25734,0,13,12,21,23,5,1,0,BOT_LANE,2,0,0,2,0,0,,0,1,False,24202,3687,42,8.4,281,75,24275,1,12,13,14,38,1,0,0,,0,0,0,0,0,0,,0,0,25
187,KR_6446796288,False,23268,3778,43,8.6,278,52,25477,0,14,16,9,17,3,0,0,,0,0,0,0,0,0,,0,0,True,25286,1828,43,8.6,263,56,26411,1,16,14,12,17,5,0,0,,0,0,0,0,0,1,HEXTECH_DRAGON,1,0,31
188,KR_6444201184,False,20377,4262,40,8.0,261,64,20948,0,7,9,10,20,4,0,0,,0,0,0,0,0,0,,0,0,True,24122,5407,44,8.8,316,88,21347,1,9,7,10,23,3,0,0,,0,0,0,0,0,1,WATER_DRAGON,1,0,29
189,KR_6445668475,False,24617,4522,43,8.6,291,68,26856,0,13,13,13,22,3,0,0,,0,0,0,0,0,0,,0,1,True,24801,2406,45,9.0,304,67,30978,1,13,13,12,20,2,0,0,,0,0,0,0,0,1,AIR_DRAGON,1,0,31
190,KR_6446777700,False,25648,3313,43,8.6,254,60,27534,1,16,12,31,29,7,0,0,,0,0,0,0,0,0,,0,0,True,25931,1611,43,8.6,299,84,23368,0,12,16,16,24,6,0,0,,0,0,0,0,0,1,"HEXTECH_DRAGON,FIRE_DRAGON",2,1,28
191,KR_6393575453,True,24463,3118,42,8.4,295,60,31180,1,13,6,10,28,4,0,0,,0,0,0,0,0,1,FIRE_DRAGON,1,1,False,19540,4045,41,8.2,231,58,23314,0,6,13,5,27,2,0,0,,0,0,0,0,0,0,,0,0,23
192,KR_6446411798,False,21191,4106,42,8.4,281,64,25602,1,8,11,8,25,6,0,0,,0,0,0,0,0,0,,0,0,True,26706,4431,45,9.0,326,64,23453,0,11,8,13,29,10,1,0,BOT_LANE,1,0,0,1,0,1,AIR_DRAGON,1,1,40
193,KR_6391898917,True,23191,2536,43,8.6,298,65,24165,1,7,11,4,24,4,0,0,,0,0,0,0,0,1,CHEMTECH_DRAGON,1,0,False,21974,4149,42,8.4,273,52,23400,0,11,7,7,23,3,1,0,TOP_LANE,1,0,1,0,0,0,,0,1,35
194,KR_6443891525,False,22251,2726,43,8.6,293,62,17128,1,9,6,4,21,5,0,0,,0,0,0,0,0,1,FIRE_DRAGON,1,0,True,22553,1933,43,8.6,323,76,23044,0,6,9,4,23,3,0,0,,0,0,0,0,0,0,,0,1,30
195,KR_6426849803,True,23152,3647,44,8.8,307,64,24169,1,7,7,5,55,2,0,0,,0,0,0,0,0,0,,0,1,False,21084,4929,43,8.6,329,52,19133,0,7,7,3,26,7,0,0,,0,0,0,0,0,1,EARTH_DRAGON,1,0,35
196,KR_6426013186,True,28354,2574,44,8.8,308,63,32759,0,17,12,18,25,7,1,0,BOT_LANE,2,1,0,1,0,1,CHEMTECH_DRAGON,1,0,False,24509,1266,42,8.4,255,68,34049,1,12,17,20,30,2,0,0,,0,0,0,0,0,0,,0,1,26
197,KR_6386863182,True,27012,2777,45,9.0,335,60,28166,1,12,5,9,27,37,1,0,BOT_LANE,1,0,0,1,0,1,FIRE_DRAGON,1,1,False,20692,3007,43,8.6,296,80,23321,0,5,12,5,61,3,0,0,,0,0,0,0,0,0,,0,0,21
198,KR_6399212539,False,22525,3360,44,8.8,261,80,19287,0,9,11,9,34,2,0,0,,0,0,0,0,0,0,,0,0,True,24772,2256,44,8.8,278,60,26605,1,11,9,8,23,2,0,0,,0,0,0,0,0,1,FIRE_DRAGON,1,1,19
199,KR_6406075947,False,21867,967,41,8.2,229,67,19309,0,11,9,10,23,4,0,0,,0,0,0,0,0,0,,0,0,True,24356,4271,45,9.0,342,80,25408,1,9,11,10,22,4,0,0,,0,0,0,0,0,1,EARTH_DRAGON,1,0,27
200,KR_6442565584,True,26088,3163,43,8.6,262,84,26537,1,12,6,10,23,4,0,0,,0,0,0,0,0,1,AIR_DRAGON,1,1,False,20906,856,40,8.0,226,56,19065,0,6,12,11,20,3,1,0,BOT_LANE,1,0,0,1,0,0,,0,0,32
