gameId,blueWins,blueTotalGolds,blueCurrentGolds,blueTotalLevel,blueAvgLevel,blueTotalMinionKills,blueTotalJungleMinionKills,blueTotalDamageToChampion,blueFirstBlood,blueKill,blueDeath,blueAssist,blueWardPlaced,blueWardKills,blueFirstTower,blueFirstInhibitor,blueFirstTowerLane,blueTowerKills,blueMidTowerKills,blueTopTowerKills,blueBotTowerKills,blueInhibitor,blueFirstDragon,blueDragonType,blueDragon,blueRiftHeralds,redWins,redTotalGolds,redCurrentGolds,redTotalLevel,redAvgLevel,redTotalMinionKills,redTotalJungleMinionKills,redTotalDamageToChampion,redFirstBlood,redKill,redDeath,redAssist,redWardPlaced,redWardKills,redFirstTower,redFirstInhibitor,redFirstTowerLane,redTowerKills,redMidTowerKills,redTopTowerKills,redBotTowerKills,redInhibitor,redFirstDragon,redDragonType,redDragon,redRiftHeralds
KR_6420002571,True,23054,2924,37,9.25,311,84,23763,0,17,14,16,177,10,0,0,,0,0,0,0,0,1,EARTH_DRAGON,1,1,False,31001,3881,52,8.666666666666666,371,48,31556,1,14,17,14,26,9,0,0,,0,0,0,0,0,0,,0,0
KR_6418358236,True,25205,2470,37,9.25,300,84,28329,0,20,14,29,25,6,0,0,,0,0,0,0,0,0,CHEMTECH_DRAGON,1,1,False,30680,2785,49,8.166666666666666,358,55,35458,1,14,20,17,31,9,0,0,,0,0,0,0,0,1,AIR_DRAGON,1,0
KR_6422486393,False,22549,3314,37,9.25,329,69,21327,1,10,8,12,30,7,1,0,MID_LANE,2,2,0,0,0,0,,0,1,True,31419,5364,53,8.833333333333334,387,94,27471,0,8,10,11,26,5,0,0,,1,0,0,1,0,1,HEXTECH_DRAGON,1,0
KR_6417885416,True,25895,4215,35,8.75,267,63,28488,1,17,7,26,79,5,1,0,BOT_LANE,3,0,2,1,0,1,FIRE_DRAGON,1,1,False,29538,4168,51,8.5,439,69,35542,0,7,17,15,40,34,0,0,,0,0,0,0,0,0,,0,0
KR_6401010249,True,19472,2817,37,9.25,348,68,22123,0,4,10,8,36,14,0,0,,0,0,0,0,0,1,WATER_DRAGON,1,1,False,28276,1740,53,8.833333333333334,412,82,27980,1,10,4,10,36,9,0,0,,0,0,0,0,0,0,CHEMTECH_DRAGON,1,0
KR_6420151556,True,22859,2843,38,9.5,347,84,23063,0,12,6,12,125,9,0,0,,0,0,0,0,0,0,WATER_DRAGON,1,1,False,25406,2376,50,8.333333333333334,342,60,26054,1,6,12,6,35,5,0,0,,0,0,0,0,0,1,AIR_DRAGON,1,0
KR_6423980051,False,17542,1777,35,8.75,287,67,16770,1,5,20,2,32,8,0,0,,0,0,0,0,0,0,,0,0,True,34988,2053,56,9.333333333333334,397,92,35877,0,20,5,16,61,14,1,0,BOT_LANE,2,1,0,1,0,1,FIRE_DRAGON,1,1
KR_6424395841,False,20955,4195,36,9.0,340,52,19968,0,7,12,8,21,3,1,0,BOT_LANE,1,0,0,1,0,0,,0,0,True,30599,4009,51,8.5,373,95,33543,1,12,7,13,20,2,0,0,,0,0,0,0,0,1,HEXTECH_DRAGON,1,1
KR_6421044666,True,22597,4307,38,9.5,329,74,21984,0,11,12,10,32,8,1,0,TOP_LANE,1,0,1,0,0,0,,0,1,False,29570,4795,52,8.666666666666666,386,77,32608,1,12,11,19,27,9,0,0,,0,0,0,0,0,1,EARTH_DRAGON,2,0
KR_6419982532,True,23041,1136,38,9.5,382,86,22737,0,8,4,9,38,5,1,0,TOP_LANE,1,0,1,0,0,0,EARTH_DRAGON,1,1,False,25884,3334,50,8.333333333333334,362,64,17676,1,4,8,4,55,13,0,0,,0,0,0,0,0,1,AIR_DRAGON,1,0
KR_6423858231,True,24251,3556,38,9.5,334,76,28276,1,12,7,20,38,4,0,0,,1,0,1,0,0,0,,0,1,False,27705,2255,51,8.5,352,79,21458,0,7,12,5,30,3,1,0,BOT_LANE,1,0,0,1,0,1,WATER_DRAGON,1,0
KR_6420042723,True,22309,3609,37,9.25,343,87,17926,1,9,14,12,36,7,0,0,,2,0,2,0,0,0,,0,1,False,33116,3086,50,8.333333333333334,397,56,31497,0,14,9,21,32,10,1,0,BOT_LANE,2,0,0,2,0,1,AIR_DRAGON,1,0
KR_6423770189,True,20028,3908,39,9.75,378,68,20437,0,8,11,10,28,10,0,0,,0,0,0,0,0,0,,0,0,False,30516,5076,52,8.666666666666666,433,64,33293,1,11,8,14,27,7,0,0,,0,0,0,0,0,1,AIR_DRAGON,1,1
KR_6424247629,False,20188,2843,37,9.25,371,63,16686,1,6,6,6,29,14,0,0,,0,0,0,0,0,0,,0,1,True,29338,2583,50,8.333333333333334,390,91,21368,0,6,6,13,65,14,1,0,BOT_LANE,1,0,0,1,0,1,HEXTECH_DRAGON,1,0
KR_6418684107,True,21752,4587,39,9.75,356,90,18620,0,9,5,8,74,12,0,0,,0,0,0,0,0,0,AIR_DRAGON,1,0,False,27707,3468,50,8.333333333333334,387,80,28338,1,5,9,7,30,15,0,0,,0,0,0,0,0,1,EARTH_DRAGON,1,1
KR_6424261144,True,22422,2632,37,9.25,331,63,26139,0,11,14,11,30,6,1,0,BOT_LANE,1,0,0,1,0,0,,0,1,False,31793,4798,54,9.0,368,84,32209,1,14,11,9,27,9,0,0,,0,0,0,0,0,1,AIR_DRAGON,2,0
KR_6423329148,True,19841,2931,37,9.25,352,64,15451,1,5,0,5,39,10,0,0,,0,0,0,0,0,1,EARTH_DRAGON,1,1,False,24360,3570,51,8.5,427,78,18416,0,0,5,0,30,13,0,0,,0,0,0,0,0,0,,0,0
KR_6418736385,False,18948,3638,35,8.75,292,79,25924,0,6,15,6,44,5,0,0,,0,0,0,0,0,0,,0,1,True,31713,2013,51,8.5,332,92,32192,1,15,6,20,28,11,1,0,BOT_LANE,1,0,0,1,0,1,FIRE_DRAGON,2,0
KR_6423151896,True,25199,2050,39,9.75,361,86,24901,1,14,4,14,31,9,1,0,BOT_LANE,2,0,1,1,0,1,WATER_DRAGON,2,0,False,26958,4653,50,8.333333333333334,380,74,21195,0,4,14,4,22,8,0,0,,0,0,0,0,0,0,,0,1
KR_6418329392,False,20961,4571,37,9.25,348,84,24816,0,8,10,14,30,7,0,0,,0,0,0,0,0,0,,0,0,True,30343,5178,52,8.666666666666666,408,84,23156,1,10,8,4,27,9,1,0,TOP_LANE,1,0,1,0,0,1,WATER_DRAGON,1,1
KR_6423584505,False,17897,2127,36,9.0,346,70,18058,0,2,9,1,29,13,0,0,,0,0,0,0,0,0,,0,0,True,28272,3418,51,8.5,360,96,27189,1,9,2,11,36,8,0,0,,0,0,0,0,0,1,FIRE_DRAGON,2,1
KR_6423875676,True,20403,2193,38,9.5,357,83,19493,1,8,8,11,37,17,0,0,,0,0,0,0,0,1,WATER_DRAGON,1,0,False,31507,3777,51,8.5,413,68,29272,0,8,8,12,45,11,0,0,,0,0,0,0,0,0,,0,1
KR_6421119543,False,18953,2137,35,8.75,319,68,22247,0,6,12,9,28,6,0,0,,0,0,0,0,0,0,,0,1,True,27900,3570,48,8.0,322,75,33393,1,12,6,14,38,12,0,0,,0,0,0,0,0,1,HEXTECH_DRAGON,1,0
KR_6422594669,True,21206,1821,34,8.5,270,60,24452,0,12,14,22,34,5,0,0,,1,0,0,1,0,1,EARTH_DRAGON,2,0,False,33018,1813,49,8.166666666666666,306,84,36301,1,14,12,12,42,6,1,0,MID_LANE,2,1,1,0,0,0,,0,1
KR_6421501994,False,19979,3709,36,9.0,312,68,20478,0,10,13,11,24,12,0,0,,0,0,0,0,0,0,,0,0,True,30327,4312,52,8.666666666666666,380,84,37094,1,13,10,16,34,9,0,0,,0,0,0,0,0,1,CHEMTECH_DRAGON,1,1
KR_6418704339,True,23766,1961,39,9.75,358,90,20952,1,11,1,8,70,9,1,0,BOT_LANE,1,0,0,1,0,0,,0,1,False,25790,1635,50,8.333333333333334,370,85,19454,0,1,11,1,34,34,0,0,,1,0,1,0,0,0,,0,0
KR_6415575357,False,23483,2598,36,9.0,293,63,26932,0,15,21,20,38,6,0,0,,1,0,0,1,0,1,FIRE_DRAGON,1,0,True,33756,4396,51,8.5,292,68,39491,1,21,15,26,31,6,1,0,BOT_LANE,1,0,0,1,0,0,,0,1
KR_6424221563,False,19879,2144,35,8.75,293,60,24410,0,6,22,5,28,8,0,0,,0,0,0,0,0,0,,0,1,True,35820,2355,53,8.833333333333334,397,75,40802,1,22,6,35,33,12,1,0,BOT_LANE,2,1,0,1,0,1,HEXTECH_DRAGON,1,0
KR_6414423971,False,19555,2500,36,9.0,290,74,30692,0,7,20,5,21,10,0,0,,0,0,0,0,0,0,,0,0,True,32940,3665,52,8.666666666666666,361,76,42706,1,20,7,32,34,7,1,0,BOT_LANE,1,0,0,1,0,1,AIR_DRAGON,1,1
KR_6424394689,True,24633,6303,37,9.25,341,74,25311,1,13,6,14,44,6,1,0,TOP_LANE,1,0,1,0,0,1,AIR_DRAGON,1,1,False,26887,2967,49,8.166666666666666,351,78,22426,0,6,13,6,30,8,0,0,,1,0,1,0,0,0,,0,0
KR_6421923992,False,19826,2641,37,9.25,335,48,25545,0,6,19,7,26,6,0,0,,0,0,0,0,0,0,,0,0,True,31729,2869,51,8.5,338,67,36043,1,19,6,25,25,9,1,0,BOT_LANE,1,0,0,1,0,1,AIR_DRAGON,1,1
KR_6416083566,False,23201,4471,38,9.5,349,101,21234,1,10,10,12,47,8,1,0,BOT_LANE,1,0,0,1,0,0,,0,1,True,27990,2875,51,8.5,387,76,30876,0,10,10,5,26,11,0,0,,0,0,0,0,0,1,HEXTECH_DRAGON,2,0
KR_6422981112,False,22284,1519,37,9.25,329,63,18721,0,10,6,10,32,10,0,0,,1,0,1,0,0,0,,0,0,True,29742,2662,51,8.5,381,75,27278,1,6,10,6,23,10,1,0,MID_LANE,2,1,0,1,0,1,EARTH_DRAGON,2,1
KR_6424381239,True,25219,4753,40,10.0,380,74,28362,1,16,4,19,34,9,1,0,BOT_LANE,1,0,0,1,0,1,WATER_DRAGON,1,1,False,26185,2630,51,8.5,384,78,19876,0,4,16,5,25,3,0,0,,0,0,0,0,0,0,,0,0
KR_6419832703,False,20881,1531,37,9.25,323,72,24551,1,12,8,16,29,12,0,0,,0,0,0,0,0,1,WATER_DRAGON,1,0,True,31584,2949,54,9.0,394,75,30004,0,8,12,6,43,5,1,0,BOT_LANE,2,1,0,1,0,0,,0,1
KR_6422629703,True,25062,2182,39,9.75,368,75,23424,1,17,3,21,35,10,1,0,TOP_LANE,1,0,1,0,0,1,AIR_DRAGON,2,1,False,27117,4817,50,8.333333333333334,415,69,24854,0,3,17,4,27,14,0,0,,0,0,0,0,0,0,,0,0
KR_6423837295,True,23176,2826,38,9.5,340,80,29262,1,14,9,16,42,12,0,0,,0,0,0,0,0,1,FIRE_DRAGON,1,0,False,29243,4088,50,8.333333333333334,365,68,28134,0,9,14,13,49,10,0,0,,0,0,0,0,0,0,,0,1
KR_6418340098,False,23608,3418,37,9.25,358,71,26275,1,12,16,16,32,6,0,0,,0,0,0,0,0,1,CHEMTECH_DRAGON,1,0,True,31737,4492,51,8.5,379,63,35958,0,16,12,19,34,4,1,0,TOP_LANE,1,0,1,0,0,0,,0,1
KR_6414419250,False,20346,1711,36,9.0,326,48,22038,0,8,20,8,38,7,0,0,,0,0,0,0,0,1,EARTH_DRAGON,1,0,True,33895,3200,52,8.666666666666666,353,63,37149,1,20,8,21,34,22,1,0,MID_LANE,1,1,0,0,0,0,,0,1
KR_6419632605,False,19493,2998,39,9.75,376,80,15319,0,5,5,7,26,9,0,0,,0,0,0,0,0,1,CHEMTECH_DRAGON,1,0,True,26693,3418,53,8.833333333333334,393,72,20152,1,5,5,5,25,5,0,0,,0,0,0,0,0,0,,0,1
KR_6419961603,False,22417,2242,38,9.5,336,91,23077,0,11,14,16,31,11,0,0,,0,0,0,0,0,1,FIRE_DRAGON,1,0,True,33221,2946,54,9.0,414,76,31538,1,14,11,17,31,7,1,0,BOT_LANE,1,0,0,1,0,0,,0,1
KR_6422039793,False,21411,2126,36,9.0,274,59,23876,1,11,13,21,29,6,0,0,,0,0,0,0,0,0,,0,1,True,30860,3610,51,8.5,361,65,30103,0,13,11,13,28,12,0,0,,0,0,0,0,0,1,AIR_DRAGON,2,0
KR_6416658399,False,21537,2007,37,9.25,359,84,25401,1,10,10,7,30,10,0,0,,0,0,0,0,0,0,HEXTECH_DRAGON,1,0,True,30342,2807,52,8.666666666666666,380,58,31551,0,10,10,8,25,12,1,0,BOT_LANE,1,0,0,1,0,1,EARTH_DRAGON,1,1
KR_6421974898,False,22576,1736,38,9.5,364,68,18069,0,11,6,9,35,6,1,0,BOT_LANE,1,0,0,1,0,0,WATER_DRAGON,1,1,True,28100,5030,50,8.333333333333334,372,80,28491,1,6,11,8,26,7,0,0,,0,0,0,0,0,1,FIRE_DRAGON,1,0
KR_6422059025,False,19476,3091,37,9.25,355,84,12527,1,4,6,7,61,12,0,0,,0,0,0,0,0,1,HEXTECH_DRAGON,2,0,True,28092,2892,52,8.666666666666666,412,88,23188,0,6,4,5,34,13,1,0,TOP_LANE,1,0,1,0,0,0,,0,1
KR_6421807989,False,23774,3351,37,9.25,344,59,24130,1,11,14,11,33,5,1,0,TOP_LANE,1,0,1,0,0,0,,0,1,True,30749,1499,50,8.333333333333334,357,62,27974,0,14,11,27,90,8,0,0,,1,0,0,1,0,0,,0,0
KR_6424334917,True,21226,2806,38,9.5,332,71,21686,0,9,8,9,28,4,0,0,,0,0,0,0,0,0,EARTH_DRAGON,1,0,False,27656,2611,51,8.5,341,69,23575,1,8,9,8,43,9,1,0,BOT_LANE,1,0,0,1,0,1,HEXTECH_DRAGON,1,1
KR_6407083168,True,22209,2089,37,9.25,314,80,27102,1,11,11,15,35,11,0,0,,0,0,0,0,0,1,AIR_DRAGON,2,0,False,29865,2404,51,8.5,355,82,33639,0,11,11,8,45,13,1,0,TOP_LANE,1,0,1,0,0,0,,0,1
KR_6418395803,False,21915,2575,37,9.25,365,75,20327,0,7,17,5,36,9,0,0,,0,0,0,0,0,0,,0,0,True,32044,5013,53,8.833333333333334,389,67,34809,1,17,7,24,42,15,1,0,BOT_LANE,1,0,0,1,0,1,FIRE_DRAGON,1,1
KR_6419837135,True,21339,2589,38,9.5,383,70,21742,0,7,6,6,43,12,0,0,,0,0,0,0,0,1,EARTH_DRAGON,1,0,False,26751,4491,49,8.166666666666666,349,75,23575,1,6,7,12,33,12,0,0,,0,0,0,0,0,0,,0,1
KR_6416895311,False,20911,3831,37,9.25,345,75,24651,0,12,8,20,42,8,0,0,,0,0,0,0,0,0,,0,0,True,30538,3598,52,8.666666666666666,364,68,31301,1,8,12,6,29,3,1,0,TOP_LANE,1,0,1,0,0,1,HEXTECH_DRAGON,1,1
KR_6424259627,True,26629,5134,38,9.5,377,92,28010,1,14,3,12,32,11,0,0,,1,1,0,0,0,0,,0,1,False,23726,4021,48,8.0,342,51,22650,0,3,14,2,26,7,1,0,BOT_LANE,1,0,0,1,0,0,,0,0
KR_6424330956,False,22909,3939,37,9.25,322,76,27488,1,13,9,16,33,11,0,0,,0,0,0,0,0,0,,0,0,True,30443,2103,51,8.5,372,60,23884,0,9,13,11,31,10,1,0,TOP_LANE,1,0,1,0,0,1,HEXTECH_DRAGON,1,1
KR_6413301314,False,20710,2220,38,9.5,333,83,14679,0,8,14,9,30,12,0,0,,0,0,0,0,0,0,,0,1,True,32641,2146,50,8.333333333333334,388,75,27871,1,14,8,18,30,10,1,0,BOT_LANE,1,0,0,1,0,1,FIRE_DRAGON,2,0
KR_6414299504,True,20738,3123,34,8.5,250,95,16175,1,14,8,13,30,8,1,0,TOP_LANE,2,0,2,0,0,0,,0,1,False,32019,3349,53,8.833333333333334,456,72,37183,0,8,14,10,24,5,0,0,,0,0,0,0,0,1,FIRE_DRAGON,1,0
KR_6416842729,False,19063,4948,36,9.0,338,92,19483,0,6,18,7,28,9,0,0,,0,0,0,0,0,0,,0,1,True,33871,4546,52,8.666666666666666,418,58,31757,1,18,6,22,47,9,1,0,BOT_LANE,1,0,0,1,0,1,EARTH_DRAGON,1,0
KR_6408123901,True,20725,1150,36,9.0,340,59,21284,0,10,17,12,27,9,0,0,,0,0,0,0,0,0,,0,0,False,34682,4452,53,8.833333333333334,370,84,38006,1,17,10,16,33,11,1,0,TOP_LANE,1,0,1,0,0,0,,0,1
KR_6424094336,True,19570,2430,38,9.5,360,81,13971,1,5,5,5,36,13,0,0,,0,0,0,0,0,0,,0,0,False,27517,4522,51,8.5,392,78,22740,0,5,5,4,32,15,1,0,BOT_LANE,1,0,0,1,0,1,AIR_DRAGON,1,1
KR_6406200966,True,22177,3077,38,9.5,352,76,19363,0,9,6,20,33,12,0,0,,0,0,0,0,0,0,,0,1,False,26190,2950,48,8.0,380,64,24375,1,6,9,5,30,11,0,0,,0,0,0,0,0,1,HEXTECH_DRAGON,2,0
KR_6418314548,True,26683,3727,38,9.5,324,83,32259,1,22,15,32,30,8,1,0,TOP_LANE,1,0,1,0,0,0,,0,1,False,33649,2964,50,8.333333333333334,376,64,37753,0,15,22,22,26,9,0,0,,0,0,0,0,0,1,CHEMTECH_DRAGON,1,0
KR_6423984289,False,20232,2472,37,9.25,383,65,15222,1,5,3,5,28,10,0,0,,0,0,0,0,0,0,,0,0,True,27047,4032,53,8.833333333333334,409,97,18574,0,3,5,2,32,12,0,0,,0,0,0,0,0,1,CHEMTECH_DRAGON,1,1
KR_6419932299,False,19472,1192,37,9.25,311,84,20235,0,6,13,8,27,7,0,0,,0,0,0,0,0,0,,0,1,True,29820,3360,50,8.333333333333334,372,72,30705,1,13,6,15,219,6,0,0,,0,0,0,0,0,1,HEXTECH_DRAGON,2,0
KR_6420429527,False,21494,1834,37,9.25,350,98,17092,1,9,7,15,33,13,0,0,,0,0,0,0,0,1,FIRE_DRAGON,2,1,True,28067,3747,53,8.833333333333334,394,84,23670,0,7,9,4,28,17,0,0,,0,0,0,0,0,0,,0,0
KR_6416584754,True,28012,1597,37,9.25,339,68,32470,1,20,13,24,30,9,0,0,,2,1,0,1,0,1,CHEMTECH_DRAGON,1,1,False,30584,3695,49,8.166666666666666,309,68,34680,0,13,20,19,61,12,1,0,MID_LANE,1,1,0,0,0,0,,0,0
KR_6424358891,False,19004,1589,35,8.75,298,66,20256,1,6,13,12,30,9,0,0,,0,0,0,0,0,1,FIRE_DRAGON,1,0,True,34546,5791,53,8.833333333333334,401,77,35086,0,13,6,20,32,13,1,0,TOP_LANE,3,1,1,1,0,0,CHEMTECH_DRAGON,1,1
KR_6424434368,True,25532,3482,36,9.0,340,64,26460,1,18,8,24,21,16,1,0,BOT_LANE,1,0,0,1,0,1,WATER_DRAGON,2,1,False,29846,6001,50,8.333333333333334,393,82,28525,0,8,18,8,35,6,0,0,,0,0,0,0,0,0,,0,0
KR_6423578623,True,24420,3790,38,9.5,349,82,28684,0,14,15,10,18,6,0,0,,1,1,0,0,0,0,,0,1,False,31959,4814,50,8.333333333333334,375,51,38975,1,15,14,21,24,7,1,0,BOT_LANE,1,0,0,1,0,0,,0,0
KR_6424338235,True,23348,4198,38,9.5,361,80,25752,1,10,3,14,24,10,1,0,MID_LANE,1,1,0,0,0,0,,0,1,False,25419,3379,50,8.333333333333334,407,56,25590,0,3,10,6,39,6,0,0,,0,0,0,0,0,1,HEXTECH_DRAGON,1,0
KR_6423958606,True,20824,1019,35,8.75,308,68,18708,1,8,12,19,36,9,1,0,BOT_LANE,1,0,0,1,0,0,,0,1,False,29276,4116,51,8.5,338,71,33346,0,12,8,22,29,8,0,0,,0,0,0,0,0,1,AIR_DRAGON,2,0
KR_6421862778,False,21566,4831,37,9.25,327,92,20793,1,9,10,9,44,10,0,0,,0,0,0,0,0,1,HEXTECH_DRAGON,2,1,True,31797,3918,50,8.333333333333334,414,68,28146,0,10,9,14,29,11,1,0,BOT_LANE,2,0,1,1,0,0,,0,0
KR_6420732824,True,23105,2675,36,9.0,321,85,20438,1,12,11,11,47,7,1,0,TOP_LANE,1,0,1,0,0,1,HEXTECH_DRAGON,1,0,False,28514,4309,50,8.333333333333334,346,61,24214,0,11,12,15,24,9,0,0,,0,0,0,0,0,0,FIRE_DRAGON,1,1
KR_6423678227,True,24359,5094,35,8.75,316,62,28876,1,13,10,23,35,8,0,0,,1,1,0,0,0,1,CHEMTECH_DRAGON,1,1,False,27752,2652,47,7.833333333333333,317,53,28746,0,10,13,24,36,7,1,0,TOP_LANE,1,0,1,0,0,0,,0,0
KR_6422108328,True,23239,2459,36,9.0,332,61,23729,1,12,8,15,35,9,1,0,TOP_LANE,1,0,1,0,0,0,,0,1,False,28275,3575,50,8.333333333333334,366,75,28889,0,8,12,9,29,15,0,0,,0,0,0,0,0,1,HEXTECH_DRAGON,1,0
KR_6423959795,False,21605,3295,38,9.5,292,96,32448,1,11,15,17,24,9,0,0,,0,0,0,0,0,1,EARTH_DRAGON,1,0,True,31247,3397,52,8.666666666666666,328,75,32863,0,15,11,25,28,5,0,0,,0,0,0,0,0,0,,0,1
KR_6411573735,True,22110,3857,36,9.0,319,54,19066,0,13,7,15,35,13,0,0,,0,0,0,0,0,0,,0,1,False,26077,2126,49,8.166666666666666,302,73,33175,1,7,13,3,32,9,0,0,,0,0,0,0,0,1,CHEMTECH_DRAGON,1,0
KR_6423952053,False,21580,5600,38,9.5,373,60,22671,1,9,13,7,29,13,0,0,,0,0,0,0,0,0,,0,0,True,30562,3422,52,8.666666666666666,404,68,32194,0,13,9,14,36,12,0,0,,0,0,0,0,0,1,FIRE_DRAGON,1,1
KR_6419889991,False,17594,1079,35,8.75,226,84,17406,1,5,17,13,30,5,0,0,,0,0,0,0,0,0,,0,0,True,37395,2811,53,8.833333333333334,476,83,40610,0,17,5,21,35,7,1,0,BOT_LANE,2,0,1,1,0,1,FIRE_DRAGON,2,1
KR_6423915061,True,25380,2600,40,10.0,341,99,29030,1,14,7,17,35,8,1,0,BOT_LANE,1,0,0,1,0,0,,0,1,False,28004,1809,53,8.833333333333334,385,80,24474,0,7,14,16,32,10,0,0,,0,0,0,0,0,1,AIR_DRAGON,1,0
KR_6414797310,False,23140,3479,37,9.25,382,80,20529,0,9,11,16,35,11,0,0,,0,0,0,0,0,0,,0,1,True,30183,3848,51,8.5,410,76,28395,1,11,9,16,42,17,0,0,,0,0,0,0,0,1,AIR_DRAGON,1,0
KR_6415528578,True,22247,3612,37,9.25,307,80,24651,0,15,10,23,32,11,0,0,,0,0,0,0,0,0,,0,0,False,30342,3403,49,8.166666666666666,395,60,28593,1,10,15,9,29,6,1,0,TOP_LANE,1,0,1,0,0,1,CHEMTECH_DRAGON,2,1
KR_6419968495,False,18583,3208,35,8.75,353,75,16307,1,2,6,0,24,7,0,0,,0,0,0,0,0,0,,0,0,True,28381,3571,53,8.833333333333334,358,84,21543,0,6,2,8,37,6,1,0,BOT_LANE,1,0,0,1,0,1,CHEMTECH_DRAGON,2,1
KR_6423923317,False,20921,1386,35,8.75,328,57,22172,0,9,11,13,24,8,0,0,,0,0,0,0,0,0,,0,0,True,30373,1878,50,8.333333333333334,363,82,30798,1,11,9,13,30,5,1,0,TOP_LANE,1,0,1,0,0,0,,0,1
KR_6423673472,False,18571,1801,35,8.75,334,52,20540,1,6,8,6,41,13,0,0,,0,0,0,0,0,0,,0,1,True,28374,3819,51,8.5,382,60,25332,0,8,6,7,36,9,0,0,,0,0,0,0,0,1,HEXTECH_DRAGON,1,0
KR_6413244860,False,23539,2479,39,9.75,384,88,23932,1,9,10,8,29,13,1,0,BOT_LANE,1,0,0,1,0,1,FIRE_DRAGON,2,1,True,28808,3718,52,8.666666666666666,411,59,25840,0,10,9,10,27,11,0,0,,0,0,0,0,0,0,,0,0
KR_6424270816,True,23481,3386,40,10.0,372,84,23300,0,12,5,11,30,10,0,0,,0,0,0,0,0,0,FIRE_DRAGON,1,0,False,26413,1853,49,8.166666666666666,373,61,22373,1,5,12,8,29,13,0,0,,0,0,0,0,0,1,EARTH_DRAGON,1,1
KR_6413277561,True,23266,1756,37,9.25,350,68,15944,0,11,11,12,22,5,1,0,TOP_LANE,2,0,2,0,0,1,WATER_DRAGON,1,1,False,32707,5792,54,9.0,422,107,33526,1,11,11,10,28,12,0,0,,2,1,0,1,0,0,FIRE_DRAGON,1,0
KR_6422768526,False,20810,2475,37,9.25,333,68,24775,0,10,14,13,23,7,0,0,,0,0,0,0,0,0,,0,0,True,30640,1775,47,7.833333333333333,317,68,37880,1,14,10,27,31,6,0,0,,0,0,0,0,0,1,CHEMTECH_DRAGON,2,1
KR_6419742389,True,21512,2872,37,9.25,345,91,21348,1,8,6,6,32,7,0,0,,0,0,0,0,0,1,AIR_DRAGON,2,1,False,27835,5590,51,8.5,429,64,25735,0,6,8,5,28,12,0,0,,0,0,0,0,0,0,,0,0
KR_6418531106,False,17815,2495,35,8.75,337,58,17585,0,3,6,6,24,10,0,0,,0,0,0,0,0,0,,0,0,True,26895,5825,51,8.5,347,89,23665,1,6,3,9,75,7,0,0,,0,0,0,0,0,1,EARTH_DRAGON,1,1
KR_6419819482,True,22766,2091,35,8.75,311,68,27866,1,15,16,18,34,7,0,0,,0,0,0,0,0,1,FIRE_DRAGON,1,0,False,31286,2771,50,8.333333333333334,377,62,34237,0,16,15,21,29,11,0,0,,0,0,0,0,0,0,EARTH_DRAGON,1,1
KR_6421491386,True,23656,1756,38,9.5,353,52,22489,1,16,12,23,32,10,0,0,,0,0,0,0,0,0,FIRE_DRAGON,1,0,False,33330,6040,53,8.833333333333334,371,98,28171,0,12,16,13,31,8,1,0,TOP_LANE,3,0,1,2,0,1,HEXTECH_DRAGON,1,1
KR_6421875276,False,18087,1362,36,9.0,318,88,20153,0,4,13,3,41,8,0,0,,0,0,0,0,0,0,,0,0,True,31877,3492,55,9.166666666666666,423,76,29051,1,13,4,10,35,8,1,0,BOT_LANE,1,0,0,1,0,1,WATER_DRAGON,2,1
KR_6424374112,True,21862,2147,38,9.5,371,92,23755,0,7,9,9,33,11,1,0,BOT_LANE,1,0,0,1,0,0,EARTH_DRAGON,1,1,False,28466,3271,54,9.0,385,88,21915,1,9,7,13,27,10,0,0,,0,0,0,0,0,1,HEXTECH_DRAGON,1,0
KR_6411013396,False,20415,1855,35,8.75,347,80,17187,0,6,10,7,25,11,0,0,,0,0,0,0,0,0,,0,0,True,29682,3207,51,8.5,353,80,25915,1,10,6,16,31,6,1,0,BOT_LANE,1,0,0,1,0,1,EARTH_DRAGON,2,1
KR_6423113936,True,23531,401,37,9.25,344,86,21876,1,13,11,26,27,8,0,0,,0,0,0,0,0,0,HEXTECH_DRAGON,1,0,False,29824,1699,51,8.5,366,61,26384,0,11,13,14,30,7,1,0,TOP_LANE,1,0,1,0,0,1,EARTH_DRAGON,1,1
KR_6420696436,False,21573,1484,38,9.5,338,76,24738,0,16,17,16,35,9,0,0,,0,0,0,0,0,0,,0,0,True,34136,3526,50,8.333333333333334,370,43,45902,1,17,16,19,34,5,0,0,,0,0,0,0,0,1,EARTH_DRAGON,1,1
KR_6417284012,True,21912,2072,38,9.5,334,96,20341,0,10,4,13,32,8,0,0,,0,0,0,0,0,1,WATER_DRAGON,2,0,False,26997,2577,51,8.5,412,56,23948,1,4,10,5,30,11,0,0,,0,0,0,0,0,0,,0,1
KR_6417308036,False,21516,1316,34,8.5,313,60,27126,1,13,13,12,27,12,0,0,,0,0,0,0,0,1,WATER_DRAGON,1,0,True,31894,5829,52,8.666666666666666,363,84,42140,0,13,13,18,35,4,0,0,,0,0,0,0,0,0,FIRE_DRAGON,1,1
KR_6418608887,True,24422,3192,37,9.25,336,68,25803,1,12,7,12,51,2,1,0,BOT_LANE,2,1,0,1,0,0,,0,1,False,28937,6177,53,8.833333333333334,358,92,28795,0,7,12,7,59,9,0,0,,1,0,1,0,0,1,CHEMTECH_DRAGON,1,0
KR_6423227740,False,19561,2891,37,9.25,372,56,15731,0,6,8,7,29,12,0,0,,0,0,0,0,0,0,,0,0,True,30062,4897,53,8.833333333333334,413,120,23065,1,8,6,11,30,11,0,0,,0,0,0,0,0,1,FIRE_DRAGON,2,1
KR_6416871759,False,20444,2569,37,9.25,351,78,19905,0,4,10,4,22,14,1,0,TOP_LANE,1,0,1,0,0,1,FIRE_DRAGON,1,1,True,29047,3307,51,8.5,437,64,29133,1,10,4,13,36,11,0,0,,1,0,0,1,0,0,AIR_DRAGON,1,0
KR_6418247046,True,22762,2377,35,8.75,290,64,25576,1,17,9,21,309,11,0,0,,0,0,0,0,0,0,EARTH_DRAGON,1,1,False,29408,2418,49,8.166666666666666,359,68,34784,0,9,17,6,38,10,0,0,,0,0,0,0,0,1,CHEMTECH_DRAGON,1,0
KR_6421537792,False,21275,2355,35,8.75,297,75,22900,1,8,16,12,36,14,0,0,,0,0,0,0,0,0,,0,1,True,31631,5706,51,8.5,347,70,32991,0,16,8,21,38,13,1,0,BOT_LANE,1,0,0,1,0,1,FIRE_DRAGON,1,0
KR_6423903578,True,21109,2649,37,9.25,336,88,22261,1,10,11,13,31,10,0,0,,0,0,0,0,0,1,FIRE_DRAGON,2,1,False,28642,2912,51,8.5,379,75,26866,0,11,10,10,31,8,0,0,,0,0,0,0,0,0,,0,0
KR_6423445271,True,20136,1811,34,8.5,303,60,16873,1,10,8,15,33,11,0,0,,0,0,0,0,0,0,,0,0,False,30997,3137,50,8.333333333333334,397,80,24072,0,8,10,7,56,10,1,0,MID_LANE,2,1,1,0,0,0,,0,1
KR_6411548788,False,20405,3760,37,9.25,315,63,26426,0,12,17,12,29,15,0,0,,0,0,0,0,0,1,CHEMTECH_DRAGON,1,0,True,33393,3972,51,8.5,390,63,33071,1,17,12,17,32,8,1,0,TOP_LANE,1,0,1,0,0,0,,0,1
KR_6424242353,False,21619,2839,37,9.25,275,64,23172,0,13,14,16,26,6,0,0,,0,0,0,0,0,0,,0,1,True,32511,1901,53,8.833333333333334,395,71,41194,1,14,13,18,31,8,1,0,MID_LANE,2,1,0,1,0,1,EARTH_DRAGON,1,0
KR_6423490829,False,19170,2320,38,9.5,354,66,14200,0,6,3,5,27,14,0,0,,0,0,0,0,0,0,,0,0,True,26369,2049,50,8.333333333333334,402,72,18515,1,3,6,1,34,9,0,0,,0,0,0,0,0,1,HEXTECH_DRAGON,2,1
KR_6424011981,False,21367,2047,37,9.25,336,80,21073,1,8,10,7,60,10,0,0,,0,0,0,0,0,0,,0,0,True,29058,3183,52,8.666666666666666,355,94,29869,0,10,8,9,39,6,1,0,MID_LANE,1,1,0,0,0,1,AIR_DRAGON,1,1
KR_6421821883,True,23220,750,37,9.25,350,72,29454,0,12,8,19,32,7,1,0,BOT_LANE,1,0,0,1,0,0,HEXTECH_DRAGON,1,0,False,28011,4481,50,8.333333333333334,372,67,23956,1,8,12,11,30,10,0,0,,0,0,0,0,0,1,WATER_DRAGON,1,1
KR_6421842668,False,18994,2139,34,8.5,280,46,23367,0,8,21,10,31,8,0,0,,0,0,0,0,0,0,,0,0,True,35914,3819,53,8.833333333333334,384,64,40959,1,21,8,24,32,14,1,0,MID_LANE,4,2,1,1,0,1,EARTH_DRAGON,1,1
KR_6422761172,True,25690,3971,38,9.5,344,63,31400,1,21,7,18,63,8,0,0,,0,0,0,0,0,0,WATER_DRAGON,1,1,False,27155,3780,50,8.333333333333334,371,69,27255,0,7,21,7,25,12,0,0,,0,0,0,0,0,1,HEXTECH_DRAGON,1,0
KR_6416839437,True,23543,2443,39,9.75,364,98,23507,1,10,3,10,74,12,1,0,TOP_LANE,1,0,1,0,0,0,,0,1,False,24283,3145,48,8.0,368,81,23884,0,3,10,6,31,15,0,0,,0,0,0,0,0,1,WATER_DRAGON,1,0
KR_6423956863,False,24000,1715,36,9.0,290,72,29207,1,18,18,20,51,17,0,0,,0,0,0,0,0,1,AIR_DRAGON,1,0,True,35414,4183,51,8.5,347,55,50033,0,18,18,20,33,8,1,0,BOT_LANE,1,0,0,1,0,0,,0,1
KR_6419990837,True,24389,934,37,9.25,346,82,25364,1,18,9,21,21,12,0,0,,0,0,0,0,0,1,WATER_DRAGON,2,0,False,26954,2450,50,8.333333333333334,339,72,28211,0,9,18,11,32,5,0,0,,0,0,0,0,0,0,,0,1
KR_6418633128,True,20265,2835,36,9.0,339,84,21313,1,8,8,7,31,14,0,0,,0,0,0,0,0,1,EARTH_DRAGON,1,1,False,28052,3337,50,8.333333333333334,392,72,24782,0,8,8,10,31,11,0,0,,0,0,0,0,0,0,,0,0
KR_6419299078,True,24499,3609,39,9.75,343,66,27136,1,16,4,15,27,9,0,0,,0,0,0,0,0,1,CHEMTECH_DRAGON,2,1,False,24871,2791,49,8.166666666666666,355,62,23075,0,4,16,3,26,8,0,0,,0,0,0,0,0,0,,0,0
KR_6424355760,True,25335,2930,38,9.5,236,76,32757,0,16,15,14,52,8,0,0,,2,2,0,0,0,0,,0,1,False,31270,4855,51,8.5,405,52,37323,1,15,16,12,30,9,1,0,BOT_LANE,2,0,0,2,0,0,,0,0
KR_6423826512,False,20747,2812,38,9.5,375,83,13664,0,5,9,3,33,8,0,0,,0,0,0,0,0,0,,0,1,True,29078,3338,54,9.0,388,88,22486,1,9,5,14,29,16,0,0,,0,0,0,0,0,1,HEXTECH_DRAGON,2,0
KR_6424035479,False,18090,1235,34,8.5,266,65,10660,0,7,12,10,34,10,0,0,,1,0,1,0,0,0,,0,1,True,30778,7472,48,8.0,331,80,31299,1,12,7,9,72,14,1,0,BOT_LANE,1,0,0,1,0,1,WATER_DRAGON,2,0
KR_6419168977,True,25882,4347,39,9.75,348,76,28494,0,19,12,22,27,6,1,0,TOP_LANE,1,0,1,0,0,0,,0,0,False,29035,4250,48,8.0,342,80,28244,1,12,19,14,28,10,0,0,,0,0,0,0,0,1,FIRE_DRAGON,2,1
KR_6424285684,True,24551,5601,38,9.5,326,62,29186,0,16,9,20,23,10,1,0,BOT_LANE,1,0,0,1,0,1,AIR_DRAGON,2,1,False,28815,4460,52,8.666666666666666,354,65,32897,1,9,16,14,33,6,0,0,,0,0,0,0,0,0,,0,0
KR_6416891930,True,21356,1996,35,8.75,289,62,24469,0,14,9,22,38,8,0,0,,0,0,0,0,0,1,WATER_DRAGON,1,0,False,31579,5283,52,8.666666666666666,393,81,29248,1,9,14,9,26,6,1,0,TOP_LANE,1,0,1,0,0,0,,0,1
KR_6424391828,True,18632,3137,33,8.25,273,75,22678,0,7,13,13,44,7,0,0,,0,0,0,0,0,0,,0,0,False,31142,8147,48,8.0,351,52,32645,1,13,7,22,20,17,1,0,TOP_LANE,2,0,1,1,0,1,AIR_DRAGON,2,1
KR_6419861510,True,19851,2296,36,9.0,310,55,23613,1,10,11,10,36,8,0,0,,0,0,0,0,0,0,,0,0,False,32935,6020,49,8.166666666666666,364,72,32053,0,11,10,15,42,8,1,0,TOP_LANE,2,0,1,1,0,1,EARTH_DRAGON,1,1
KR_6421700010,True,27098,4258,37,9.25,300,64,27338,1,21,10,27,38,10,0,0,,2,0,2,0,0,0,,0,1,False,29920,2801,49,8.166666666666666,327,72,34079,0,10,21,11,40,13,1,0,BOT_LANE,1,0,0,1,0,1,HEXTECH_DRAGON,1,0
KR_6424349726,False,21703,1193,35,8.75,347,64,21796,1,7,13,8,36,9,0,0,,0,0,0,0,0,0,,0,1,True,30978,5738,52,8.666666666666666,369,84,39164,0,13,7,18,37,12,0,0,,0,0,0,0,0,1,AIR_DRAGON,1,0
KR_6424418019,False,20443,2940,35,8.75,339,67,22675,1,5,8,8,26,8,0,0,,0,0,0,0,0,1,HEXTECH_DRAGON,1,1,True,25603,3823,50,8.333333333333334,359,75,26381,0,8,5,14,26,6,0,0,,0,0,0,0,0,0,WATER_DRAGON,1,0
KR_6418368979,False,19050,3355,36,9.0,352,86,19271,0,6,10,2,39,10,0,0,,0,0,0,0,0,1,WATER_DRAGON,1,0,True,28272,2338,53,8.833333333333334,396,81,23748,1,10,6,6,29,13,0,0,,0,0,0,0,0,0,HEXTECH_DRAGON,1,1
KR_6422047981,True,23521,1346,38,9.5,362,89,24348,1,11,5,13,31,7,1,0,BOT_LANE,2,0,1,1,0,1,WATER_DRAGON,1,1,False,27590,2915,51,8.5,333,83,27703,0,5,11,4,56,7,0,0,,0,0,0,0,0,0,,0,0
KR_6422027090,False,19601,4291,36,9.0,332,64,20920,0,6,17,6,37,8,0,0,,0,0,0,0,0,1,CHEMTECH_DRAGON,1,0,True,32005,6560,50,8.333333333333334,373,84,26955,1,17,6,30,27,10,0,0,,0,0,0,0,0,0,,0,1
KR_6424139725,True,21877,1107,36,9.0,336,56,26726,1,10,5,18,39,8,0,0,,1,0,0,1,0,0,,0,0,False,27394,2234,51,8.5,345,89,23004,0,5,10,6,26,6,1,0,TOP_LANE,1,0,1,0,0,1,HEXTECH_DRAGON,2,1
KR_6420640775,False,19239,2194,36,9.0,343,56,21813,0,5,17,4,35,12,0,0,,0,0,0,0,0,1,CHEMTECH_DRAGON,1,0,True,32521,5081,53,8.833333333333334,369,74,32146,1,17,5,15,100,10,1,0,MID_LANE,1,1,0,0,0,0,,0,1
KR_6424357982,True,27379,1699,37,9.25,318,76,36017,1,22,11,27,25,4,0,0,,2,1,1,0,0,1,WATER_DRAGON,2,0,False,28812,3737,48,8.0,279,54,33973,0,11,22,22,18,3,1,0,BOT_LANE,1,0,0,1,0,0,,0,1
KR_6423948605,False,21338,1393,35,8.75,383,76,17387,0,6,10,16,31,10,0,0,,0,0,0,0,0,0,,0,1,True,30187,2892,51,8.5,410,79,23947,1,10,6,17,30,11,0,0,,0,0,0,0,0,1,CHEMTECH_DRAGON,2,0
KR_6416559145,False,21269,2114,37,9.25,357,71,21558,0,8,11,11,55,11,0,0,,0,0,0,0,0,0,,0,0,True,29787,3392,51,8.5,410,64,29261,1,11,8,14,30,8,0,0,,0,0,0,0,0,1,HEXTECH_DRAGON,1,1
KR_6421829419,False,19854,3934,34,8.5,187,66,26130,0,13,15,24,89,8,0,0,,0,0,0,0,0,0,,0,1,True,36187,3646,54,9.0,478,77,42090,1,15,13,17,31,10,1,0,TOP_LANE,1,0,1,0,0,0,,0,0
KR_6420707868,False,19381,1666,35,8.75,325,64,18623,1,6,9,6,35,11,0,0,,0,0,0,0,0,0,,0,0,True,28739,3839,52,8.666666666666666,418,72,24031,0,9,6,7,32,8,0,0,,0,0,0,0,0,1,CHEMTECH_DRAGON,2,1
KR_6416795647,True,20814,2554,36,9.0,336,76,19411,1,7,8,8,33,16,1,0,TOP_LANE,1,0,1,0,0,0,EARTH_DRAGON,1,1,False,27048,3213,50,8.333333333333334,362,84,23959,0,8,7,12,72,12,0,0,,0,0,0,0,0,1,FIRE_DRAGON,1,0
KR_6421531877,True,26975,3510,37,9.25,312,60,34028,1,21,9,31,31,8,1,0,MID_LANE,1,1,0,0,0,0,CHEMTECH_DRAGON,1,1,False,29043,4113,50,8.333333333333334,337,67,27209,0,9,21,18,33,7,0,0,,0,0,0,0,0,1,HEXTECH_DRAGON,1,0
KR_6422029798,False,19900,3555,37,9.25,343,72,22358,0,6,10,10,65,8,0,0,,0,0,0,0,0,0,,0,0,True,29353,5078,53,8.833333333333334,389,76,31859,1,10,6,6,37,22,0,0,,0,0,0,0,0,1,WATER_DRAGON,1,1
KR_6423708798,True,24564,439,36,9.0,325,76,27660,1,13,9,12,26,9,0,0,,0,0,0,0,0,0,,0,1,False,26937,5862,50,8.333333333333334,348,67,24287,0,9,13,16,29,8,0,0,,0,0,0,0,0,1,FIRE_DRAGON,1,0
KR_6423845034,True,17456,1235,30,7.5,186,72,21391,1,5,11,5,27,12,1,0,BOT_LANE,1,0,0,1,0,1,FIRE_DRAGON,2,1,False,32159,1139,55,9.166666666666666,521,72,20880,0,11,5,9,37,12,0,0,,0,0,0,0,0,0,,0,0
KR_6424317033,True,22740,1240,37,9.25,322,70,23603,0,13,11,8,34,15,0,0,,0,0,0,0,0,1,CHEMTECH_DRAGON,1,1,False,27836,3042,51,8.5,340,70,25408,1,11,13,9,40,8,1,0,BOT_LANE,1,0,0,1,0,0,,0,0
KR_6419799072,True,23390,2940,38,9.5,343,76,24143,1,13,5,21,28,9,1,0,BOT_LANE,1,0,0,1,0,1,CHEMTECH_DRAGON,2,1,False,27288,3203,51,8.5,367,76,25197,0,5,13,7,30,5,0,0,,0,0,0,0,0,0,,0,0
KR_6424366710,False,25972,2517,38,9.5,324,60,27515,0,17,14,17,22,12,1,0,BOT_LANE,2,1,0,1,0,0,,0,1,True,31112,2112,49,8.166666666666666,339,72,39295,1,14,17,23,45,7,0,0,,0,0,0,0,0,1,AIR_DRAGON,1,0
KR_6415360856,True,23960,2860,40,10.0,361,88,22714,1,16,3,18,31,13,0,0,,0,0,0,0,0,1,WATER_DRAGON,2,1,False,26334,4374,49,8.166666666666666,375,88,23035,0,3,16,2,34,14,1,0,MID_LANE,1,1,0,0,0,0,,0,0
KR_6421753683,False,20002,4117,38,9.5,385,79,25290,0,4,8,8,35,11,0,0,,0,0,0,0,0,0,CHEMTECH_DRAGON,1,0,True,28547,2757,51,8.5,423,76,28756,1,8,4,6,30,10,0,0,,0,0,0,0,0,1,WATER_DRAGON,1,1
KR_6416931865,False,21543,1463,34,8.5,260,62,16478,1,10,13,10,36,10,0,0,,0,0,0,0,0,0,,0,1,True,31291,3456,54,9.0,451,72,31896,0,13,10,12,49,11,0,0,,0,0,0,0,0,1,WATER_DRAGON,2,0
KR_6423886261,False,21467,1662,34,8.5,331,61,23223,0,10,21,8,33,9,0,0,,0,0,0,0,0,0,,0,0,True,35104,4699,53,8.833333333333334,365,64,35422,1,21,10,22,31,9,1,0,MID_LANE,1,1,0,0,0,1,WATER_DRAGON,2,1
KR_6414750978,True,23153,4183,39,9.75,348,76,25825,0,11,3,17,33,8,1,0,BOT_LANE,1,0,0,1,0,1,WATER_DRAGON,2,1,False,26817,3077,51,8.5,400,104,26954,1,3,11,5,25,9,0,0,,0,0,0,0,0,0,,0,0
KR_6424409779,True,20400,3579,37,9.25,354,80,25208,0,8,9,8,35,9,0,0,,0,0,0,0,0,1,EARTH_DRAGON,1,0,False,29237,4112,52,8.666666666666666,408,76,31082,1,9,8,9,31,7,0,0,,0,0,0,0,0,0,,0,1
KR_6424337511,False,17991,2976,33,8.25,308,68,17011,0,4,14,4,37,8,0,0,,0,0,0,0,0,0,,0,0,True,33818,4658,54,9.0,422,82,33193,1,14,4,9,32,15,1,0,MID_LANE,3,2,0,1,0,1,HEXTECH_DRAGON,1,1
KR_6416625178,True,22502,2877,36,9.0,309,73,21654,0,12,9,9,34,12,0,0,,0,0,0,0,0,0,,0,1,False,30401,2551,52,8.666666666666666,397,74,32067,1,9,12,7,38,7,1,0,TOP_LANE,1,0,1,0,0,1,FIRE_DRAGON,1,0
KR_6424303928,False,21055,2270,37,9.25,305,70,22503,0,10,9,14,28,13,0,0,,0,0,0,0,0,1,AIR_DRAGON,1,1,True,30925,4677,53,8.833333333333334,421,71,26895,1,9,10,9,36,6,1,0,TOP_LANE,1,0,1,0,0,0,,0,0
KR_6419156860,True,22262,2827,37,9.25,342,79,21268,1,8,6,8,26,11,0,0,,0,0,0,0,0,1,EARTH_DRAGON,1,1,False,25838,4853,48,8.0,365,72,18012,0,6,8,7,66,6,0,0,,0,0,0,0,0,0,WATER_DRAGON,1,0
KR_6421688210,False,20755,4675,38,9.5,320,80,23760,0,8,4,16,33,5,0,0,,0,0,0,0,0,1,WATER_DRAGON,2,1,True,26458,2663,51,8.5,407,71,27503,1,4,8,7,21,10,0,0,,0,0,0,0,0,0,,0,0
KR_6423890674,False,22068,1673,36,9.0,303,58,23705,1,12,18,13,19,3,0,0,,0,0,0,0,0,0,,0,0,True,35104,1914,53,8.833333333333334,377,93,34459,0,18,12,18,28,4,1,0,MID_LANE,4,2,1,1,0,1,EARTH_DRAGON,1,1
KR_6423913983,False,19738,318,38,9.5,317,75,18751,0,10,9,11,90,11,0,0,,0,0,0,0,0,0,,0,0,True,31373,5183,54,9.0,367,88,31606,1,9,10,8,99,15,1,0,MID_LANE,1,1,0,0,0,1,WATER_DRAGON,1,1
KR_6420213105,True,21920,1765,35,8.75,351,56,19695,1,8,11,11,27,11,1,0,BOT_LANE,1,0,0,1,0,0,FIRE_DRAGON,1,0,False,30964,3775,49,8.166666666666666,340,88,25813,0,11,8,20,36,11,0,0,,0,0,0,0,0,1,EARTH_DRAGON,1,1
KR_6423395852,True,24053,4013,38,9.5,332,75,23852,1,9,12,8,27,13,1,0,TOP_LANE,2,0,1,1,0,0,,0,1,False,29482,5467,51,8.5,377,64,32607,0,12,9,19,31,12,0,0,,1,0,0,1,0,1,FIRE_DRAGON,1,0
KR_6419903915,False,18713,2258,35,8.75,322,67,22022,0,5,12,7,33,12,0,0,,0,0,0,0,0,0,,0,0,True,32669,5819,54,9.0,430,90,32545,1,12,5,11,32,18,1,0,TOP_LANE,2,1,1,0,0,1,AIR_DRAGON,2,1
KR_6423947485,True,21674,2834,38,9.5,347,80,17748,1,8,7,10,31,19,0,0,,0,0,0,0,0,0,,0,1,False,27430,6831,51,8.5,390,87,23271,0,7,8,5,63,10,0,0,,0,0,0,0,0,1,AIR_DRAGON,1,0
KR_6422876116,True,23695,3370,37,9.25,303,68,19601,1,14,7,14,34,8,1,0,BOT_LANE,1,0,0,1,0,1,FIRE_DRAGON,1,1,False,28683,2124,50,8.333333333333334,383,66,26369,0,7,14,12,36,9,0,0,,0,0,0,0,0,0,,0,0
KR_6415828881,False,19405,1230,37,9.25,342,65,21426,0,8,14,6,31,6,0,0,,0,0,0,0,0,1,EARTH_DRAGON,1,0,True,31567,1717,51,8.5,384,60,31310,1,14,8,19,29,9,0,0,,0,0,0,0,0,0,,0,1
KR_6421019643,False,19545,625,36,9.0,342,80,20157,0,7,4,13,28,17,0,0,,0,0,0,0,0,0,AIR_DRAGON,1,0,True,26335,2010,50,8.333333333333334,385,55,27073,1,4,7,6,47,15,0,0,,0,0,0,0,0,1,WATER_DRAGON,1,1
KR_6419256265,False,21201,1276,35,8.75,281,67,29633,0,13,17,14,52,5,0,0,,0,0,0,0,0,0,,0,0,True,30977,2412,49,8.166666666666666,326,88,31949,1,17,13,19,25,8,1,0,BOT_LANE,1,0,0,1,0,1,EARTH_DRAGON,1,1
KR_6424381173,True,23739,1739,35,8.75,332,64,29233,0,14,11,24,32,8,0,0,,0,0,0,0,0,0,,0,0,False,29746,6941,49,8.166666666666666,329,62,27497,1,11,14,9,38,6,1,0,TOP_LANE,2,0,1,1,0,1,WATER_DRAGON,1,1
KR_6417549141,True,20253,2038,36,9.0,324,75,17751,0,9,7,11,30,5,0,0,,0,0,0,0,0,1,EARTH_DRAGON,1,0,False,29949,4804,50,8.333333333333334,424,60,25614,1,7,9,7,21,8,1,0,TOP_LANE,1,0,1,0,0,0,,0,1
KR_6423721793,True,24529,3694,39,9.75,327,104,31503,0,18,6,27,23,9,0,0,,0,0,0,0,0,1,WATER_DRAGON,2,0,False,27060,3800,49,8.166666666666666,361,68,25588,1,6,18,5,17,8,0,0,,0,0,0,0,0,0,,0,1
KR_6415952675,True,22372,1082,37,9.25,323,78,21522,1,12,6,23,28,13,0,0,,0,0,0,0,0,1,AIR_DRAGON,1,1,False,27149,3829,48,8.0,368,84,25907,0,6,12,8,31,8,0,0,,0,0,0,0,0,0,,0,0
KR_6421580298,True,23636,2911,39,9.75,352,88,25486,1,12,8,11,21,5,0,0,,1,0,0,1,0,1,CHEMTECH_DRAGON,1,0,False,30878,2674,51,8.5,391,56,27215,0,8,12,9,30,8,1,0,TOP_LANE,3,0,3,0,0,0,,0,1
KR_6423552732,False,19860,2810,35,8.75,308,72,22932,0,8,18,14,25,13,0,0,,0,0,0,0,0,0,,0,0,True,35021,3611,52,8.666666666666666,389,67,32410,1,18,8,24,65,10,1,0,TOP_LANE,1,0,1,0,0,1,CHEMTECH_DRAGON,2,1
KR_6422605513,True,26568,2153,37,9.25,316,65,29113,0,19,14,27,29,8,1,0,BOT_LANE,1,0,0,1,0,0,,0,0,False,29681,3901,50,8.333333333333334,293,68,37434,1,14,19,17,30,9,0,0,,0,0,0,0,0,1,AIR_DRAGON,2,1
KR_6421248136,False,20057,2492,36,9.0,349,80,19137,0,4,6,2,30,8,0,0,,0,0,0,0,0,1,EARTH_DRAGON,1,1,True,25341,3306,50,8.333333333333334,363,70,22618,1,6,4,10,44,8,0,0,,0,0,0,0,0,0,FIRE_DRAGON,1,0
KR_6419876878,False,19875,4380,36,9.0,366,75,18670,0,3,6,6,35,18,0,0,,0,0,0,0,0,0,,0,1,True,27706,5091,50,8.333333333333334,423,77,19123,1,6,3,10,63,14,0,0,,0,0,0,0,0,1,WATER_DRAGON,2,0
KR_6424430626,False,18303,3058,34,8.5,243,76,18261,1,7,10,9,29,9,0,0,,0,0,0,0,0,0,,0,1,True,30437,4267,54,9.0,395,96,35135,0,10,7,19,28,6,0,0,,0,0,0,0,0,1,WATER_DRAGON,1,0
KR_6423936320,False,18249,2479,35,8.75,351,81,14828,0,1,9,2,38,12,0,0,,0,0,0,0,0,0,,0,0,True,30903,3958,53,8.833333333333334,422,86,24467,1,9,1,14,33,9,1,0,BOT_LANE,2,1,0,1,0,1,AIR_DRAGON,2,1
KR_6423790908,True,22655,2870,37,9.25,350,58,22647,1,13,9,12,35,13,0,0,,0,0,0,0,0,1,EARTH_DRAGON,1,0,False,29212,4187,49,8.166666666666666,357,94,30734,0,9,13,13,34,15,1,0,BOT_LANE,1,0,0,1,0,0,,0,1
KR_6424021089,True,27652,9347,37,9.25,359,69,27345,1,16,8,24,53,8,1,0,BOT_LANE,3,1,1,1,0,0,,0,1,False,29490,2245,46,7.666666666666667,311,54,29521,0,8,16,15,22,7,0,0,,1,0,1,0,0,1,EARTH_DRAGON,1,0
KR_6423996021,False,18069,2274,35,8.75,339,68,16359,0,1,16,1,35,6,0,0,,0,0,0,0,0,0,,0,0,True,31810,4715,52,8.666666666666666,402,96,30141,1,16,1,15,33,11,1,0,BOT_LANE,1,0,0,1,0,1,EARTH_DRAGON,2,1
KR_6424014063,True,20874,3239,37,9.25,328,78,22882,0,10,7,11,34,6,0,0,,0,0,0,0,0,0,CHEMTECH_DRAGON,1,0,False,26750,2330,50,8.333333333333334,356,81,21090,1,7,10,7,26,8,0,0,,0,0,0,0,0,1,AIR_DRAGON,1,1
KR_6424461221,True,23033,3238,37,9.25,342,80,19260,1,9,3,12,41,7,1,0,BOT_LANE,2,0,0,2,0,1,AIR_DRAGON,2,1,False,27251,2232,51,8.5,401,72,19498,0,3,9,2,24,15,0,0,,0,0,0,0,0,0,,0,0
KR_6424018039,True,23186,5201,38,9.5,364,88,18868,1,11,9,12,30,13,0,0,,0,0,0,0,0,1,FIRE_DRAGON,1,1,False,28969,3184,53,8.833333333333334,356,68,25600,0,9,11,13,28,9,0,0,,0,0,0,0,0,0,,0,0
KR_6416672259,True,20731,2701,36,9.0,386,69,14623,1,5,4,5,37,17,1,0,TOP_LANE,1,0,1,0,0,1,AIR_DRAGON,1,1,False,26442,6467,50,8.333333333333334,371,75,20252,0,4,5,3,36,19,0,0,,0,0,0,0,0,0,WATER_DRAGON,1,0
KR_6423917299,False,20600,2750,36,9.0,364,64,17805,0,6,9,8,28,6,0,0,,0,0,0,0,0,0,,0,0,True,30042,4947,53,8.833333333333334,400,76,29612,1,9,6,6,28,10,0,0,,0,0,0,0,0,1,AIR_DRAGON,2,1
KR_6415587516,True,22095,880,36,9.0,340,76,27395,1,11,8,16,53,5,0,0,,0,0,0,0,0,0,,0,1,False,29446,2411,53,8.833333333333334,384,64,36780,0,8,11,10,25,6,0,0,,0,0,0,0,0,0,,0,0
KR_6421742832,True,23504,2494,38,9.5,388,64,23867,0,10,6,13,77,12,1,0,BOT_LANE,1,0,0,1,0,1,HEXTECH_DRAGON,1,1,False,26189,3104,51,8.5,336,83,20384,1,6,10,8,42,26,0,0,,0,0,0,0,0,0,EARTH_DRAGON,1,0
KR_6415770457,False,19780,2285,33,8.25,268,68,24818,0,9,14,13,32,8,0,0,,0,0,0,0,0,0,,0,0,True,31475,2495,53,8.833333333333334,386,80,31533,1,14,9,11,24,2,1,0,MID_LANE,1,1,0,0,0,1,FIRE_DRAGON,1,1
KR_6423080042,False,20655,2100,34,8.5,327,60,20428,0,10,19,12,26,6,0,0,,0,0,0,0,0,0,,0,0,True,36098,4177,53,8.833333333333334,358,79,36636,1,19,10,18,26,7,1,0,MID_LANE,2,1,1,0,0,1,WATER_DRAGON,1,1
KR_6418769705,False,23457,572,37,9.25,331,68,17669,0,11,11,14,24,8,0,0,,1,0,1,0,0,0,,0,1,True,30375,3175,50,8.333333333333334,371,76,26924,1,11,11,24,41,6,1,0,BOT_LANE,1,0,0,1,0,1,FIRE_DRAGON,1,0
KR_6424452079,False,20671,2076,34,8.5,307,68,24257,0,10,12,14,31,12,0,0,,0,0,0,0,0,0,,0,1,True,30605,5355,50,8.333333333333334,364,64,25699,1,12,10,15,36,11,1,0,BOT_LANE,2,0,0,2,0,1,FIRE_DRAGON,1,0
KR_6424437440,False,19944,3929,37,9.25,342,79,18413,0,6,15,5,30,5,0,0,,0,0,0,0,0,0,,0,0,True,31017,2042,51,8.5,402,85,33413,1,15,6,12,26,11,1,0,MID_LANE,1,1,0,0,0,1,CHEMTECH_DRAGON,2,1
KR_6414769642,False,18720,1585,35,8.75,298,79,19268,0,6,20,7,34,4,0,0,,0,0,0,0,0,0,,0,0,True,34014,5294,53,8.833333333333334,348,73,42564,1,20,6,30,29,11,0,0,,0,0,0,0,0,1,WATER_DRAGON,2,1
KR_6424390722,False,19999,1739,36,9.0,332,64,18946,0,7,10,11,32,10,0,0,,0,0,0,0,0,0,,0,0,True,31264,3409,54,9.0,386,84,27411,1,10,7,14,50,11,1,0,BOT_LANE,2,1,0,1,0,1,EARTH_DRAGON,2,1
KR_6423950476,False,21721,3216,35,8.75,343,64,20461,1,8,12,10,28,13,1,0,TOP_LANE,1,0,1,0,0,0,,0,0,True,28677,4097,50,8.333333333333334,336,87,31660,0,12,8,10,73,9,0,0,,0,0,0,0,0,1,CHEMTECH_DRAGON,1,1
KR_6411311062,False,19336,3251,37,9.25,363,76,24694,0,5,7,11,32,8,0,0,,0,0,0,0,0,0,,0,0,True,27817,2238,52,8.666666666666666,388,72,20378,1,7,5,10,33,11,0,0,,0,0,0,0,0,1,CHEMTECH_DRAGON,1,1
KR_6423937694,False,21882,4777,35,8.75,319,70,23609,1,11,6,13,38,9,1,0,MID_LANE,1,1,0,0,0,0,,0,1,True,28243,2789,51,8.5,383,72,23742,0,6,11,6,31,14,0,0,,0,0,0,0,0,1,CHEMTECH_DRAGON,1,0
KR_6424351818,True,24767,2632,37,9.25,302,71,26198,1,21,10,37,31,9,1,0,BOT_LANE,1,0,0,1,0,1,EARTH_DRAGON,2,0,False,30694,3764,50,8.333333333333334,334,67,25984,0,10,21,14,27,8,0,0,,0,0,0,0,0,0,,0,1
KR_6421654800,True,23836,2441,37,9.25,334,64,25621,1,13,9,14,27,7,1,0,TOP_LANE,2,0,2,0,0,0,,0,1,False,28457,2403,49,8.166666666666666,361,76,30747,0,9,13,14,31,9,0,0,,0,0,0,0,0,0,,0,0
KR_6416448806,False,23781,1696,37,9.25,334,76,29729,0,18,13,23,29,5,0,0,,0,0,0,0,0,0,WATER_DRAGON,1,0,True,31697,5267,50,8.333333333333334,366,70,36656,1,13,18,13,30,5,1,0,MID_LANE,1,1,0,0,0,1,CHEMTECH_DRAGON,1,1
KR_6424398053,False,22631,2651,37,9.25,329,88,24400,1,12,10,12,39,7,0,0,,0,0,0,0,0,0,HEXTECH_DRAGON,1,1,True,28457,4087,53,8.833333333333334,379,76,26415,0,10,12,7,26,8,1,0,TOP_LANE,1,0,1,0,0,1,EARTH_DRAGON,1,0
KR_6424223659,False,22139,3854,37,9.25,337,88,25471,1,9,7,7,30,5,0,0,,0,0,0,0,0,0,,0,1,True,27667,2912,53,8.833333333333334,404,87,22755,0,7,9,4,25,9,0,0,,0,0,0,0,0,1,EARTH_DRAGON,1,0
KR_6424428209,False,22446,3081,36,9.0,308,70,22317,1,10,12,10,56,8,1,0,TOP_LANE,1,0,1,0,0,0,,0,1,True,30275,4360,52,8.666666666666666,363,93,32602,0,12,10,17,30,13,0,0,,0,0,0,0,0,1,AIR_DRAGON,2,0
KR_6418168934,True,23013,2088,38,9.5,343,77,24553,0,14,4,15,76,17,1,0,BOT_LANE,1,0,0,1,0,1,FIRE_DRAGON,1,1,False,28199,2839,51,8.5,402,79,31310,1,4,14,5,34,7,0,0,,0,0,0,0,0,0,,0,0
KR_6424301220,False,20830,3740,37,9.25,341,53,26220,0,10,21,14,29,14,0,0,,0,0,0,0,0,0,,0,0,True,34859,3745,54,9.0,409,72,39985,1,21,10,25,33,9,1,0,BOT_LANE,1,0,0,1,0,1,CHEMTECH_DRAGON,1,1
KR_6419956438,False,20705,2910,36,9.0,365,60,16617,0,3,13,5,29,5,1,0,TOP_LANE,1,0,1,0,0,0,,0,0,True,29242,3102,50,8.333333333333334,341,60,27909,1,13,3,16,32,7,0,0,,0,0,0,0,0,1,HEXTECH_DRAGON,1,1
KR_6415580339,False,19229,2659,37,9.25,385,92,19981,0,0,8,0,30,10,0,0,,0,0,0,0,0,0,,0,1,True,28104,2254,51,8.5,419,80,23210,1,8,0,12,40,8,1,0,BOT_LANE,1,0,0,1,0,1,EARTH_DRAGON,2,0
KR_6423923791,False,22503,1793,37,9.25,343,69,14238,0,7,15,8,30,8,1,0,TOP_LANE,1,0,1,0,0,0,,0,1,True,31539,4324,49,8.166666666666666,366,97,28311,1,15,7,23,34,10,0,0,,1,0,0,1,0,1,CHEMTECH_DRAGON,2,0
KR_6416866244,True,27857,3337,39,9.75,376,74,31422,1,18,8,15,56,11,1,0,MID_LANE,2,1,0,1,0,1,AIR_DRAGON,1,0,False,27801,2251,49,8.166666666666666,310,68,36008,0,8,18,14,31,8,0,0,,1,0,1,0,0,0,,0,1
KR_6423980719,True,24346,3251,36,9.0,309,68,23849,1,15,9,17,44,6,1,0,MID_LANE,1,1,0,0,0,1,HEXTECH_DRAGON,1,1,False,29460,2240,51,8.5,378,68,25644,0,9,15,9,24,10,0,0,,1,1,0,0,0,0,,0,0
KR_6407820622,False,20025,70,35,8.75,307,64,19122,1,9,11,9,26,12,0,0,,0,0,0,0,0,0,,0,0,True,31146,4296,53,8.833333333333334,371,72,37798,0,11,9,19,38,9,1,0,MID_LANE,1,1,0,0,0,1,AIR_DRAGON,1,1
KR_6424371873,True,24280,3762,39,9.75,368,79,27876,1,12,6,12,41,12,1,0,BOT_LANE,1,0,0,1,0,1,FIRE_DRAGON,1,1,False,28381,2581,51,8.5,416,69,19880,0,6,12,9,35,12,0,0,,1,1,0,0,0,0,,0,0
KR_6424229397,True,22498,3358,37,9.25,320,76,21721,0,13,14,13,29,9,0,0,,0,0,0,0,0,0,,0,1,False,31932,2682,53,8.833333333333334,368,79,32514,1,14,13,17,57,9,1,0,BOT_LANE,1,0,0,1,0,1,FIRE_DRAGON,1,0
KR_6423909710,False,17951,1266,34,8.5,303,59,19812,1,4,16,4,25,4,0,0,,0,0,0,0,0,0,,0,0,True,34057,5872,54,9.0,398,91,36274,0,16,4,12,34,11,1,0,MID_LANE,2,1,1,0,0,1,WATER_DRAGON,2,1
